relationship_id,from_entity,relationship_type,to_entity,confidence,provenance_package,provenance_dataset,provenance_row_id,derived_at,notes
vwr:000001,vw:district:adilabad,LOCATED_IN,vw:state:telangana,88,Package001_Geography,district.csv,a0248e18-5e38-4b14-8c0b-dfa7105971dd,2026-08-28,
vwr:000002,vw:district:kumuram-bheem-asifabad,LOCATED_IN,vw:state:telangana,88,Package001_Geography,district.csv,5eedf97f-f311-4ec9-ac9e-03da47fde723,2026-08-28,
vwr:000003,vw:district:mancherial,LOCATED_IN,vw:state:telangana,88,Package001_Geography,district.csv,24e7d017-1120-4f39-b6e3-8eb6c8f93e82,2026-08-28,
vwr:000004,vw:district:nirmal,LOCATED_IN,vw:state:telangana,88,Package001_Geography,district.csv,1b1a69fd-b7d2-4547-9898-fef4ae0f28ec,2026-08-28,
vwr:000005,vw:district:nizamabad,LOCATED_IN,vw:state:telangana,88,Package001_Geography,district.csv,b6fb561d-e551-4b7a-b15b-6f81e5a3ec20,2026-08-28,
vwr:000006,vw:district:jagtial,LOCATED_IN,vw:state:telangana,88,Package001_Geography,district.csv,3606f526-a8fe-4eee-892c-ca996b59b03e,2026-08-28,
vwr:000007,vw:district:peddapalli,LOCATED_IN,vw:state:telangana,88,Package001_Geography,district.csv,e17d2fa9-1dfa-4d56-83d5-9f962d6e3469,2026-08-28,
vwr:000008,vw:district:kamareddy,LOCATED_IN,vw:state:telangana,88,Package001_Geography,district.csv,e08443e2-2ae2-4e3b-a41d-68c06063d269,2026-08-28,
vwr:000009,vw:district:rajanna-sircilla,LOCATED_IN,vw:state:telangana,88,Package001_Geography,district.csv,165eaf89-5d17-4efa-b5d8-6909d8f0e84f,2026-08-28,
vwr:000010,vw:district:karimnagar,LOCATED_IN,vw:state:telangana,88,Package001_Geography,district.csv,086394be-1e67-4761-a069-e9d2dd6f7bd0,2026-08-28,
vwr:000011,vw:district:jayashankar-bhupalpally,LOCATED_IN,vw:state:telangana,88,Package001_Geography,district.csv,9fed3cf2-18e0-4c2d-9355-80d3b34b1ebd,2026-08-28,
vwr:000012,vw:district:sangareddy,LOCATED_IN,vw:state:telangana,88,Package001_Geography,district.csv,13bb4a71-c81b-4eb8-8d27-59bf21d96c85,2026-08-28,
vwr:000013,vw:district:medak,LOCATED_IN,vw:state:telangana,88,Package001_Geography,district.csv,3a1a968d-5bd8-433b-8b99-5d2b04b69269,2026-08-28,
vwr:000014,vw:district:siddipet,LOCATED_IN,vw:state:telangana,88,Package001_Geography,district.csv,d764f4a1-46b2-4a6b-915a-a39fda0a4cb5,2026-08-28,
vwr:000015,vw:district:jangaon,LOCATED_IN,vw:state:telangana,88,Package001_Geography,district.csv,681ac702-6fec-4db9-bac5-1e06183fa4ed,2026-08-28,
vwr:000016,vw:district:hanumakonda,LOCATED_IN,vw:state:telangana,88,Package001_Geography,district.csv,b53a2b5f-f3fe-4b18-82ee-893431e3579c,2026-08-28,
vwr:000017,vw:district:warangal,LOCATED_IN,vw:state:telangana,88,Package001_Geography,district.csv,479e0ee3-c2bf-404c-b3fa-f3bc106aff50,2026-08-28,
vwr:000018,vw:district:mulugu,LOCATED_IN,vw:state:telangana,88,Package001_Geography,district.csv,ab5c6cd0-4983-46bb-8ca1-18ec2e543843,2026-08-28,
vwr:000019,vw:district:bhadradri-kothagudem,LOCATED_IN,vw:state:telangana,88,Package001_Geography,district.csv,71ae6871-0548-4995-8bdc-82ffb8894157,2026-08-28,
vwr:000020,vw:district:khammam,LOCATED_IN,vw:state:telangana,88,Package001_Geography,district.csv,be21fb05-1905-4012-b551-90e8d2d8eddb,2026-08-28,
vwr:000021,vw:district:mahabubabad,LOCATED_IN,vw:state:telangana,88,Package001_Geography,district.csv,7abca5e0-8c8c-4ad9-9557-8765700d9b92,2026-08-28,
vwr:000022,vw:district:suryapet,LOCATED_IN,vw:state:telangana,88,Package001_Geography,district.csv,031f932a-8114-46ad-8b13-854d1bb0cc75,2026-08-28,
vwr:000023,vw:district:nalgonda,LOCATED_IN,vw:state:telangana,88,Package001_Geography,district.csv,0cb70c34-070b-4d0b-904a-562214df7d76,2026-08-28,
vwr:000024,vw:district:yadadri-bhuvanagiri,LOCATED_IN,vw:state:telangana,88,Package001_Geography,district.csv,81165142-90a8-4e0f-9ea2-dbbe6eff1702,2026-08-28,
vwr:000025,vw:district:medchal-malkajgiri,LOCATED_IN,vw:state:telangana,88,Package001_Geography,district.csv,26232aa3-0bcb-4082-93dd-724331f31f8a,2026-08-28,
vwr:000026,vw:district:hyderabad,LOCATED_IN,vw:state:telangana,88,Package001_Geography,district.csv,3047ff5d-7947-489e-9b85-74ba0197be66,2026-08-28,
vwr:000027,vw:district:ranga-reddy,LOCATED_IN,vw:state:telangana,88,Package001_Geography,district.csv,d5eb8f6c-0a30-482b-a66b-b71ef0807c3d,2026-08-28,
vwr:000028,vw:district:vikarabad,LOCATED_IN,vw:state:telangana,88,Package001_Geography,district.csv,2f88f1aa-4e27-42e9-b163-09372b546552,2026-08-28,
vwr:000029,vw:district:narayanpet,LOCATED_IN,vw:state:telangana,88,Package001_Geography,district.csv,ad8a2cd7-e5a2-478a-88cc-c53c24d06f7e,2026-08-28,
vwr:000030,vw:district:mahabubnagar,LOCATED_IN,vw:state:telangana,88,Package001_Geography,district.csv,a762e29d-b3f4-4049-8eab-482792b30100,2026-08-28,
vwr:000031,vw:district:nagarkurnool,LOCATED_IN,vw:state:telangana,88,Package001_Geography,district.csv,37adc172-0f7b-4669-a8dc-303cff89b502,2026-08-28,
vwr:000032,vw:district:wanaparthy,LOCATED_IN,vw:state:telangana,88,Package001_Geography,district.csv,88ed3461-7af3-47c0-8dba-1fd58bcdb4f4,2026-08-28,
vwr:000033,vw:district:jogulamba-gadwal,LOCATED_IN,vw:state:telangana,88,Package001_Geography,district.csv,9cce7f5b-ce3f-4bb0-87c4-32567b1198a4,2026-08-28,
vwr:000034,vw:district:srikakulam,LOCATED_IN,vw:state:andhra-pradesh,75,Package001_Geography,district.csv,709ae67e-2e80-4ff2-9457-def43c3a75df,2026-08-28,
vwr:000035,vw:district:parvathipuram-manyam,LOCATED_IN,vw:state:andhra-pradesh,75,Package001_Geography,district.csv,f49867e4-4272-4e38-9918-7da19fc95b32,2026-08-28,
vwr:000036,vw:district:vizianagaram,LOCATED_IN,vw:state:andhra-pradesh,75,Package001_Geography,district.csv,473e5bdb-d08a-4873-9942-d3fe0fb907f6,2026-08-28,
vwr:000037,vw:district:visakhapatnam,LOCATED_IN,vw:state:andhra-pradesh,75,Package001_Geography,district.csv,88e201e0-7157-42e7-8c49-78dd22d1e70c,2026-08-28,
vwr:000038,vw:district:alluri-sitharama-raju,LOCATED_IN,vw:state:andhra-pradesh,75,Package001_Geography,district.csv,e2766aff-1f71-4401-93ba-4ba8bc3d8ab6,2026-08-28,
vwr:000039,vw:district:anakapalli,LOCATED_IN,vw:state:andhra-pradesh,75,Package001_Geography,district.csv,43940937-d49d-46bc-bf31-336bdb8d0072,2026-08-28,
vwr:000040,vw:district:polavaram,LOCATED_IN,vw:state:andhra-pradesh,55,Package001_Geography,district.csv,10ba356d-0289-482f-bc5d-55ee7adfa9c8,2026-08-28,
vwr:000041,vw:district:kakinada,LOCATED_IN,vw:state:andhra-pradesh,75,Package001_Geography,district.csv,160b4158-b8e3-4f38-ba85-0f9de408b39d,2026-08-28,
vwr:000042,vw:district:east-godavari,LOCATED_IN,vw:state:andhra-pradesh,75,Package001_Geography,district.csv,3f5f2e8a-a13d-4889-a0d0-8f558d20c245,2026-08-28,
vwr:000043,vw:district:dr-b-r-ambedkar-konaseema,LOCATED_IN,vw:state:andhra-pradesh,75,Package001_Geography,district.csv,a4804fbb-e644-4101-ae56-95195a25c3d9,2026-08-28,
vwr:000044,vw:district:eluru,LOCATED_IN,vw:state:andhra-pradesh,75,Package001_Geography,district.csv,652ea484-ad9d-4056-8cbf-283b982cfd01,2026-08-28,
vwr:000045,vw:district:west-godavari,LOCATED_IN,vw:state:andhra-pradesh,75,Package001_Geography,district.csv,29b87be3-4ff3-4325-87aa-d47a52501239,2026-08-28,
vwr:000046,vw:district:ntr,LOCATED_IN,vw:state:andhra-pradesh,75,Package001_Geography,district.csv,1cb600af-8640-465f-a1ab-cfcdbd38c7db,2026-08-28,
vwr:000047,vw:district:krishna,LOCATED_IN,vw:state:andhra-pradesh,75,Package001_Geography,district.csv,71aa6838-7eb7-4a91-b09f-ccf59cffa4fb,2026-08-28,
vwr:000048,vw:district:palnadu,LOCATED_IN,vw:state:andhra-pradesh,75,Package001_Geography,district.csv,a78da0a5-99d5-4729-a7f5-f6972fb28978,2026-08-28,
vwr:000049,vw:district:guntur,LOCATED_IN,vw:state:andhra-pradesh,75,Package001_Geography,district.csv,d5299947-775b-49ed-9ddf-68116cd4ea31,2026-08-28,
vwr:000050,vw:district:bapatla,LOCATED_IN,vw:state:andhra-pradesh,75,Package001_Geography,district.csv,56dfdd26-8e65-456f-a2a9-f32b079748fa,2026-08-28,
vwr:000051,vw:district:prakasam,LOCATED_IN,vw:state:andhra-pradesh,75,Package001_Geography,district.csv,5645ff67-1c01-4b3b-95ae-2506cc7eaa2c,2026-08-28,
vwr:000052,vw:district:markapuram,LOCATED_IN,vw:state:andhra-pradesh,65,Package001_Geography,district.csv,e95d3496-9cc2-4d39-ac93-ea7827089418,2026-08-28,
vwr:000053,vw:district:sri-potti-sriramulu-nellore,LOCATED_IN,vw:state:andhra-pradesh,75,Package001_Geography,district.csv,e472f701-3d26-4bc2-a5f0-d811ca5d042e,2026-08-28,
vwr:000054,vw:district:kurnool,LOCATED_IN,vw:state:andhra-pradesh,75,Package001_Geography,district.csv,b35798a9-d3a2-4ff0-b330-b3a1199c4551,2026-08-28,
vwr:000055,vw:district:nandyal,LOCATED_IN,vw:state:andhra-pradesh,75,Package001_Geography,district.csv,6e0bd6d7-c4cd-47cb-a568-3859d7f584f5,2026-08-28,
vwr:000056,vw:district:ananthapuramu,LOCATED_IN,vw:state:andhra-pradesh,75,Package001_Geography,district.csv,155d1569-c077-4433-b4e0-6ceadfd0622a,2026-08-28,
vwr:000057,vw:district:sri-sathya-sai,LOCATED_IN,vw:state:andhra-pradesh,75,Package001_Geography,district.csv,edca209e-ddf4-423c-bf22-ddf359bc576d,2026-08-28,
vwr:000058,vw:district:ysr-kadapa,LOCATED_IN,vw:state:andhra-pradesh,75,Package001_Geography,district.csv,f0de900a-6a79-45cc-aed2-01d31752edea,2026-08-28,
vwr:000059,vw:district:annamayya,LOCATED_IN,vw:state:andhra-pradesh,75,Package001_Geography,district.csv,573f08b6-ac9a-4025-8cf5-4803690b7651,2026-08-28,
vwr:000060,vw:district:tirupati,LOCATED_IN,vw:state:andhra-pradesh,75,Package001_Geography,district.csv,db24bd82-9d6f-4b3c-afdf-7961543769f4,2026-08-28,
vwr:000061,vw:district:chittoor,LOCATED_IN,vw:state:andhra-pradesh,75,Package001_Geography,district.csv,c3a879b3-f320-47ec-8104-d1c8137b672a,2026-08-28,
vwr:000062,vw:state:telangana,LOCATED_IN,vw:country:india,85,Package001_Geography,state.csv,ea529eee-b05d-46b5-b556-c0b70c8e2186,2026-08-28,
vwr:000063,vw:state:andhra-pradesh,LOCATED_IN,vw:country:india,80,Package001_Geography,state.csv,4be0a0a0-5a89-418a-b699-356a073c7418,2026-08-28,
vwr:000064,vw:institution:osmania-university,LOCATED_IN,vw:district:hyderabad,80,Package002_Education,universities_telangana_andhra_pradesh.csv,937b69b2-c808-4432-82a8-40c39ee0d038,2026-08-28,
vwr:000065,vw:institution:kakatiya-university,LOCATED_IN,vw:district:hanumakonda,76,Package002_Education,universities_telangana_andhra_pradesh.csv,2ed46023-bd75-4442-952b-9b8d06dec6f5,2026-08-28,
vwr:000066,vw:institution:jawaharlal-nehru-technological-university-hyderabad,LOCATED_IN,vw:district:hyderabad,80,Package002_Education,universities_telangana_andhra_pradesh.csv,11aec6c8-707c-4f14-939e-c451e18d3d88,2026-08-28,
vwr:000067,vw:institution:university-of-hyderabad,LOCATED_IN,vw:district:hyderabad,82,Package002_Education,universities_telangana_andhra_pradesh.csv,372d53cd-e3c3-415c-8ca6-a6d17d28ee07,2026-08-28,
vwr:000068,vw:institution:maulana-azad-national-urdu-university,LOCATED_IN,vw:district:hyderabad,80,Package002_Education,universities_telangana_andhra_pradesh.csv,c3320dc0-bbc5-4bed-a081-8e7d39a8c832,2026-08-28,
vwr:000069,vw:institution:english-and-foreign-languages-university,LOCATED_IN,vw:district:hyderabad,78,Package002_Education,universities_telangana_andhra_pradesh.csv,67ebaa10-de28-49b4-9f30-6142b1818b7d,2026-08-28,
vwr:000070,vw:institution:nalsar-university-of-law,LOCATED_IN,vw:district:hyderabad,78,Package002_Education,universities_telangana_andhra_pradesh.csv,092654bd-46f7-4d5d-81ce-ffc5ca6352c1,2026-08-28,
vwr:000071,vw:institution:indian-institute-of-technology-hyderabad,LOCATED_IN,vw:district:sangareddy,82,Package002_Education,universities_telangana_andhra_pradesh.csv,b674a2b9-7070-4df6-ac25-b126a4b26ff3,2026-08-28,
vwr:000072,vw:institution:national-institute-of-technology-warangal,LOCATED_IN,vw:district:hanumakonda,76,Package002_Education,universities_telangana_andhra_pradesh.csv,40776488-4bd7-4392-ad9d-6970affdafdf,2026-08-28,
vwr:000073,vw:institution:bits-pilani-hyderabad-campus,LOCATED_IN,vw:district:sangareddy,78,Package002_Education,universities_telangana_andhra_pradesh.csv,753bb5c3-0d8a-4768-8365-ae640487f749,2026-08-28,
vwr:000074,vw:institution:international-institute-of-information-technology-hyderabad,LOCATED_IN,vw:district:hyderabad,78,Package002_Education,universities_telangana_andhra_pradesh.csv,b86d656f-e4de-47b2-a12e-2447b784fca5,2026-08-28,
vwr:000075,vw:institution:palamuru-university,LOCATED_IN,vw:district:mahabubnagar,78,Package002_Education,universities_telangana_andhra_pradesh.csv,f95e80b8-d7cc-4974-92c0-ce49dd14c032,2026-08-28,
vwr:000076,vw:institution:satavahana-university,LOCATED_IN,vw:district:karimnagar,78,Package002_Education,universities_telangana_andhra_pradesh.csv,45312857-7549-47d5-826c-89f6c60987bd,2026-08-28,
vwr:000077,vw:institution:telangana-university,LOCATED_IN,vw:district:nizamabad,76,Package002_Education,universities_telangana_andhra_pradesh.csv,98a8a591-1395-43b1-a976-379a54477ade,2026-08-28,
vwr:000078,vw:institution:mahatma-gandhi-university-telangana,LOCATED_IN,vw:district:nalgonda,76,Package002_Education,universities_telangana_andhra_pradesh.csv,1fbe1d3f-acec-4f4b-95e0-95ff0578cdf7,2026-08-28,
vwr:000079,vw:institution:dr-b-r-ambedkar-open-university,LOCATED_IN,vw:district:hyderabad,80,Package002_Education,universities_telangana_andhra_pradesh.csv,0e88e024-1079-41f9-b234-38525097b2a8,2026-08-28,
vwr:000080,vw:institution:potti-sreeramulu-telugu-university,LOCATED_IN,vw:district:hyderabad,73,Package002_Education,universities_telangana_andhra_pradesh.csv,d08cd2ab-d00a-4c99-93ff-f0bd8e81ecb1,2026-08-28,
vwr:000081,vw:institution:kaloji-narayana-rao-university-of-health-sciences,LOCATED_IN,vw:district:hanumakonda,78,Package002_Education,universities_telangana_andhra_pradesh.csv,6beabd72-8044-464a-9873-dd2151ba8590,2026-08-28,
vwr:000082,vw:institution:jawaharlal-nehru-architecture-and-fine-arts-university,LOCATED_IN,vw:district:hyderabad,74,Package002_Education,universities_telangana_andhra_pradesh.csv,f4de3a52-8e43-4040-86cd-00910cb6f612,2026-08-28,
vwr:000083,vw:institution:mahindra-university,LOCATED_IN,vw:district:hyderabad,78,Package002_Education,universities_telangana_andhra_pradesh.csv,f4409738-5453-4798-a038-ed58429cb6ee,2026-08-28,
vwr:000084,vw:institution:woxsen-university,LOCATED_IN,vw:district:sangareddy,73,Package002_Education,universities_telangana_andhra_pradesh.csv,89c10406-65a0-4118-bf5a-ba183d1603f5,2026-08-28,
vwr:000085,vw:institution:sr-university,LOCATED_IN,vw:district:hanumakonda,74,Package002_Education,universities_telangana_andhra_pradesh.csv,21502b84-46cc-4173-af84-5635c0cc1463,2026-08-28,
vwr:000086,vw:institution:icfai-foundation-for-higher-education,LOCATED_IN,vw:district:hyderabad,76,Package002_Education,universities_telangana_andhra_pradesh.csv,7842fedc-523a-4060-80e0-578bdc8a55b8,2026-08-28,
vwr:000087,vw:institution:malla-reddy-university,LOCATED_IN,vw:district:medchal-malkajgiri,74,Package002_Education,universities_telangana_andhra_pradesh.csv,0b322d73-fc15-4cab-b224-af3ecf73ad6e,2026-08-28,
vwr:000088,vw:institution:rajiv-gandhi-university-of-knowledge-technologies-basar,LOCATED_IN,vw:district:nirmal,74,Package002_Education,universities_telangana_andhra_pradesh.csv,76841166-0839-4c75-ba9b-bbc61b1df438,2026-08-28,
vwr:000089,vw:institution:sreenidhi-university,LOCATED_IN,vw:district:medchal-malkajgiri,63,Package002_Education,universities_telangana_andhra_pradesh.csv,75b3b0e1-4ffb-430b-a20b-ae5aaae183c1,2026-08-28,
vwr:000090,vw:institution:andhra-university,LOCATED_IN,vw:district:visakhapatnam,82,Package002_Education,universities_telangana_andhra_pradesh.csv,755af8b4-067c-4a73-bfcf-0112610b525b,2026-08-28,
vwr:000091,vw:institution:sri-venkateswara-university,LOCATED_IN,vw:district:tirupati,80,Package002_Education,universities_telangana_andhra_pradesh.csv,efdfd737-70c4-47ea-9dec-186665831969,2026-08-28,
vwr:000092,vw:institution:acharya-nagarjuna-university,LOCATED_IN,vw:district:guntur,72,Package002_Education,universities_telangana_andhra_pradesh.csv,bde6c797-27ea-4f4d-b042-6b48fa0724bf,2026-08-28,
vwr:000093,vw:institution:yogi-vemana-university,LOCATED_IN,vw:district:ysr-kadapa,76,Package002_Education,universities_telangana_andhra_pradesh.csv,b364f5b6-7d88-4f35-95f7-724483d6b816,2026-08-28,
vwr:000094,vw:institution:adikavi-nannaya-university,LOCATED_IN,vw:district:east-godavari,76,Package002_Education,universities_telangana_andhra_pradesh.csv,d714fafe-8b28-4dd7-8abf-6b36926dc668,2026-08-28,
vwr:000095,vw:institution:krishna-university,LOCATED_IN,vw:district:krishna,74,Package002_Education,universities_telangana_andhra_pradesh.csv,39a6f6e3-99c2-4c75-b30b-1743436b30f6,2026-08-28,
vwr:000096,vw:institution:rayalaseema-university,LOCATED_IN,vw:district:kurnool,74,Package002_Education,universities_telangana_andhra_pradesh.csv,5bb8a2d5-125d-4df3-8bc9-03cbc7b971bb,2026-08-28,
vwr:000097,vw:institution:dravidian-university,LOCATED_IN,vw:district:chittoor,76,Package002_Education,universities_telangana_andhra_pradesh.csv,544b8769-eeca-447d-857c-d2de7f657362,2026-08-28,
vwr:000098,vw:institution:sri-padmavati-mahila-visvavidyalayam-women-s-university,LOCATED_IN,vw:district:tirupati,78,Package002_Education,universities_telangana_andhra_pradesh.csv,a67a3960-022f-4576-9c3a-b07b80b4348c,2026-08-28,
vwr:000099,vw:institution:acharya-n-g-ranga-agricultural-university,LOCATED_IN,vw:district:guntur,78,Package002_Education,universities_telangana_andhra_pradesh.csv,9be365cc-f4e5-4369-a06b-948468454566,2026-08-28,
vwr:000100,vw:institution:sri-venkateswara-veterinary-university,LOCATED_IN,vw:district:tirupati,78,Package002_Education,universities_telangana_andhra_pradesh.csv,ecd88b1e-a3b2-401b-86a4-da69ecc0f95d,2026-08-28,
vwr:000101,vw:institution:dr-y-s-r-horticultural-university,LOCATED_IN,vw:district:west-godavari,76,Package002_Education,universities_telangana_andhra_pradesh.csv,3addb75f-a34d-446e-a80e-122a40a41543,2026-08-28,
vwr:000102,vw:institution:dr-b-r-ambedkar-university-srikakulam,LOCATED_IN,vw:district:srikakulam,73,Package002_Education,universities_telangana_andhra_pradesh.csv,3f52daed-8ebd-4abb-b92c-16303064827a,2026-08-28,
vwr:000103,vw:institution:jawaharlal-nehru-technological-university-kakinada,LOCATED_IN,vw:district:east-godavari,76,Package002_Education,universities_telangana_andhra_pradesh.csv,a2c747dc-bd00-484e-9188-64b984300228,2026-08-28,
vwr:000104,vw:institution:jawaharlal-nehru-technological-university-gurajada-vizianagaram,LOCATED_IN,vw:district:vizianagaram,70,Package002_Education,universities_telangana_andhra_pradesh.csv,10374146-0423-4e16-b07e-a6dbfe618b50,2026-08-28,
vwr:000105,vw:institution:dr-ntr-university-of-health-sciences,LOCATED_IN,vw:district:krishna,76,Package002_Education,universities_telangana_andhra_pradesh.csv,249eed6e-07ad-4968-a69c-dac5ff6c4b43,2026-08-28,
vwr:000106,vw:institution:damodaram-sanjivayya-national-law-university,LOCATED_IN,vw:district:visakhapatnam,76,Package002_Education,universities_telangana_andhra_pradesh.csv,34736c33-a21a-4f8a-9f01-28ae7c1d954a,2026-08-28,
vwr:000107,vw:institution:gitam-deemed-to-be-university,LOCATED_IN,vw:district:visakhapatnam,80,Package002_Education,universities_telangana_andhra_pradesh.csv,3fd4f65e-19a5-4ae2-adeb-069070bb45fc,2026-08-28,
vwr:000108,vw:institution:koneru-lakshmaiah-education-foundation-kl-university,LOCATED_IN,vw:district:guntur,75,Package002_Education,universities_telangana_andhra_pradesh.csv,b215a83a-c5d1-49a5-b861-4d489a8ce579,2026-08-28,
vwr:000109,vw:institution:vignan-s-foundation-for-science-technology-and-research-vfstr,LOCATED_IN,vw:district:guntur,74,Package002_Education,universities_telangana_andhra_pradesh.csv,3cd05ca1-d26e-4ea1-9fe4-33abc31ace5f,2026-08-28,
vwr:000110,vw:institution:vit-ap-university,LOCATED_IN,vw:district:guntur,77,Package002_Education,universities_telangana_andhra_pradesh.csv,a57696d8-aa2a-4536-89d7-46bdecd42bfe,2026-08-28,
vwr:000111,vw:institution:srm-university-ap,LOCATED_IN,vw:district:guntur,76,Package002_Education,universities_telangana_andhra_pradesh.csv,4ee2af6f-30a5-4687-b23b-e2359ba5539a,2026-08-28,
vwr:000112,vw:institution:indian-institute-of-technology-tirupati,LOCATED_IN,vw:district:tirupati,76,Package002_Education,universities_telangana_andhra_pradesh.csv,2d3ac435-3ebe-4885-b30d-dbe5a0058750,2026-08-28,
vwr:000113,vw:institution:indian-institute-of-science-education-and-research-tirupati,LOCATED_IN,vw:district:tirupati,74,Package002_Education,universities_telangana_andhra_pradesh.csv,54cde72a-a7d1-4de0-9ab3-038b971dc596,2026-08-28,
vwr:000114,vw:institution:national-institute-of-technology-andhra-pradesh,LOCATED_IN,vw:district:west-godavari,74,Package002_Education,universities_telangana_andhra_pradesh.csv,5062a90f-150a-45a1-b3e8-2e79c32171d9,2026-08-28,
vwr:000115,vw:institution:rajiv-gandhi-university-of-knowledge-technologies-nuzvid,LOCATED_IN,vw:district:krishna,74,Package002_Education,universities_telangana_andhra_pradesh.csv,628dddc2-f283-4bf7-93fd-2ff0e4b8cbd1,2026-08-28,
vwr:000116,vw:institution:central-tribal-university-of-andhra-pradesh,LOCATED_IN,vw:district:vizianagaram,69,Package002_Education,universities_telangana_andhra_pradesh.csv,26f33706-81ac-4d71-84dd-ec5a26ee5287,2026-08-28,
vwr:000117,vw:institution:national-sanskrit-university-tirupati,LOCATED_IN,vw:district:tirupati,62,Package002_Education,universities_telangana_andhra_pradesh.csv,8f1c6a2e-4b7d-4e3a-9c5f-1a2b3c4d5e6f,2026-08-28,
vwr:000118,vw:institution:sri-venkateswara-institute-of-medical-sciences-svims,LOCATED_IN,vw:district:tirupati,60,Package002_Education,universities_telangana_andhra_pradesh.csv,3d7e9f01-2c4b-4a6d-8e1f-5b6c7d8e9f0a,2026-08-28,
vwr:000119,vw:institution:rajiv-gandhi-university-of-knowledge-technologies-rk-valley,LOCATED_IN,vw:district:ysr-kadapa,60,Package002_Education,universities_telangana_andhra_pradesh.csv,6a4b8c1d-9e2f-4d5a-b3c6-7d8e9f0a1b2c,2026-08-28,
vwr:000120,vw:institution:rajiv-gandhi-university-of-knowledge-technologies-srikakulam,LOCATED_IN,vw:district:srikakulam,58,Package002_Education,universities_telangana_andhra_pradesh.csv,1e2f3a4b-5c6d-4e7f-8a9b-0c1d2e3f4a5b,2026-08-28,
vwr:000121,vw:institution:rajiv-gandhi-university-of-knowledge-technologies-dr-apj-abdul-kalam-iiit-ongole,LOCATED_IN,vw:district:prakasam,58,Package002_Education,universities_telangana_andhra_pradesh.csv,9c0d1e2f-3a4b-4c5d-9e6f-7a8b9c0d1e2f,2026-08-28,
vwr:000122,vw:crop:rice,PART_OF,vw:industry:agriculture-food-grains,78,Package005_Agriculture,crops.csv,crop-001,2026-08-28,
vwr:000123,vw:crop:wheat,PART_OF,vw:industry:agriculture-food-grains,78,Package005_Agriculture,crops.csv,crop-002,2026-08-28,
vwr:000124,vw:crop:maize,PART_OF,vw:industry:agriculture-food-grains,77,Package005_Agriculture,crops.csv,crop-003,2026-08-28,
vwr:000125,vw:crop:barley,PART_OF,vw:industry:agriculture-food-grains,73,Package005_Agriculture,crops.csv,crop-004,2026-08-28,
vwr:000126,vw:crop:pearl-millet,PART_OF,vw:industry:agriculture-millets,76,Package005_Agriculture,crops.csv,crop-005,2026-08-28,
vwr:000127,vw:crop:sorghum,PART_OF,vw:industry:agriculture-millets,76,Package005_Agriculture,crops.csv,crop-006,2026-08-28,
vwr:000128,vw:crop:finger-millet,PART_OF,vw:industry:agriculture-millets,74,Package005_Agriculture,crops.csv,crop-007,2026-08-28,
vwr:000129,vw:crop:foxtail-millet,PART_OF,vw:industry:agriculture-millets,70,Package005_Agriculture,crops.csv,crop-008,2026-08-28,
vwr:000130,vw:crop:chickpea,PART_OF,vw:industry:agriculture-pulses,77,Package005_Agriculture,crops.csv,crop-009,2026-08-28,
vwr:000131,vw:crop:pigeon-pea,PART_OF,vw:industry:agriculture-pulses,76,Package005_Agriculture,crops.csv,crop-010,2026-08-28,
vwr:000132,vw:crop:moong-green-gram,PART_OF,vw:industry:agriculture-pulses,75,Package005_Agriculture,crops.csv,crop-011,2026-08-28,
vwr:000133,vw:crop:urad-black-gram,PART_OF,vw:industry:agriculture-pulses,75,Package005_Agriculture,crops.csv,crop-012,2026-08-28,
vwr:000134,vw:crop:lentil,PART_OF,vw:industry:agriculture-pulses,75,Package005_Agriculture,crops.csv,crop-013,2026-08-28,
vwr:000135,vw:crop:groundnut,PART_OF,vw:industry:agriculture-oil-seeds,77,Package005_Agriculture,crops.csv,crop-014,2026-08-28,
vwr:000136,vw:crop:soybean,PART_OF,vw:industry:agriculture-oil-seeds,76,Package005_Agriculture,crops.csv,crop-015,2026-08-28,
vwr:000137,vw:crop:sunflower,PART_OF,vw:industry:agriculture-oil-seeds,75,Package005_Agriculture,crops.csv,crop-016,2026-08-28,
vwr:000138,vw:crop:safflower,PART_OF,vw:industry:agriculture-oil-seeds,71,Package005_Agriculture,crops.csv,crop-017,2026-08-28,
vwr:000139,vw:crop:mustard,PART_OF,vw:industry:agriculture-oil-seeds,75,Package005_Agriculture,crops.csv,crop-018,2026-08-28,
vwr:000140,vw:crop:sugarcane,PART_OF,vw:industry:agriculture-commercial-crops,77,Package005_Agriculture,crops.csv,crop-019,2026-08-28,
vwr:000141,vw:crop:cotton,PART_OF,vw:industry:agriculture-commercial-crops,77,Package005_Agriculture,crops.csv,crop-020,2026-08-28,
vwr:000142,vw:crop:tobacco,PART_OF,vw:industry:agriculture-commercial-crops,72,Package005_Agriculture,crops.csv,crop-021,2026-08-28,
vwr:000143,vw:crop:jute,PART_OF,vw:industry:agriculture-commercial-crops,70,Package005_Agriculture,crops.csv,crop-022,2026-08-28,
vwr:000144,vw:crop:tomato,PART_OF,vw:industry:agriculture-vegetables,76,Package005_Agriculture,crops.csv,crop-023,2026-08-28,
vwr:000145,vw:crop:potato,PART_OF,vw:industry:agriculture-vegetables,77,Package005_Agriculture,crops.csv,crop-024,2026-08-28,
vwr:000146,vw:crop:onion,PART_OF,vw:industry:agriculture-vegetables,76,Package005_Agriculture,crops.csv,crop-025,2026-08-28,
vwr:000147,vw:crop:brinjal,PART_OF,vw:industry:agriculture-vegetables,73,Package005_Agriculture,crops.csv,crop-026,2026-08-28,
vwr:000148,vw:crop:okra-lady-finger,PART_OF,vw:industry:agriculture-vegetables,73,Package005_Agriculture,crops.csv,crop-027,2026-08-28,
vwr:000149,vw:crop:cabbage,PART_OF,vw:industry:agriculture-vegetables,73,Package005_Agriculture,crops.csv,crop-028,2026-08-28,
vwr:000150,vw:crop:mango,PART_OF,vw:industry:agriculture-fruits,77,Package005_Agriculture,crops.csv,crop-029,2026-08-28,
vwr:000151,vw:crop:banana,PART_OF,vw:industry:agriculture-fruits,76,Package005_Agriculture,crops.csv,crop-030,2026-08-28,
vwr:000152,vw:crop:citrus-sweet-orange,PART_OF,vw:industry:agriculture-fruits,75,Package005_Agriculture,crops.csv,crop-031,2026-08-28,
vwr:000153,vw:crop:grapes,PART_OF,vw:industry:agriculture-fruits,75,Package005_Agriculture,crops.csv,crop-032,2026-08-28,
vwr:000154,vw:crop:guava,PART_OF,vw:industry:agriculture-fruits,73,Package005_Agriculture,crops.csv,crop-033,2026-08-28,
vwr:000155,vw:crop:pomegranate,PART_OF,vw:industry:agriculture-fruits,73,Package005_Agriculture,crops.csv,crop-034,2026-08-28,
vwr:000156,vw:crop:turmeric,PART_OF,vw:industry:agriculture-spices,77,Package005_Agriculture,crops.csv,crop-035,2026-08-28,
vwr:000157,vw:crop:chilli,PART_OF,vw:industry:agriculture-spices,77,Package005_Agriculture,crops.csv,crop-036,2026-08-28,
vwr:000158,vw:crop:black-pepper,PART_OF,vw:industry:agriculture-spices,74,Package005_Agriculture,crops.csv,crop-037,2026-08-28,
vwr:000159,vw:crop:cardamom,PART_OF,vw:industry:agriculture-spices,72,Package005_Agriculture,crops.csv,crop-038,2026-08-28,
vwr:000160,vw:crop:coriander,PART_OF,vw:industry:agriculture-spices,73,Package005_Agriculture,crops.csv,crop-039,2026-08-28,
vwr:000161,vw:crop:cumin,PART_OF,vw:industry:agriculture-spices,73,Package005_Agriculture,crops.csv,crop-040,2026-08-28,
vwr:000162,vw:crop:ginger,PART_OF,vw:industry:agriculture-spices,73,Package005_Agriculture,crops.csv,crop-041,2026-08-28,
vwr:000163,vw:crop:ashwagandha,PART_OF,vw:industry:agriculture-medicinal-plants,70,Package005_Agriculture,crops.csv,crop-042,2026-08-28,
vwr:000164,vw:crop:tulsi-holy-basil,PART_OF,vw:industry:agriculture-medicinal-plants,66,Package005_Agriculture,crops.csv,crop-043,2026-08-28,
vwr:000165,vw:crop:coconut,PART_OF,vw:industry:agriculture-plantation-crops,74,Package005_Agriculture,crops.csv,crop-044,2026-08-28,
vwr:000166,vw:crop:cashew,PART_OF,vw:industry:agriculture-plantation-crops,73,Package005_Agriculture,crops.csv,crop-045,2026-08-28,
vwr:000167,vw:businessopportunity:small-scale-multi-product-food-processing-unit,PART_OF,vw:industry:manufacturing,55,Package004_Industries,food_agro_processing_micro_enterprises.csv,4610e10b-9613-4bf1-84e8-c384aeb2b28a,2026-08-28,
vwr:000168,vw:businessopportunity:small-scale-flour-atta-milling-unit,PART_OF,vw:industry:manufacturing,73,Package004_Industries,food_agro_processing_micro_enterprises.csv,c73efe76-0b1f-442f-aa71-3e80151eed23,2026-08-28,
vwr:000169,vw:businessopportunity:turmeric-processing-and-powder-making-unit,PART_OF,vw:industry:manufacturing,66,Package004_Industries,food_agro_processing_micro_enterprises.csv,78a4f890-744c-4711-8e00-820942e61569,2026-08-28,
vwr:000170,vw:businessopportunity:chilli-processing-grading-and-powder-making-unit,PART_OF,vw:industry:manufacturing,66,Package004_Industries,food_agro_processing_micro_enterprises.csv,d5040e06-e388-4614-965b-0db927afb97d,2026-08-28,
vwr:000171,vw:businessopportunity:masala-powder-manufacturing-unit-small-scale,PART_OF,vw:industry:manufacturing,83,Package004_Industries,food_agro_processing_micro_enterprises.csv,d6969e3f-af59-44f5-b9a3-9e269e45ee4b,2026-08-28,
vwr:000172,vw:businessopportunity:masala-powder-manufacturing-unit-medium-scale,PART_OF,vw:industry:manufacturing,83,Package004_Industries,food_agro_processing_micro_enterprises.csv,529d22fa-138a-4f27-8ecd-e0b390afdadc,2026-08-28,
vwr:000173,vw:businessopportunity:andhra-style-pickle-avakaya-mixed-making-unit,PART_OF,vw:industry:manufacturing,60,Package004_Industries,food_agro_processing_micro_enterprises.csv,75948a86-563f-424d-9fc8-5397d359a42f,2026-08-28,
vwr:000174,vw:businessopportunity:general-telangana-style-pickle-making-unit,PART_OF,vw:industry:manufacturing,56,Package004_Industries,food_agro_processing_micro_enterprises.csv,cfa4dd2a-5280-453b-9517-dab3c610d04b,2026-08-28,
vwr:000175,vw:businessopportunity:cold-pressed-groundnut-sesame-oil-kachi-ghani-unit,PART_OF,vw:industry:manufacturing,80,Package004_Industries,food_agro_processing_micro_enterprises.csv,5655ea20-8695-4016-9fa6-1bce946c65be,2026-08-28,
vwr:000176,vw:businessopportunity:cold-pressed-coconut-oil-unit,PART_OF,vw:industry:manufacturing,58,Package004_Industries,food_agro_processing_micro_enterprises.csv,af9fe48b-21b8-49ec-a5c7-d86dd6f499d6,2026-08-28,
vwr:000177,vw:businessopportunity:small-scale-millet-processing-unit,PART_OF,vw:industry:manufacturing,73,Package004_Industries,food_agro_processing_micro_enterprises.csv,f9e0a76d-4cae-4d96-8a05-dd2ba5414372,2026-08-28,
vwr:000178,vw:businessopportunity:fpo-level-primary-millet-processing-unit,PART_OF,vw:industry:manufacturing,56,Package004_Industries,food_agro_processing_micro_enterprises.csv,6d9daceb-b051-4770-8fb1-ecbbcfd70602,2026-08-28,
vwr:000179,vw:businessopportunity:agricultural-seed-cleaning-grading-and-processing-unit,PART_OF,vw:industry:agriculture-and-allied,56,Package004_Industries,food_agro_processing_micro_enterprises.csv,80ee6c10-ca4f-4c74-8e29-4068c476b3f7,2026-08-28,
vwr:000180,vw:businessopportunity:plumbing-services,PART_OF,vw:industry:construction-and-skilled-trades,74,Package004_Industries,construction_skilled_trade_services.csv,7b65d13e-2c52-4e43-9735-4423596e5562,2026-08-28,
vwr:000181,vw:businessopportunity:electrical-services-domestic-wiring-and-wireman-work,PART_OF,vw:industry:construction-and-skilled-trades,82,Package004_Industries,construction_skilled_trade_services.csv,f85afee5-671d-4628-8c6b-d64aad7ab166,2026-08-28,
vwr:000182,vw:businessopportunity:electrical-contracting-licensed-supervisor-contractor,PART_OF,vw:industry:construction-and-skilled-trades,79,Package004_Industries,construction_skilled_trade_services.csv,105647eb-2df0-42a7-980b-4bd9639d262d,2026-08-28,
vwr:000183,vw:businessopportunity:welding-and-metal-fabrication,PART_OF,vw:industry:construction-and-skilled-trades,74,Package004_Industries,construction_skilled_trade_services.csv,7d86d50a-9e93-488e-bf9b-c7e2ce6e480e,2026-08-28,
vwr:000184,vw:businessopportunity:carpentry,PART_OF,vw:industry:construction-and-skilled-trades,85,Package004_Industries,construction_skilled_trade_services.csv,56074354-4510-49b1-9b42-0e9d35af37e6,2026-08-28,
vwr:000185,vw:businessopportunity:painting-services,PART_OF,vw:industry:construction-and-skilled-trades,76,Package004_Industries,construction_skilled_trade_services.csv,ea964574-8321-4564-8c20-048aa05f9e33,2026-08-28,
vwr:000186,vw:businessopportunity:aluminium-fabrication,PART_OF,vw:industry:construction-and-skilled-trades,66,Package004_Industries,construction_skilled_trade_services.csv,f786fdea-5a59-4c5d-a22f-048cac45ab51,2026-08-28,
vwr:000187,vw:businessopportunity:borewell-drilling-services,PART_OF,vw:industry:construction-and-skilled-trades,70,Package004_Industries,construction_skilled_trade_services.csv,0d0899a4-bf4a-4f4b-a099-9ca1d94abfd7,2026-08-28,
vwr:000188,vw:businessopportunity:submersible-pump-installation-and-repair,PART_OF,vw:industry:construction-and-skilled-trades,64,Package004_Industries,construction_skilled_trade_services.csv,51d5d291-546f-4873-bd38-85215c0ab7bf,2026-08-28,
vwr:000189,vw:businessopportunity:tiles-fixing-tile-mason,PART_OF,vw:industry:construction-and-skilled-trades,78,Package004_Industries,construction_skilled_trade_services.csv,7fed9ccb-fec1-4d67-b4f9-f4f467dc60aa,2026-08-28,
vwr:000190,vw:businessopportunity:pop-works-false-ceiling-installation,PART_OF,vw:industry:construction-and-skilled-trades,78,Package004_Industries,construction_skilled_trade_services.csv,31eb58fe-0354-48af-b831-0f420faba84c,2026-08-28,
vwr:000191,vw:businessopportunity:freelance-software-it-services-consultant,PART_OF,vw:industry:technology,82,Package004_Industries,digital_technology_livelihoods.csv,DTL001,2026-08-28,
vwr:000192,vw:businessopportunity:small-it-services-firm-software-development-startup,PART_OF,vw:industry:technology,82,Package004_Industries,digital_technology_livelihoods.csv,DTL002,2026-08-28,
vwr:000193,vw:businessopportunity:freelance-web-development,PART_OF,vw:industry:technology,79,Package004_Industries,digital_technology_livelihoods.csv,DTL003,2026-08-28,
vwr:000194,vw:businessopportunity:web-development-agency-small-firm,PART_OF,vw:industry:technology,77,Package004_Industries,digital_technology_livelihoods.csv,DTL004,2026-08-28,
vwr:000195,vw:businessopportunity:mobile-app-development,PART_OF,vw:industry:technology,78,Package004_Industries,digital_technology_livelihoods.csv,DTL005,2026-08-28,
vwr:000196,vw:businessopportunity:digital-marketing-agency,PART_OF,vw:industry:technology,73,Package004_Industries,digital_technology_livelihoods.csv,DTL006,2026-08-28,
vwr:000197,vw:businessopportunity:social-media-management,PART_OF,vw:industry:technology,70,Package004_Industries,digital_technology_livelihoods.csv,DTL007,2026-08-28,
vwr:000198,vw:businessopportunity:seo-and-content-marketing-consulting,PART_OF,vw:industry:technology,71,Package004_Industries,digital_technology_livelihoods.csv,DTL008,2026-08-28,
vwr:000199,vw:businessopportunity:cloud-services-consulting,PART_OF,vw:industry:technology,79,Package004_Industries,digital_technology_livelihoods.csv,DTL009,2026-08-28,
vwr:000200,vw:businessopportunity:cybersecurity-consulting,PART_OF,vw:industry:technology,78,Package004_Industries,digital_technology_livelihoods.csv,DTL010,2026-08-28,
vwr:000201,vw:businessopportunity:data-analytics-services,PART_OF,vw:industry:technology,80,Package004_Industries,digital_technology_livelihoods.csv,DTL011,2026-08-28,
vwr:000202,vw:businessopportunity:rural-it-enabled-service-center-bpo-kpo-operator,PART_OF,vw:industry:technology,74,Package004_Industries,digital_technology_livelihoods.csv,DTL012,2026-08-28,
vwr:000203,vw:businessopportunity:instagram-shopping-whatsapp-business-meesho-flipkart-amazon-seller-social-and-ma,PART_OF,vw:industry:retail-and-local-commerce,85,Package004_Industries,china_inspired_adapted_opportunities.csv,1eaf952f-71e4-4e54-94d9-3ca729f7a52d,2026-08-28,
vwr:000204,vw:businessopportunity:instagram-live-selling-youtube-live-shopping-meesho-live,PART_OF,vw:industry:retail-and-local-commerce,76,Package004_Industries,china_inspired_adapted_opportunities.csv,2b0b183c-e92b-4e14-8d73-408742f351d7,2026-08-28,
vwr:000205,vw:businessopportunity:bridal-wear-and-traditional-telugu-dress-rental,PART_OF,vw:industry:local-entrepreneurship-fashion-and-apparel,76,Package004_Industries,china_inspired_adapted_opportunities.csv,f5e9e95b-143f-4f40-b2fd-5c552fd5f3ec,2026-08-28,
vwr:000206,vw:businessopportunity:whatsapp-business-automation-digital-catalog-and-storefront-apps,PART_OF,vw:industry:local-entrepreneurship-digital-services,74,Package004_Industries,china_inspired_adapted_opportunities.csv,d660ac4c-7f3f-4ee2-ac5e-86c5fc2471ca,2026-08-28,
vwr:000207,vw:businessopportunity:farmer-producer-organisations-fpos-enam-ondc-whatsapp-farmer-groups,PART_OF,vw:industry:agriculture-and-allied-livelihoods,81,Package004_Industries,china_inspired_adapted_opportunities.csv,7f96f2b0-a0d7-4a4e-9682-53c91488e3ad,2026-08-28,
vwr:000208,vw:businessopportunity:telangana-homestays-andhra-pradesh-heritage-and-coastal-homestays,PART_OF,vw:industry:tourism-and-hospitality,85,Package004_Industries,china_inspired_adapted_opportunities.csv,af872c6c-dfb4-423a-aaaf-b7cb1f0e6226,2026-08-28,
vwr:000209,vw:businessopportunity:whatsapp-group-buying-bulk-order-community-groups,PART_OF,vw:industry:retail-and-local-commerce,63,Package004_Industries,china_inspired_adapted_opportunities.csv,4330a7dd-3234-4877-b7b5-da2ffc7e95dc,2026-08-28,
vwr:000210,vw:businessopportunity:instagram-youtube-creator-commerce-and-affiliate-selling,PART_OF,vw:industry:retail-and-local-commerce-creator-economy,70,Package004_Industries,china_inspired_adapted_opportunities.csv,234b7d54-41a3-483f-8caa-b8d4eba619cc,2026-08-28,
vwr:000211,vw:businessopportunity:common-service-centres-csc-one-district-one-product-odop-rural-digital-commerce-,PART_OF,vw:industry:local-entrepreneurship-rural-digital-commerce,67,Package004_Industries,china_inspired_adapted_opportunities.csv,3ffa08ad-30ed-460a-85d2-c199d15bc511,2026-08-28,
vwr:000212,vw:msme:rice-milling-unit,REQUIRES_SKILL,vw:skill:food-processing-and-preservation,71,Package008_MSME,skill_mapping.csv,kmap-001,2026-08-28,Essential
vwr:000213,vw:msme:dal-milling-unit,REQUIRES_SKILL,vw:skill:food-processing-and-preservation,71,Package008_MSME,skill_mapping.csv,kmap-002,2026-08-28,Essential
vwr:000214,vw:msme:cold-pressed-oil-unit,REQUIRES_SKILL,vw:skill:food-processing-and-preservation,71,Package008_MSME,skill_mapping.csv,kmap-003,2026-08-28,Essential
vwr:000215,vw:msme:spice-grinding-and-packing-unit,REQUIRES_SKILL,vw:skill:food-processing-and-preservation,71,Package008_MSME,skill_mapping.csv,kmap-004,2026-08-28,Essential
vwr:000216,vw:msme:millet-processing-unit,REQUIRES_SKILL,vw:skill:food-processing-and-preservation,69,Package008_MSME,skill_mapping.csv,kmap-005,2026-08-28,Essential
vwr:000217,vw:msme:fruit-pulp-and-beverage-unit,REQUIRES_SKILL,vw:skill:food-processing-and-preservation,68,Package008_MSME,skill_mapping.csv,kmap-006,2026-08-28,Essential
vwr:000218,vw:msme:cloud-kitchen,REQUIRES_SKILL,vw:skill:food-service-and-culinary-arts,68,Package008_MSME,skill_mapping.csv,kmap-007,2026-08-28,Essential
vwr:000219,vw:msme:cnc-machining-job-shop,REQUIRES_SKILL,vw:skill:cnc-machine-operator,72,Package008_MSME,skill_mapping.csv,kmap-008,2026-08-28,Essential
vwr:000220,vw:msme:cnc-machining-job-shop,REQUIRES_SKILL,vw:skill:cad-cam-design,70,Package008_MSME,skill_mapping.csv,kmap-009,2026-08-28,Essential
vwr:000221,vw:msme:sheet-metal-fabrication-unit,REQUIRES_SKILL,vw:skill:welding-mig-tig-arc,72,Package008_MSME,skill_mapping.csv,kmap-010,2026-08-28,Essential
vwr:000222,vw:msme:tool-and-die-making-unit,REQUIRES_SKILL,vw:skill:cad-cam-design,69,Package008_MSME,skill_mapping.csv,kmap-011,2026-08-28,Essential
vwr:000223,vw:msme:tool-and-die-making-unit,REQUIRES_SKILL,vw:skill:cnc-machine-operator,69,Package008_MSME,skill_mapping.csv,kmap-012,2026-08-28,Essential
vwr:000224,vw:msme:industrial-automation-integration,REQUIRES_SKILL,vw:skill:plc-programming-and-control-systems,68,Package008_MSME,skill_mapping.csv,kmap-013,2026-08-28,Essential
vwr:000225,vw:msme:industrial-automation-integration,REQUIRES_SKILL,vw:skill:industrial-robotics,64,Package008_MSME,skill_mapping.csv,kmap-014,2026-08-28,Useful
vwr:000226,vw:msme:electrical-panel-manufacturing,REQUIRES_SKILL,vw:skill:industrial-electrician,70,Package008_MSME,skill_mapping.csv,kmap-015,2026-08-28,Essential
vwr:000227,vw:msme:custom-software-development-firm,REQUIRES_SKILL,vw:skill:full-stack-web-development,72,Package008_MSME,skill_mapping.csv,kmap-016,2026-08-28,Essential
vwr:000228,vw:msme:custom-software-development-firm,REQUIRES_SKILL,vw:skill:python-programming,72,Package008_MSME,skill_mapping.csv,kmap-017,2026-08-28,Essential
vwr:000229,vw:msme:custom-software-development-firm,REQUIRES_SKILL,vw:skill:database-administration-sql-nosql,68,Package008_MSME,skill_mapping.csv,kmap-018,2026-08-28,Useful
vwr:000230,vw:msme:saas-product-startup,REQUIRES_SKILL,vw:skill:full-stack-web-development,70,Package008_MSME,skill_mapping.csv,kmap-019,2026-08-28,Essential
vwr:000231,vw:msme:saas-product-startup,REQUIRES_SKILL,vw:skill:aws-azure-cloud-administration,68,Package008_MSME,skill_mapping.csv,kmap-020,2026-08-28,Essential
vwr:000232,vw:msme:ai-solutions-and-consulting,REQUIRES_SKILL,vw:skill:machine-learning-engineer,66,Package008_MSME,skill_mapping.csv,kmap-021,2026-08-28,Essential
vwr:000233,vw:msme:ai-solutions-and-consulting,REQUIRES_SKILL,vw:skill:data-scientist,66,Package008_MSME,skill_mapping.csv,kmap-022,2026-08-28,Essential
vwr:000234,vw:msme:ai-solutions-and-consulting,REQUIRES_SKILL,vw:skill:python-programming,68,Package008_MSME,skill_mapping.csv,kmap-023,2026-08-28,Essential
vwr:000235,vw:msme:digital-marketing-agency,REQUIRES_SKILL,vw:skill:video-editing-and-content-creation,67,Package008_MSME,skill_mapping.csv,kmap-024,2026-08-28,Essential
vwr:000236,vw:msme:it-hardware-and-network-services,REQUIRES_SKILL,vw:skill:electronics-repair-and-maintenance,68,Package008_MSME,skill_mapping.csv,kmap-025,2026-08-28,Essential
vwr:000237,vw:msme:it-hardware-and-network-services,REQUIRES_SKILL,vw:skill:aws-azure-cloud-administration,65,Package008_MSME,skill_mapping.csv,kmap-026,2026-08-28,Useful
vwr:000238,vw:msme:solar-rooftop-epc-contractor,REQUIRES_SKILL,vw:skill:solar-panel-installation-and-maintenance,70,Package008_MSME,skill_mapping.csv,kmap-028,2026-08-28,Essential
vwr:000239,vw:msme:solar-rooftop-epc-contractor,REQUIRES_SKILL,vw:skill:electrician-domestic-wiring,69,Package008_MSME,skill_mapping.csv,kmap-029,2026-08-28,Essential
vwr:000240,vw:msme:solar-panel-assembly-unit,REQUIRES_SKILL,vw:skill:pcb-assembly-and-soldering,63,Package008_MSME,skill_mapping.csv,kmap-030,2026-08-28,Essential
vwr:000241,vw:msme:ev-charging-station-operator,REQUIRES_SKILL,vw:skill:industrial-electrician,64,Package008_MSME,skill_mapping.csv,kmap-031,2026-08-28,Essential
vwr:000242,vw:msme:ev-two-wheeler-service-centre,REQUIRES_SKILL,vw:skill:ev-technician,66,Package008_MSME,skill_mapping.csv,kmap-032,2026-08-28,Essential
vwr:000243,vw:msme:ev-two-wheeler-service-centre,REQUIRES_SKILL,vw:skill:two-wheeler-mechanic,66,Package008_MSME,skill_mapping.csv,kmap-033,2026-08-28,Essential
vwr:000244,vw:msme:garment-manufacturing-unit,REQUIRES_SKILL,vw:skill:garment-manufacturing-stitching,72,Package008_MSME,skill_mapping.csv,kmap-034,2026-08-28,Essential
vwr:000245,vw:msme:technical-textiles-unit,REQUIRES_SKILL,vw:skill:garment-manufacturing-stitching,62,Package008_MSME,skill_mapping.csv,kmap-035,2026-08-28,Useful
vwr:000246,vw:msme:cold-storage-facility,REQUIRES_SKILL,vw:skill:warehouse-management,68,Package008_MSME,skill_mapping.csv,kmap-036,2026-08-28,Essential
vwr:000247,vw:msme:warehouse-and-distribution-centre,REQUIRES_SKILL,vw:skill:warehouse-management,70,Package008_MSME,skill_mapping.csv,kmap-037,2026-08-28,Essential
vwr:000248,vw:msme:warehouse-and-distribution-centre,REQUIRES_SKILL,vw:skill:supply-chain-logistics,69,Package008_MSME,skill_mapping.csv,kmap-038,2026-08-28,Essential
vwr:000249,vw:msme:last-mile-delivery-fleet-operator,REQUIRES_SKILL,vw:skill:supply-chain-logistics,67,Package008_MSME,skill_mapping.csv,kmap-039,2026-08-28,Essential
vwr:000250,vw:msme:bio-fertiliser-and-vermicompost-unit,REQUIRES_SKILL,vw:skill:organic-farming,68,Package008_MSME,skill_mapping.csv,kmap-040,2026-08-28,Essential
vwr:000251,vw:msme:diagnostic-laboratory,REQUIRES_SKILL,vw:skill:nursing-assistant-multipurpose-health-worker,65,Package008_MSME,skill_mapping.csv,kmap-041,2026-08-28,Essential
vwr:000252,vw:msme:medical-devices-assembly-unit,REQUIRES_SKILL,vw:skill:pcb-assembly-and-soldering,61,Package008_MSME,skill_mapping.csv,kmap-042,2026-08-28,Essential
vwr:000253,vw:msme:drone-services-enterprise,REQUIRES_SKILL,vw:skill:drone-piloting-and-operations,68,Package008_MSME,skill_mapping.csv,kmap-044,2026-08-28,Essential
vwr:000254,vw:msme:drone-services-enterprise,REQUIRES_SKILL,vw:skill:precision-agriculture-and-iot,64,Package008_MSME,skill_mapping.csv,kmap-045,2026-08-28,Useful
vwr:000255,vw:msme:e-waste-dismantling-and-recovery,REQUIRES_SKILL,vw:skill:electronics-repair-and-maintenance,62,Package008_MSME,skill_mapping.csv,kmap-050,2026-08-28,Useful
vwr:000256,vw:msme:homestay-and-rural-tourism-enterprise,REQUIRES_SKILL,vw:skill:hotel-management-and-front-office,66,Package008_MSME,skill_mapping.csv,kmap-052,2026-08-28,Essential
vwr:000257,vw:msme:3d-printing-and-prototyping-service,REQUIRES_SKILL,vw:skill:cad-cam-design,63,Package008_MSME,skill_mapping.csv,kmap-053,2026-08-28,Essential
vwr:000258,vw:industry:technology-it-services,REQUIRES_SKILL,vw:skill:python-programming,68,Package006_Skills_and_Training,industry_skill_mapping.csv,3358049b-9c62-4a11-89c6-66ef30e767a3,2026-08-28,High
vwr:000259,vw:industry:technology-it-services,REQUIRES_SKILL,vw:skill:full-stack-web-development,68,Package006_Skills_and_Training,industry_skill_mapping.csv,546f7f3d-5bcd-45e0-97c2-e55b18a87b25,2026-08-28,High
vwr:000260,vw:industry:technology-it-services,REQUIRES_SKILL,vw:skill:database-administration-sql-nosql,68,Package006_Skills_and_Training,industry_skill_mapping.csv,d23a86c6-ac45-424b-99d5-4fa275e4b93f,2026-08-28,High
vwr:000261,vw:industry:technology-it-services,REQUIRES_SKILL,vw:skill:ethical-hacking-and-penetration-testing,68,Package006_Skills_and_Training,industry_skill_mapping.csv,f5edb314-6c94-46aa-8fec-a9b3a4090354,2026-08-28,High
vwr:000262,vw:industry:finance-and-banking,REQUIRES_SKILL,vw:skill:data-scientist,68,Package006_Skills_and_Training,industry_skill_mapping.csv,f5a50c18-9fe1-4c74-bc88-0522210c7ec0,2026-08-28,High
vwr:000263,vw:industry:finance-and-banking,REQUIRES_SKILL,vw:skill:machine-learning-engineer,68,Package006_Skills_and_Training,industry_skill_mapping.csv,67fd6b46-b1d2-4c18-9d40-425f0e3c75ac,2026-08-28,Medium
vwr:000264,vw:industry:manufacturing-automotive,REQUIRES_SKILL,vw:skill:cnc-machine-operator,68,Package006_Skills_and_Training,industry_skill_mapping.csv,97a05d54-f8ff-4a41-a500-1accbeff5630,2026-08-28,High
vwr:000265,vw:industry:manufacturing-automotive,REQUIRES_SKILL,vw:skill:cad-cam-design,68,Package006_Skills_and_Training,industry_skill_mapping.csv,6d4eb6f2-bc5f-4588-90c6-e7657b398598,2026-08-28,High
vwr:000266,vw:industry:manufacturing-automotive,REQUIRES_SKILL,vw:skill:industrial-robotics,68,Package006_Skills_and_Training,industry_skill_mapping.csv,403522db-d6a5-4f58-828f-104f3b5f7e4b,2026-08-28,High
vwr:000267,vw:industry:manufacturing-automotive,REQUIRES_SKILL,vw:skill:welding-mig-tig-arc,68,Package006_Skills_and_Training,industry_skill_mapping.csv,820da09f-a4a3-448c-9382-21ddb8d7c067,2026-08-28,Medium
vwr:000268,vw:industry:manufacturing-general,REQUIRES_SKILL,vw:skill:lathe-operation,68,Package006_Skills_and_Training,industry_skill_mapping.csv,f77c71ef-acac-48cc-9536-b9d54eaa31ea,2026-08-28,High
vwr:000269,vw:industry:manufacturing-general,REQUIRES_SKILL,vw:skill:plc-programming-and-control-systems,68,Package006_Skills_and_Training,industry_skill_mapping.csv,b5a486b2-6b00-4b2e-be2c-1f3451f56a3d,2026-08-28,High
vwr:000270,vw:industry:manufacturing-electronics,REQUIRES_SKILL,vw:skill:pcb-assembly-and-soldering,68,Package006_Skills_and_Training,industry_skill_mapping.csv,480f5f43-86ae-42e8-86ea-d39d50d083a6,2026-08-28,High
vwr:000271,vw:industry:manufacturing-electronics,REQUIRES_SKILL,vw:skill:microcontroller-programming,68,Package006_Skills_and_Training,industry_skill_mapping.csv,b98f1c17-e24e-4535-9a8a-5d67cd70c7f2,2026-08-28,Medium
vwr:000272,vw:industry:construction-and-real-estate,REQUIRES_SKILL,vw:skill:electrician-domestic-wiring,68,Package006_Skills_and_Training,industry_skill_mapping.csv,72f0988e-2c7d-446a-9101-a0bf1a22c2de,2026-08-28,High
vwr:000273,vw:industry:construction-and-real-estate,REQUIRES_SKILL,vw:skill:plumbing,68,Package006_Skills_and_Training,industry_skill_mapping.csv,28449fdc-cf03-43ca-8e9c-41ec37167434,2026-08-28,High
vwr:000274,vw:industry:construction-and-real-estate,REQUIRES_SKILL,vw:skill:carpentry,68,Package006_Skills_and_Training,industry_skill_mapping.csv,af0a8bdd-b6e4-4488-840b-9e80f78c2b7b,2026-08-28,High
vwr:000275,vw:industry:construction-and-real-estate,REQUIRES_SKILL,vw:skill:masonry-and-brickwork,68,Package006_Skills_and_Training,industry_skill_mapping.csv,347a2082-4bc5-41b6-89b8-d02e2537ef37,2026-08-28,High
vwr:000276,vw:industry:power-and-utilities,REQUIRES_SKILL,vw:skill:industrial-electrician,68,Package006_Skills_and_Training,industry_skill_mapping.csv,d2423966-8e10-4625-b307-d2a52d87906e,2026-08-28,High
vwr:000277,vw:industry:power-and-utilities,REQUIRES_SKILL,vw:skill:power-distribution-technician,68,Package006_Skills_and_Training,industry_skill_mapping.csv,0a365942-7447-4dfb-97b2-79acb14907c4,2026-08-28,High
vwr:000278,vw:industry:power-and-utilities,REQUIRES_SKILL,vw:skill:solar-panel-installation-and-maintenance,68,Package006_Skills_and_Training,industry_skill_mapping.csv,723a9b61-8d20-4723-9679-ae5fb851373d,2026-08-28,Medium
vwr:000279,vw:industry:agriculture-and-agro-processing,REQUIRES_SKILL,vw:skill:modern-farming-techniques,68,Package006_Skills_and_Training,industry_skill_mapping.csv,ac7e8bb7-d640-461b-9280-5caf679ccca9,2026-08-28,Medium
vwr:000280,vw:industry:agriculture-and-agro-processing,REQUIRES_SKILL,vw:skill:precision-agriculture-and-iot,68,Package006_Skills_and_Training,industry_skill_mapping.csv,47cecf6d-766d-479a-8bfd-b8c605551aff,2026-08-28,Medium
vwr:000281,vw:industry:food-and-beverage-manufacturing,REQUIRES_SKILL,vw:skill:food-processing-and-preservation,68,Package006_Skills_and_Training,industry_skill_mapping.csv,16f28daa-ccea-4a05-b5ab-94065972db61,2026-08-28,High
vwr:000282,vw:industry:food-and-beverage-manufacturing,REQUIRES_SKILL,vw:skill:bakery-production,68,Package006_Skills_and_Training,industry_skill_mapping.csv,f080824b-84db-4ee3-a659-75af149d8dc2,2026-08-28,Medium
vwr:000283,vw:industry:automotive-repair-and-services,REQUIRES_SKILL,vw:skill:automobile-mechanic-diesel-petrol,68,Package006_Skills_and_Training,industry_skill_mapping.csv,99f185fa-aeaa-4fe7-bf11-ae2837ddb6b4,2026-08-28,High
vwr:000284,vw:industry:automotive-repair-and-services,REQUIRES_SKILL,vw:skill:two-wheeler-mechanic,68,Package006_Skills_and_Training,industry_skill_mapping.csv,757d6a7c-66ab-4c66-b106-1df922a6a3ef,2026-08-28,High
vwr:000285,vw:industry:automotive-repair-and-services,REQUIRES_SKILL,vw:skill:ev-technician,68,Package006_Skills_and_Training,industry_skill_mapping.csv,2d544088-3d06-42ea-962c-12a193cc9734,2026-08-28,Medium
vwr:000286,vw:industry:renewable-energy,REQUIRES_SKILL,vw:skill:solar-panel-installation-and-maintenance,68,Package006_Skills_and_Training,industry_skill_mapping.csv,8e5dad9a-0c87-4072-b04f-9eba6e400435,2026-08-28,High
vwr:000287,vw:industry:renewable-energy,REQUIRES_SKILL,vw:skill:wind-energy-technician,68,Package006_Skills_and_Training,industry_skill_mapping.csv,0902aa13-7c20-4b8f-a3e0-4546782e1e6f,2026-08-28,Medium
vwr:000288,vw:industry:textiles-and-apparel,REQUIRES_SKILL,vw:skill:garment-manufacturing-stitching,68,Package006_Skills_and_Training,industry_skill_mapping.csv,7708e181-af24-4824-b042-8295c98a5b23,2026-08-28,High
vwr:000289,vw:industry:hospitality-and-tourism,REQUIRES_SKILL,vw:skill:hotel-management-and-front-office,68,Package006_Skills_and_Training,industry_skill_mapping.csv,435c1c25-a257-4598-8f5c-4b85c702a207,2026-08-28,High
vwr:000290,vw:industry:hospitality-and-tourism,REQUIRES_SKILL,vw:skill:food-service-and-culinary-arts,68,Package006_Skills_and_Training,industry_skill_mapping.csv,a5d0d6e9-464d-4ae8-b4e5-c9e6b2443ac7,2026-08-28,High
vwr:000291,vw:industry:logistics-and-e-commerce,REQUIRES_SKILL,vw:skill:warehouse-management,68,Package006_Skills_and_Training,industry_skill_mapping.csv,a87ce393-cc38-4739-a127-de3b0116a131,2026-08-28,High
vwr:000292,vw:industry:logistics-and-e-commerce,REQUIRES_SKILL,vw:skill:supply-chain-logistics,68,Package006_Skills_and_Training,industry_skill_mapping.csv,2b82a3d7-8b58-4366-a912-85fbc7d3521c,2026-08-28,High
vwr:000293,vw:industry:healthcare-services,REQUIRES_SKILL,vw:skill:nursing-assistant-multipurpose-health-worker,68,Package006_Skills_and_Training,industry_skill_mapping.csv,d468d696-c5eb-4051-8ee7-e351621f1f85,2026-08-28,High
vwr:000294,vw:industry:media-and-content-creation,REQUIRES_SKILL,vw:skill:video-editing-and-content-creation,68,Package006_Skills_and_Training,industry_skill_mapping.csv,ee3622f2-bb5d-4c28-9f60-a3d73f341efc,2026-08-28,High
vwr:000295,vw:businessopportunity:digital-marketing-agency,REQUIRES_SKILL,vw:skill:python-programming,75,Package006_Skills_and_Training,skill_business_mapping.csv,976c0303-f129-4b7c-ace3-29eb72837e6f,2026-08-28,Primary
vwr:000296,vw:businessopportunity:digital-marketing-agency,REQUIRES_SKILL,vw:skill:database-administration-sql-nosql,75,Package006_Skills_and_Training,skill_business_mapping.csv,e812677d-746d-4dea-9f0d-c0145cca0734,2026-08-28,Secondary
vwr:000297,vw:businessopportunity:cybersecurity-consulting,REQUIRES_SKILL,vw:skill:ethical-hacking-and-penetration-testing,75,Package006_Skills_and_Training,skill_business_mapping.csv,3a48fdc2-b101-4d98-a039-804a29aa3e3c,2026-08-28,Primary
vwr:000298,vw:msme:rice-milling-unit,SUPPORTED_BY_SCHEME,vw:governmentscheme:pm-formalisation-of-micro-food-processing-enterprises,72,Package008_MSME,scheme_mapping.csv,smap-001,2026-08-28,Primary
vwr:000299,vw:msme:rice-milling-unit,SUPPORTED_BY_SCHEME,vw:governmentscheme:prime-minister-s-employment-generation-programme,72,Package008_MSME,scheme_mapping.csv,smap-002,2026-08-28,Primary
vwr:000300,vw:msme:rice-milling-unit,SUPPORTED_BY_SCHEME,vw:governmentscheme:credit-guarantee-fund-trust-for-micro-and-small-enterprises,70,Package008_MSME,scheme_mapping.csv,smap-003,2026-08-28,Secondary
vwr:000301,vw:msme:dal-milling-unit,SUPPORTED_BY_SCHEME,vw:governmentscheme:pm-formalisation-of-micro-food-processing-enterprises,72,Package008_MSME,scheme_mapping.csv,smap-004,2026-08-28,Primary
vwr:000302,vw:msme:dal-milling-unit,SUPPORTED_BY_SCHEME,vw:governmentscheme:prime-minister-s-employment-generation-programme,71,Package008_MSME,scheme_mapping.csv,smap-005,2026-08-28,Primary
vwr:000303,vw:msme:cold-pressed-oil-unit,SUPPORTED_BY_SCHEME,vw:governmentscheme:pm-formalisation-of-micro-food-processing-enterprises,72,Package008_MSME,scheme_mapping.csv,smap-006,2026-08-28,Primary
vwr:000304,vw:msme:cold-pressed-oil-unit,SUPPORTED_BY_SCHEME,vw:governmentscheme:prime-minister-s-employment-generation-programme,71,Package008_MSME,scheme_mapping.csv,smap-007,2026-08-28,Primary
vwr:000305,vw:msme:spice-grinding-and-packing-unit,SUPPORTED_BY_SCHEME,vw:governmentscheme:pm-formalisation-of-micro-food-processing-enterprises,73,Package008_MSME,scheme_mapping.csv,smap-008,2026-08-28,Primary
vwr:000306,vw:msme:spice-grinding-and-packing-unit,SUPPORTED_BY_SCHEME,vw:governmentscheme:pradhan-mantri-mudra-yojana,70,Package008_MSME,scheme_mapping.csv,smap-009,2026-08-28,Secondary
vwr:000307,vw:msme:millet-processing-unit,SUPPORTED_BY_SCHEME,vw:governmentscheme:pm-formalisation-of-micro-food-processing-enterprises,71,Package008_MSME,scheme_mapping.csv,smap-010,2026-08-28,Primary
vwr:000308,vw:msme:fruit-pulp-and-beverage-unit,SUPPORTED_BY_SCHEME,vw:governmentscheme:pm-formalisation-of-micro-food-processing-enterprises,70,Package008_MSME,scheme_mapping.csv,smap-011,2026-08-28,Primary
vwr:000309,vw:msme:fruit-pulp-and-beverage-unit,SUPPORTED_BY_SCHEME,vw:governmentscheme:agriculture-infrastructure-fund,68,Package008_MSME,scheme_mapping.csv,smap-012,2026-08-28,Secondary
vwr:000310,vw:msme:cloud-kitchen,SUPPORTED_BY_SCHEME,vw:governmentscheme:pradhan-mantri-mudra-yojana,68,Package008_MSME,scheme_mapping.csv,smap-013,2026-08-28,Primary
vwr:000311,vw:msme:cloud-kitchen,SUPPORTED_BY_SCHEME,vw:governmentscheme:pm-formalisation-of-micro-food-processing-enterprises,66,Package008_MSME,scheme_mapping.csv,smap-014,2026-08-28,Secondary
vwr:000312,vw:msme:cnc-machining-job-shop,SUPPORTED_BY_SCHEME,vw:governmentscheme:prime-minister-s-employment-generation-programme,71,Package008_MSME,scheme_mapping.csv,smap-015,2026-08-28,Primary
vwr:000313,vw:msme:cnc-machining-job-shop,SUPPORTED_BY_SCHEME,vw:governmentscheme:credit-guarantee-fund-trust-for-micro-and-small-enterprises,70,Package008_MSME,scheme_mapping.csv,smap-016,2026-08-28,Primary
vwr:000314,vw:msme:sheet-metal-fabrication-unit,SUPPORTED_BY_SCHEME,vw:governmentscheme:prime-minister-s-employment-generation-programme,71,Package008_MSME,scheme_mapping.csv,smap-017,2026-08-28,Primary
vwr:000315,vw:msme:sheet-metal-fabrication-unit,SUPPORTED_BY_SCHEME,vw:governmentscheme:pradhan-mantri-mudra-yojana,69,Package008_MSME,scheme_mapping.csv,smap-018,2026-08-28,Secondary
vwr:000316,vw:msme:tool-and-die-making-unit,SUPPORTED_BY_SCHEME,vw:governmentscheme:credit-guarantee-fund-trust-for-micro-and-small-enterprises,69,Package008_MSME,scheme_mapping.csv,smap-019,2026-08-28,Primary
vwr:000317,vw:msme:industrial-automation-integration,SUPPORTED_BY_SCHEME,vw:governmentscheme:pradhan-mantri-mudra-yojana,67,Package008_MSME,scheme_mapping.csv,smap-020,2026-08-28,Primary
vwr:000318,vw:msme:electrical-panel-manufacturing,SUPPORTED_BY_SCHEME,vw:governmentscheme:prime-minister-s-employment-generation-programme,69,Package008_MSME,scheme_mapping.csv,smap-021,2026-08-28,Primary
vwr:000319,vw:msme:foundry-small-scale,SUPPORTED_BY_SCHEME,vw:governmentscheme:credit-guarantee-fund-trust-for-micro-and-small-enterprises,67,Package008_MSME,scheme_mapping.csv,smap-022,2026-08-28,Primary
vwr:000320,vw:msme:custom-software-development-firm,SUPPORTED_BY_SCHEME,vw:governmentscheme:pradhan-mantri-mudra-yojana,70,Package008_MSME,scheme_mapping.csv,smap-023,2026-08-28,Primary
vwr:000321,vw:msme:saas-product-startup,SUPPORTED_BY_SCHEME,vw:governmentscheme:startup-india-seed-fund-scheme,70,Package008_MSME,scheme_mapping.csv,smap-024,2026-08-28,Primary
vwr:000322,vw:msme:ai-solutions-and-consulting,SUPPORTED_BY_SCHEME,vw:governmentscheme:startup-india-seed-fund-scheme,66,Package008_MSME,scheme_mapping.csv,smap-025,2026-08-28,Primary
vwr:000323,vw:msme:digital-marketing-agency,SUPPORTED_BY_SCHEME,vw:governmentscheme:pradhan-mantri-mudra-yojana,68,Package008_MSME,scheme_mapping.csv,smap-026,2026-08-28,Primary
vwr:000324,vw:msme:it-hardware-and-network-services,SUPPORTED_BY_SCHEME,vw:governmentscheme:pradhan-mantri-mudra-yojana,68,Package008_MSME,scheme_mapping.csv,smap-027,2026-08-28,Primary
vwr:000325,vw:msme:rural-bpo-it-enabled-services-centre,SUPPORTED_BY_SCHEME,vw:governmentscheme:pradhan-mantri-mudra-yojana,66,Package008_MSME,scheme_mapping.csv,smap-028,2026-08-28,Primary
vwr:000326,vw:msme:solar-rooftop-epc-contractor,SUPPORTED_BY_SCHEME,vw:governmentscheme:pm-surya-ghar-muft-bijli-yojana,70,Package008_MSME,scheme_mapping.csv,smap-029,2026-08-28,Primary
vwr:000327,vw:msme:solar-rooftop-epc-contractor,SUPPORTED_BY_SCHEME,vw:governmentscheme:pradhan-mantri-mudra-yojana,68,Package008_MSME,scheme_mapping.csv,smap-030,2026-08-28,Secondary
vwr:000328,vw:msme:solar-panel-assembly-unit,SUPPORTED_BY_SCHEME,vw:governmentscheme:credit-guarantee-fund-trust-for-micro-and-small-enterprises,64,Package008_MSME,scheme_mapping.csv,smap-031,2026-08-28,Primary
vwr:000329,vw:msme:ev-charging-station-operator,SUPPORTED_BY_SCHEME,vw:governmentscheme:pradhan-mantri-mudra-yojana,64,Package008_MSME,scheme_mapping.csv,smap-032,2026-08-28,Primary
vwr:000330,vw:msme:ev-two-wheeler-service-centre,SUPPORTED_BY_SCHEME,vw:governmentscheme:pradhan-mantri-mudra-yojana,65,Package008_MSME,scheme_mapping.csv,smap-033,2026-08-28,Primary
vwr:000331,vw:msme:ev-two-wheeler-service-centre,SUPPORTED_BY_SCHEME,vw:governmentscheme:pm-vishwakarma,62,Package008_MSME,scheme_mapping.csv,smap-034,2026-08-28,Secondary
vwr:000332,vw:msme:garment-manufacturing-unit,SUPPORTED_BY_SCHEME,vw:governmentscheme:prime-minister-s-employment-generation-programme,71,Package008_MSME,scheme_mapping.csv,smap-035,2026-08-28,Primary
vwr:000333,vw:msme:garment-manufacturing-unit,SUPPORTED_BY_SCHEME,vw:governmentscheme:credit-guarantee-fund-trust-for-micro-and-small-enterprises,69,Package008_MSME,scheme_mapping.csv,smap-036,2026-08-28,Secondary
vwr:000334,vw:msme:handloom-and-handicraft-enterprise,SUPPORTED_BY_SCHEME,vw:governmentscheme:pm-vishwakarma,70,Package008_MSME,scheme_mapping.csv,smap-037,2026-08-28,Primary
vwr:000335,vw:msme:handloom-and-handicraft-enterprise,SUPPORTED_BY_SCHEME,vw:governmentscheme:prime-minister-s-employment-generation-programme,68,Package008_MSME,scheme_mapping.csv,smap-038,2026-08-28,Secondary
vwr:000336,vw:msme:technical-textiles-unit,SUPPORTED_BY_SCHEME,vw:governmentscheme:credit-guarantee-fund-trust-for-micro-and-small-enterprises,63,Package008_MSME,scheme_mapping.csv,smap-039,2026-08-28,Primary
vwr:000337,vw:msme:cold-storage-facility,SUPPORTED_BY_SCHEME,vw:governmentscheme:agriculture-infrastructure-fund,70,Package008_MSME,scheme_mapping.csv,smap-040,2026-08-28,Primary
vwr:000338,vw:msme:cold-storage-facility,SUPPORTED_BY_SCHEME,vw:governmentscheme:pradhan-mantri-krishi-sinchayee-yojana,62,Package008_MSME,scheme_mapping.csv,smap-041,2026-08-28,Secondary
vwr:000339,vw:msme:warehouse-and-distribution-centre,SUPPORTED_BY_SCHEME,vw:governmentscheme:credit-guarantee-fund-trust-for-micro-and-small-enterprises,68,Package008_MSME,scheme_mapping.csv,smap-042,2026-08-28,Primary
vwr:000340,vw:msme:last-mile-delivery-fleet-operator,SUPPORTED_BY_SCHEME,vw:governmentscheme:pradhan-mantri-mudra-yojana,67,Package008_MSME,scheme_mapping.csv,smap-043,2026-08-28,Primary
vwr:000341,vw:msme:packaging-materials-unit,SUPPORTED_BY_SCHEME,vw:governmentscheme:prime-minister-s-employment-generation-programme,69,Package008_MSME,scheme_mapping.csv,smap-044,2026-08-28,Primary
vwr:000342,vw:msme:plastic-waste-recycling-unit,SUPPORTED_BY_SCHEME,vw:governmentscheme:prime-minister-s-employment-generation-programme,66,Package008_MSME,scheme_mapping.csv,smap-045,2026-08-28,Primary
vwr:000343,vw:msme:e-waste-dismantling-and-recovery,SUPPORTED_BY_SCHEME,vw:governmentscheme:credit-guarantee-fund-trust-for-micro-and-small-enterprises,64,Package008_MSME,scheme_mapping.csv,smap-046,2026-08-28,Primary
vwr:000344,vw:msme:bio-fertiliser-and-vermicompost-unit,SUPPORTED_BY_SCHEME,vw:governmentscheme:paramparagat-krishi-vikas-yojana,68,Package008_MSME,scheme_mapping.csv,smap-047,2026-08-28,Primary
vwr:000345,vw:msme:bio-fertiliser-and-vermicompost-unit,SUPPORTED_BY_SCHEME,vw:governmentscheme:prime-minister-s-employment-generation-programme,67,Package008_MSME,scheme_mapping.csv,smap-048,2026-08-28,Secondary
vwr:000346,vw:msme:detergent-and-cleaning-products-unit,SUPPORTED_BY_SCHEME,vw:governmentscheme:prime-minister-s-employment-generation-programme,67,Package008_MSME,scheme_mapping.csv,smap-049,2026-08-28,Primary
vwr:000347,vw:msme:diagnostic-laboratory,SUPPORTED_BY_SCHEME,vw:governmentscheme:credit-guarantee-fund-trust-for-micro-and-small-enterprises,65,Package008_MSME,scheme_mapping.csv,smap-050,2026-08-28,Primary
vwr:000348,vw:msme:medical-devices-assembly-unit,SUPPORTED_BY_SCHEME,vw:governmentscheme:credit-guarantee-fund-trust-for-micro-and-small-enterprises,61,Package008_MSME,scheme_mapping.csv,smap-051,2026-08-28,Primary
vwr:000349,vw:msme:skill-training-centre,SUPPORTED_BY_SCHEME,vw:governmentscheme:pradhan-mantri-kaushal-vikas-yojana-4-0,68,Package008_MSME,scheme_mapping.csv,smap-052,2026-08-28,Primary
vwr:000350,vw:msme:skill-training-centre,SUPPORTED_BY_SCHEME,vw:governmentscheme:deen-dayal-upadhyaya-grameen-kaushalya-yojana,66,Package008_MSME,scheme_mapping.csv,smap-053,2026-08-28,Secondary
vwr:000351,vw:msme:homestay-and-rural-tourism-enterprise,SUPPORTED_BY_SCHEME,vw:governmentscheme:pradhan-mantri-mudra-yojana,64,Package008_MSME,scheme_mapping.csv,smap-054,2026-08-28,Primary
vwr:000352,vw:msme:drone-services-enterprise,SUPPORTED_BY_SCHEME,vw:governmentscheme:sub-mission-on-agricultural-mechanization,66,Package008_MSME,scheme_mapping.csv,smap-055,2026-08-28,Primary
vwr:000353,vw:msme:drone-services-enterprise,SUPPORTED_BY_SCHEME,vw:governmentscheme:pradhan-mantri-mudra-yojana,64,Package008_MSME,scheme_mapping.csv,smap-056,2026-08-28,Secondary
vwr:000354,vw:msme:3d-printing-and-prototyping-service,SUPPORTED_BY_SCHEME,vw:governmentscheme:pradhan-mantri-mudra-yojana,62,Package008_MSME,scheme_mapping.csv,smap-057,2026-08-28,Primary
vwr:000355,vw:crop:rice,SUPPORTED_BY_SCHEME,vw:governmentscheme:pradhan-mantri-fasal-bima-yojana,74,Package007_Government_Schemes,agriculture_scheme_mapping.csv,agrm-002,2026-08-28,Crop insurance
vwr:000356,vw:crop:cotton,SUPPORTED_BY_SCHEME,vw:governmentscheme:pradhan-mantri-fasal-bima-yojana,73,Package007_Government_Schemes,agriculture_scheme_mapping.csv,agrm-003,2026-08-28,Crop insurance
vwr:000357,vw:crop:rice,SUPPORTED_BY_SCHEME,vw:governmentscheme:kisan-credit-card,74,Package007_Government_Schemes,agriculture_scheme_mapping.csv,agrm-004,2026-08-28,Short-term crop credit
vwr:000358,vw:crop:chilli,SUPPORTED_BY_SCHEME,vw:governmentscheme:kisan-credit-card,72,Package007_Government_Schemes,agriculture_scheme_mapping.csv,agrm-005,2026-08-28,Short-term crop credit
vwr:000359,vw:crop:sugarcane,SUPPORTED_BY_SCHEME,vw:governmentscheme:pradhan-mantri-krishi-sinchayee-yojana,73,Package007_Government_Schemes,agriculture_scheme_mapping.csv,agrm-006,2026-08-28,Micro-irrigation
vwr:000360,vw:crop:banana,SUPPORTED_BY_SCHEME,vw:governmentscheme:pradhan-mantri-krishi-sinchayee-yojana,71,Package007_Government_Schemes,agriculture_scheme_mapping.csv,agrm-007,2026-08-28,Micro-irrigation
vwr:000361,vw:crop:rice,SUPPORTED_BY_SCHEME,vw:governmentscheme:sub-mission-on-agricultural-mechanization,73,Package007_Government_Schemes,agriculture_scheme_mapping.csv,agrm-008,2026-08-28,Farm mechanisation
vwr:000362,vw:crop:turmeric,SUPPORTED_BY_SCHEME,vw:governmentscheme:paramparagat-krishi-vikas-yojana,71,Package007_Government_Schemes,agriculture_scheme_mapping.csv,agrm-009,2026-08-28,Organic conversion
vwr:000363,vw:crop:ashwagandha,SUPPORTED_BY_SCHEME,vw:governmentscheme:paramparagat-krishi-vikas-yojana,68,Package007_Government_Schemes,agriculture_scheme_mapping.csv,agrm-010,2026-08-28,Organic conversion
vwr:000364,vw:crop:tomato,SUPPORTED_BY_SCHEME,vw:governmentscheme:agriculture-infrastructure-fund,70,Package007_Government_Schemes,agriculture_scheme_mapping.csv,agrm-012,2026-08-28,Post-harvest infrastructure
vwr:000365,vw:crop:rice,SUPPORTED_BY_SCHEME,vw:governmentscheme:pradhan-mantri-kisan-urja-suraksha-evam-utthaan-mahabhiyan,68,Package007_Government_Schemes,agriculture_scheme_mapping.csv,agrm-013,2026-08-28,Solar pump irrigation
vwr:000366,vw:crop:turmeric,SUPPORTED_BY_SCHEME,vw:governmentscheme:pm-formalisation-of-micro-food-processing-enterprises,70,Package007_Government_Schemes,agriculture_scheme_mapping.csv,agrm-014,2026-08-28,Value-add processing
vwr:000367,vw:skill:python-programming,SUPPORTED_BY_SCHEME,vw:governmentscheme:pradhan-mantri-kaushal-vikas-yojana-4-0,73,Package007_Government_Schemes,skill_scheme_mapping.csv,skm-001,2026-08-28,
vwr:000368,vw:skill:food-processing-and-preservation,SUPPORTED_BY_SCHEME,vw:governmentscheme:pradhan-mantri-kaushal-vikas-yojana-4-0,72,Package007_Government_Schemes,skill_scheme_mapping.csv,skm-002,2026-08-28,
vwr:000369,vw:skill:precision-agriculture-and-iot,SUPPORTED_BY_SCHEME,vw:governmentscheme:pradhan-mantri-kaushal-vikas-yojana-4-0,68,Package007_Government_Schemes,skill_scheme_mapping.csv,skm-003,2026-08-28,
vwr:000370,vw:skill:welding-mig-tig-arc,SUPPORTED_BY_SCHEME,vw:governmentscheme:pradhan-mantri-kaushal-vikas-yojana-4-0,72,Package007_Government_Schemes,skill_scheme_mapping.csv,skm-004,2026-08-28,
vwr:000371,vw:skill:automobile-mechanic-diesel-petrol,SUPPORTED_BY_SCHEME,vw:governmentscheme:pradhan-mantri-national-apprenticeship-promotion-scheme,72,Package007_Government_Schemes,skill_scheme_mapping.csv,skm-005,2026-08-28,
vwr:000372,vw:skill:cnc-machine-operator,SUPPORTED_BY_SCHEME,vw:governmentscheme:pradhan-mantri-national-apprenticeship-promotion-scheme,71,Package007_Government_Schemes,skill_scheme_mapping.csv,skm-006,2026-08-28,
vwr:000373,vw:skill:garment-manufacturing-stitching,SUPPORTED_BY_SCHEME,vw:governmentscheme:deen-dayal-upadhyaya-grameen-kaushalya-yojana,70,Package007_Government_Schemes,skill_scheme_mapping.csv,skm-007,2026-08-28,
vwr:000374,vw:skill:warehouse-management,SUPPORTED_BY_SCHEME,vw:governmentscheme:deen-dayal-upadhyaya-grameen-kaushalya-yojana,69,Package007_Government_Schemes,skill_scheme_mapping.csv,skm-008,2026-08-28,
vwr:000375,vw:skill:full-stack-web-development,SUPPORTED_BY_SCHEME,vw:governmentscheme:skill-loan-scheme,68,Package007_Government_Schemes,skill_scheme_mapping.csv,skm-009,2026-08-28,
vwr:000376,vw:skill:carpentry,SUPPORTED_BY_SCHEME,vw:governmentscheme:pm-vishwakarma,70,Package007_Government_Schemes,skill_scheme_mapping.csv,skm-010,2026-08-28,
vwr:000377,vw:skill:welding-mig-tig-arc,SUPPORTED_BY_SCHEME,vw:governmentscheme:pm-vishwakarma,69,Package007_Government_Schemes,skill_scheme_mapping.csv,skm-011,2026-08-28,
vwr:000378,vw:businessopportunity:turmeric-processing-and-powder-making-unit,SUPPORTED_BY_SCHEME,vw:governmentscheme:prime-minister-s-employment-generation-programme,73,Package007_Government_Schemes,industry_scheme_mapping.csv,indm-001,2026-08-28,New enterprise (greenfield)
vwr:000379,vw:businessopportunity:andhra-style-pickle-avakaya-mixed-making-unit,SUPPORTED_BY_SCHEME,vw:governmentscheme:prime-minister-s-employment-generation-programme,72,Package007_Government_Schemes,industry_scheme_mapping.csv,indm-002,2026-08-28,New enterprise (greenfield)
vwr:000380,vw:businessopportunity:welding-and-metal-fabrication,SUPPORTED_BY_SCHEME,vw:governmentscheme:prime-minister-s-employment-generation-programme,71,Package007_Government_Schemes,industry_scheme_mapping.csv,indm-003,2026-08-28,New enterprise (greenfield)
vwr:000381,vw:businessopportunity:small-scale-flour-atta-milling-unit,SUPPORTED_BY_SCHEME,vw:governmentscheme:pradhan-mantri-mudra-yojana,72,Package007_Government_Schemes,industry_scheme_mapping.csv,indm-004,2026-08-28,Working capital / small expansion
vwr:000382,vw:businessopportunity:digital-marketing-agency,SUPPORTED_BY_SCHEME,vw:governmentscheme:pradhan-mantri-mudra-yojana,70,Package007_Government_Schemes,industry_scheme_mapping.csv,indm-005,2026-08-28,Early stage
vwr:000383,vw:businessopportunity:cold-pressed-groundnut-sesame-oil-kachi-ghani-unit,SUPPORTED_BY_SCHEME,vw:governmentscheme:stand-up-india-scheme,71,Package007_Government_Schemes,industry_scheme_mapping.csv,indm-006,2026-08-28,New enterprise (greenfield)
vwr:000384,vw:businessopportunity:welding-and-metal-fabrication,SUPPORTED_BY_SCHEME,vw:governmentscheme:credit-guarantee-fund-trust-for-micro-and-small-enterprises,71,Package007_Government_Schemes,industry_scheme_mapping.csv,indm-007,2026-08-28,Growth (collateral-constrained)
vwr:000385,vw:businessopportunity:small-scale-millet-processing-unit,SUPPORTED_BY_SCHEME,vw:governmentscheme:pm-formalisation-of-micro-food-processing-enterprises,72,Package007_Government_Schemes,industry_scheme_mapping.csv,indm-008,2026-08-28,Formalisation / upgradation
vwr:000386,vw:businessopportunity:chilli-processing-grading-and-powder-making-unit,SUPPORTED_BY_SCHEME,vw:governmentscheme:pm-formalisation-of-micro-food-processing-enterprises,72,Package007_Government_Schemes,industry_scheme_mapping.csv,indm-009,2026-08-28,Formalisation / upgradation
vwr:000387,vw:businessopportunity:fpo-level-primary-millet-processing-unit,SUPPORTED_BY_SCHEME,vw:governmentscheme:pm-formalisation-of-micro-food-processing-enterprises,71,Package007_Government_Schemes,industry_scheme_mapping.csv,indm-010,2026-08-28,Collective enterprise
vwr:000388,vw:businessopportunity:small-it-services-firm-software-development-startup,SUPPORTED_BY_SCHEME,vw:governmentscheme:startup-india-seed-fund-scheme,68,Package007_Government_Schemes,industry_scheme_mapping.csv,indm-011,2026-08-28,Ideation to prototype
vwr:000389,vw:businessopportunity:carpentry,SUPPORTED_BY_SCHEME,vw:governmentscheme:pm-vishwakarma,70,Package007_Government_Schemes,industry_scheme_mapping.csv,indm-012,2026-08-28,Artisan / own-account
vwr:000390,vw:msme:rice-milling-unit,USES_MACHINERY,vw:machinery:rice-mill-mini,72,Package008_MSME,machinery_mapping.csv,mmap-001,2026-08-28,essential=Yes
vwr:000391,vw:msme:rice-milling-unit,USES_MACHINERY,vw:machinery:paddy-cleaner-and-destoner,68,Package008_MSME,machinery_mapping.csv,mmap-002,2026-08-28,essential=Yes
vwr:000392,vw:msme:rice-milling-unit,USES_MACHINERY,vw:machinery:packaging-machine-form-fill-seal,68,Package008_MSME,machinery_mapping.csv,mmap-003,2026-08-28,essential=No
vwr:000393,vw:msme:dal-milling-unit,USES_MACHINERY,vw:machinery:dal-mill-mini,72,Package008_MSME,machinery_mapping.csv,mmap-004,2026-08-28,essential=Yes
vwr:000394,vw:msme:dal-milling-unit,USES_MACHINERY,vw:machinery:grader-and-polisher,66,Package008_MSME,machinery_mapping.csv,mmap-005,2026-08-28,essential=Yes
vwr:000395,vw:msme:cold-pressed-oil-unit,USES_MACHINERY,vw:machinery:oil-expeller-cold-press,72,Package008_MSME,machinery_mapping.csv,mmap-006,2026-08-28,essential=Yes
vwr:000396,vw:msme:cold-pressed-oil-unit,USES_MACHINERY,vw:machinery:filter-press,66,Package008_MSME,machinery_mapping.csv,mmap-007,2026-08-28,essential=Yes
vwr:000397,vw:msme:cold-pressed-oil-unit,USES_MACHINERY,vw:machinery:bottling-and-capping-line,65,Package008_MSME,machinery_mapping.csv,mmap-008,2026-08-28,essential=No
vwr:000398,vw:msme:spice-grinding-and-packing-unit,USES_MACHINERY,vw:machinery:pulveriser-impact-mill,68,Package008_MSME,machinery_mapping.csv,mmap-009,2026-08-28,essential=Yes
vwr:000399,vw:msme:spice-grinding-and-packing-unit,USES_MACHINERY,vw:machinery:solar-dryer,67,Package008_MSME,machinery_mapping.csv,mmap-010,2026-08-28,essential=No
vwr:000400,vw:msme:spice-grinding-and-packing-unit,USES_MACHINERY,vw:machinery:packaging-machine-form-fill-seal,68,Package008_MSME,machinery_mapping.csv,mmap-011,2026-08-28,essential=Yes
vwr:000401,vw:msme:millet-processing-unit,USES_MACHINERY,vw:machinery:millet-dehuller,66,Package008_MSME,machinery_mapping.csv,mmap-012,2026-08-28,essential=Yes
vwr:000402,vw:msme:millet-processing-unit,USES_MACHINERY,vw:machinery:flour-mill-rava-unit,66,Package008_MSME,machinery_mapping.csv,mmap-013,2026-08-28,essential=Yes
vwr:000403,vw:msme:fruit-pulp-and-beverage-unit,USES_MACHINERY,vw:machinery:fruit-pulper-and-deseeder,66,Package008_MSME,machinery_mapping.csv,mmap-014,2026-08-28,essential=Yes
vwr:000404,vw:msme:fruit-pulp-and-beverage-unit,USES_MACHINERY,vw:machinery:aseptic-filling-line,64,Package008_MSME,machinery_mapping.csv,mmap-015,2026-08-28,essential=Yes
vwr:000405,vw:msme:fruit-pulp-and-beverage-unit,USES_MACHINERY,vw:machinery:cold-storage-unit,67,Package008_MSME,machinery_mapping.csv,mmap-016,2026-08-28,essential=No
vwr:000406,vw:msme:cloud-kitchen,USES_MACHINERY,vw:machinery:commercial-kitchen-equipment-set,64,Package008_MSME,machinery_mapping.csv,mmap-017,2026-08-28,essential=Yes
vwr:000407,vw:msme:cnc-machining-job-shop,USES_MACHINERY,vw:machinery:cnc-turning-centre,70,Package008_MSME,machinery_mapping.csv,mmap-018,2026-08-28,essential=Yes
vwr:000408,vw:msme:cnc-machining-job-shop,USES_MACHINERY,vw:machinery:cnc-vertical-machining-centre,70,Package008_MSME,machinery_mapping.csv,mmap-019,2026-08-28,essential=Yes
vwr:000409,vw:msme:cnc-machining-job-shop,USES_MACHINERY,vw:machinery:coordinate-measuring-machine,66,Package008_MSME,machinery_mapping.csv,mmap-020,2026-08-28,essential=No
vwr:000410,vw:msme:sheet-metal-fabrication-unit,USES_MACHINERY,vw:machinery:cnc-press-brake,69,Package008_MSME,machinery_mapping.csv,mmap-021,2026-08-28,essential=Yes
vwr:000411,vw:msme:sheet-metal-fabrication-unit,USES_MACHINERY,vw:machinery:laser-or-plasma-cutting-machine,69,Package008_MSME,machinery_mapping.csv,mmap-022,2026-08-28,essential=Yes
vwr:000412,vw:msme:sheet-metal-fabrication-unit,USES_MACHINERY,vw:machinery:welding-equipment-mig-tig,70,Package008_MSME,machinery_mapping.csv,mmap-023,2026-08-28,essential=Yes
vwr:000413,vw:msme:tool-and-die-making-unit,USES_MACHINERY,vw:machinery:edm-electrical-discharge-machine,67,Package008_MSME,machinery_mapping.csv,mmap-024,2026-08-28,essential=Yes
vwr:000414,vw:msme:tool-and-die-making-unit,USES_MACHINERY,vw:machinery:surface-and-cylindrical-grinder,67,Package008_MSME,machinery_mapping.csv,mmap-025,2026-08-28,essential=Yes
vwr:000415,vw:msme:industrial-automation-integration,USES_MACHINERY,vw:machinery:plc-and-hmi-development-kit,65,Package008_MSME,machinery_mapping.csv,mmap-026,2026-08-28,essential=Yes
vwr:000416,vw:msme:electrical-panel-manufacturing,USES_MACHINERY,vw:machinery:busbar-bending-and-punching-machine,67,Package008_MSME,machinery_mapping.csv,mmap-027,2026-08-28,essential=Yes
vwr:000417,vw:msme:foundry-small-scale,USES_MACHINERY,vw:machinery:induction-melting-furnace,66,Package008_MSME,machinery_mapping.csv,mmap-028,2026-08-28,essential=Yes
vwr:000418,vw:msme:foundry-small-scale,USES_MACHINERY,vw:machinery:sand-mixer-and-moulding-line,65,Package008_MSME,machinery_mapping.csv,mmap-029,2026-08-28,essential=Yes
vwr:000419,vw:msme:custom-software-development-firm,USES_MACHINERY,vw:machinery:developer-workstations-and-cloud-infrastructure,70,Package008_MSME,machinery_mapping.csv,mmap-030,2026-08-28,essential=Yes
vwr:000420,vw:msme:saas-product-startup,USES_MACHINERY,vw:machinery:developer-workstations-and-cloud-infrastructure,68,Package008_MSME,machinery_mapping.csv,mmap-031,2026-08-28,essential=Yes
vwr:000421,vw:msme:digital-marketing-agency,USES_MACHINERY,vw:machinery:workstations-and-creative-software-licences,67,Package008_MSME,machinery_mapping.csv,mmap-032,2026-08-28,essential=Yes
vwr:000422,vw:msme:rural-bpo-it-enabled-services-centre,USES_MACHINERY,vw:machinery:workstations-connectivity-and-ups-backup,65,Package008_MSME,machinery_mapping.csv,mmap-033,2026-08-28,essential=Yes
vwr:000423,vw:msme:homestay-and-rural-tourism-enterprise,USES_MACHINERY,vw:machinery:guest-room-furnishing-and-kitchen-equipment,64,Package008_MSME,machinery_mapping.csv,mmap-034,2026-08-28,essential=Yes
vwr:000424,vw:msme:ai-solutions-and-consulting,USES_MACHINERY,vw:machinery:gpu-compute-owned-or-cloud,64,Package008_MSME,machinery_mapping.csv,mmap-035,2026-08-28,essential=Yes
vwr:000425,vw:msme:it-hardware-and-network-services,USES_MACHINERY,vw:machinery:diagnostic-and-networking-toolkit,67,Package008_MSME,machinery_mapping.csv,mmap-036,2026-08-28,essential=Yes
vwr:000426,vw:msme:solar-rooftop-epc-contractor,USES_MACHINERY,vw:machinery:installation-tools-and-safety-equipment,68,Package008_MSME,machinery_mapping.csv,mmap-037,2026-08-28,essential=Yes
vwr:000427,vw:msme:solar-panel-assembly-unit,USES_MACHINERY,vw:machinery:solar-module-laminator,64,Package008_MSME,machinery_mapping.csv,mmap-038,2026-08-28,essential=Yes
vwr:000428,vw:msme:solar-panel-assembly-unit,USES_MACHINERY,vw:machinery:cell-stringer-tabber,63,Package008_MSME,machinery_mapping.csv,mmap-039,2026-08-28,essential=Yes
vwr:000429,vw:msme:ev-charging-station-operator,USES_MACHINERY,vw:machinery:ac-and-dc-charging-units,64,Package008_MSME,machinery_mapping.csv,mmap-040,2026-08-28,essential=Yes
vwr:000430,vw:msme:ev-two-wheeler-service-centre,USES_MACHINERY,vw:machinery:battery-diagnostic-and-balancing-equipment,64,Package008_MSME,machinery_mapping.csv,mmap-041,2026-08-28,essential=Yes
vwr:000431,vw:msme:garment-manufacturing-unit,USES_MACHINERY,vw:machinery:industrial-sewing-machines-lockstitch-overlock,71,Package008_MSME,machinery_mapping.csv,mmap-042,2026-08-28,essential=Yes
vwr:000432,vw:msme:garment-manufacturing-unit,USES_MACHINERY,vw:machinery:fabric-cutting-machine,70,Package008_MSME,machinery_mapping.csv,mmap-043,2026-08-28,essential=Yes
vwr:000433,vw:msme:garment-manufacturing-unit,USES_MACHINERY,vw:machinery:steam-press-and-finishing-unit,69,Package008_MSME,machinery_mapping.csv,mmap-044,2026-08-28,essential=Yes
vwr:000434,vw:msme:handloom-and-handicraft-enterprise,USES_MACHINERY,vw:machinery:handloom-artisan-toolset,68,Package008_MSME,machinery_mapping.csv,mmap-045,2026-08-28,essential=Yes
vwr:000435,vw:msme:technical-textiles-unit,USES_MACHINERY,vw:machinery:nonwoven-or-coating-line,62,Package008_MSME,machinery_mapping.csv,mmap-046,2026-08-28,essential=Yes
vwr:000436,vw:msme:cold-storage-facility,USES_MACHINERY,vw:machinery:cold-storage-unit,70,Package008_MSME,machinery_mapping.csv,mmap-047,2026-08-28,essential=Yes
vwr:000437,vw:msme:cold-storage-facility,USES_MACHINERY,vw:machinery:cold-chain-reefer-transport,66,Package008_MSME,machinery_mapping.csv,mmap-048,2026-08-28,essential=No
vwr:000438,vw:msme:warehouse-and-distribution-centre,USES_MACHINERY,vw:machinery:forklift-and-material-handling-equipment,68,Package008_MSME,machinery_mapping.csv,mmap-049,2026-08-28,essential=Yes
vwr:000439,vw:msme:warehouse-and-distribution-centre,USES_MACHINERY,vw:machinery:racking-and-wms-barcode-infrastructure,66,Package008_MSME,machinery_mapping.csv,mmap-050,2026-08-28,essential=Yes
vwr:000440,vw:msme:last-mile-delivery-fleet-operator,USES_MACHINERY,vw:machinery:delivery-vehicle-fleet,67,Package008_MSME,machinery_mapping.csv,mmap-051,2026-08-28,essential=Yes
vwr:000441,vw:msme:packaging-materials-unit,USES_MACHINERY,vw:machinery:corrugation-and-box-making-line,69,Package008_MSME,machinery_mapping.csv,mmap-052,2026-08-28,essential=Yes
vwr:000442,vw:msme:packaging-materials-unit,USES_MACHINERY,vw:machinery:flexographic-printing-machine,67,Package008_MSME,machinery_mapping.csv,mmap-053,2026-08-28,essential=No
vwr:000443,vw:msme:plastic-waste-recycling-unit,USES_MACHINERY,vw:machinery:plastic-shredder-and-washing-line,66,Package008_MSME,machinery_mapping.csv,mmap-054,2026-08-28,essential=Yes
vwr:000444,vw:msme:plastic-waste-recycling-unit,USES_MACHINERY,vw:machinery:pelletiser-extruder,66,Package008_MSME,machinery_mapping.csv,mmap-055,2026-08-28,essential=Yes
vwr:000445,vw:msme:e-waste-dismantling-and-recovery,USES_MACHINERY,vw:machinery:dismantling-workstations-and-shredder,63,Package008_MSME,machinery_mapping.csv,mmap-056,2026-08-28,essential=Yes
vwr:000446,vw:msme:bio-fertiliser-and-vermicompost-unit,USES_MACHINERY,vw:machinery:vermibed-infrastructure-and-shredder,67,Package008_MSME,machinery_mapping.csv,mmap-057,2026-08-28,essential=Yes
vwr:000447,vw:msme:detergent-and-cleaning-products-unit,USES_MACHINERY,vw:machinery:mixing-and-blending-tanks,66,Package008_MSME,machinery_mapping.csv,mmap-058,2026-08-28,essential=Yes
vwr:000448,vw:msme:detergent-and-cleaning-products-unit,USES_MACHINERY,vw:machinery:filling-and-sealing-line,66,Package008_MSME,machinery_mapping.csv,mmap-059,2026-08-28,essential=Yes
vwr:000449,vw:msme:diagnostic-laboratory,USES_MACHINERY,vw:machinery:biochemistry-and-haematology-analysers,66,Package008_MSME,machinery_mapping.csv,mmap-060,2026-08-28,essential=Yes
vwr:000450,vw:msme:medical-devices-assembly-unit,USES_MACHINERY,vw:machinery:cleanroom-and-assembly-fixtures,61,Package008_MSME,machinery_mapping.csv,mmap-061,2026-08-28,essential=Yes
vwr:000451,vw:msme:skill-training-centre,USES_MACHINERY,vw:machinery:training-lab-equipment-and-computers,66,Package008_MSME,machinery_mapping.csv,mmap-062,2026-08-28,essential=Yes
vwr:000452,vw:msme:drone-services-enterprise,USES_MACHINERY,vw:machinery:agricultural-drone,66,Package008_MSME,machinery_mapping.csv,mmap-063,2026-08-28,essential=Yes
vwr:000453,vw:msme:3d-printing-and-prototyping-service,USES_MACHINERY,vw:machinery:fdm-and-resin-3d-printers,62,Package008_MSME,machinery_mapping.csv,mmap-064,2026-08-28,essential=Yes
vwr:000454,vw:msme:rice-milling-unit,USES_RAW_MATERIAL,vw:crop:rice,72,Package008_MSME,raw_material_mapping.csv,rmap-001,2026-08-28,High
vwr:000455,vw:msme:dal-milling-unit,USES_RAW_MATERIAL,vw:crop:pigeon-pea,70,Package008_MSME,raw_material_mapping.csv,rmap-002,2026-08-28,Medium
vwr:000456,vw:msme:dal-milling-unit,USES_RAW_MATERIAL,vw:crop:chickpea,70,Package008_MSME,raw_material_mapping.csv,rmap-003,2026-08-28,Medium
vwr:000457,vw:msme:cold-pressed-oil-unit,USES_RAW_MATERIAL,vw:crop:groundnut,71,Package008_MSME,raw_material_mapping.csv,rmap-004,2026-08-28,High
vwr:000458,vw:msme:cold-pressed-oil-unit,USES_RAW_MATERIAL,vw:rawmaterial:sesame,64,Package008_MSME,raw_material_mapping.csv,rmap-005,2026-08-28,Medium
vwr:000459,vw:msme:spice-grinding-and-packing-unit,USES_RAW_MATERIAL,vw:crop:turmeric,72,Package008_MSME,raw_material_mapping.csv,rmap-006,2026-08-28,High
vwr:000460,vw:msme:spice-grinding-and-packing-unit,USES_RAW_MATERIAL,vw:crop:chilli,72,Package008_MSME,raw_material_mapping.csv,rmap-007,2026-08-28,High
vwr:000461,vw:msme:spice-grinding-and-packing-unit,USES_RAW_MATERIAL,vw:crop:coriander,68,Package008_MSME,raw_material_mapping.csv,rmap-008,2026-08-28,Medium
vwr:000462,vw:msme:millet-processing-unit,USES_RAW_MATERIAL,vw:crop:pearl-millet,68,Package008_MSME,raw_material_mapping.csv,rmap-009,2026-08-28,Medium
vwr:000463,vw:msme:millet-processing-unit,USES_RAW_MATERIAL,vw:crop:finger-millet,66,Package008_MSME,raw_material_mapping.csv,rmap-010,2026-08-28,Medium
vwr:000464,vw:msme:fruit-pulp-and-beverage-unit,USES_RAW_MATERIAL,vw:crop:mango,69,Package008_MSME,raw_material_mapping.csv,rmap-011,2026-08-28,Medium
vwr:000465,vw:msme:fruit-pulp-and-beverage-unit,USES_RAW_MATERIAL,vw:crop:tomato,68,Package008_MSME,raw_material_mapping.csv,rmap-012,2026-08-28,High
vwr:000466,vw:msme:cloud-kitchen,USES_RAW_MATERIAL,vw:rawmaterial:vegetables-and-provisions,62,Package008_MSME,raw_material_mapping.csv,rmap-013,2026-08-28,High
vwr:000467,vw:msme:cnc-machining-job-shop,USES_RAW_MATERIAL,vw:rawmaterial:alloy-steel-and-aluminium-bar-stock,69,Package008_MSME,raw_material_mapping.csv,rmap-014,2026-08-28,High
vwr:000468,vw:msme:sheet-metal-fabrication-unit,USES_RAW_MATERIAL,vw:rawmaterial:ms-and-gi-sheet,69,Package008_MSME,raw_material_mapping.csv,rmap-015,2026-08-28,High
vwr:000469,vw:msme:tool-and-die-making-unit,USES_RAW_MATERIAL,vw:rawmaterial:tool-steel-d2-h13,66,Package008_MSME,raw_material_mapping.csv,rmap-016,2026-08-28,Medium
vwr:000470,vw:msme:industrial-automation-integration,USES_RAW_MATERIAL,vw:rawmaterial:plc-drives-sensors-and-cabling,65,Package008_MSME,raw_material_mapping.csv,rmap-017,2026-08-28,Medium
vwr:000471,vw:msme:electrical-panel-manufacturing,USES_RAW_MATERIAL,vw:rawmaterial:switchgear-busbar-and-enclosures,67,Package008_MSME,raw_material_mapping.csv,rmap-018,2026-08-28,High
vwr:000472,vw:msme:foundry-small-scale,USES_RAW_MATERIAL,vw:rawmaterial:pig-iron-and-foundry-scrap,65,Package008_MSME,raw_material_mapping.csv,rmap-019,2026-08-28,High
vwr:000473,vw:msme:solar-panel-assembly-unit,USES_RAW_MATERIAL,vw:rawmaterial:solar-cells-glass-eva-and-backsheet,63,Package008_MSME,raw_material_mapping.csv,rmap-020,2026-08-28,Medium
vwr:000474,vw:msme:ev-charging-station-operator,USES_RAW_MATERIAL,vw:rawmaterial:charging-hardware-and-transformer,63,Package008_MSME,raw_material_mapping.csv,rmap-021,2026-08-28,Medium
vwr:000475,vw:msme:ev-two-wheeler-service-centre,USES_RAW_MATERIAL,vw:rawmaterial:battery-modules-and-spare-parts,62,Package008_MSME,raw_material_mapping.csv,rmap-022,2026-08-28,Low
vwr:000476,vw:msme:garment-manufacturing-unit,USES_RAW_MATERIAL,vw:rawmaterial:fabric-and-trims,70,Package008_MSME,raw_material_mapping.csv,rmap-023,2026-08-28,High
vwr:000477,vw:msme:handloom-and-handicraft-enterprise,USES_RAW_MATERIAL,vw:crop:cotton,67,Package008_MSME,raw_material_mapping.csv,rmap-024,2026-08-28,Medium
vwr:000478,vw:msme:technical-textiles-unit,USES_RAW_MATERIAL,vw:rawmaterial:technical-fibre-and-coating-chemicals,61,Package008_MSME,raw_material_mapping.csv,rmap-025,2026-08-28,Low
vwr:000479,vw:msme:packaging-materials-unit,USES_RAW_MATERIAL,vw:rawmaterial:kraft-paper-and-ink,68,Package008_MSME,raw_material_mapping.csv,rmap-026,2026-08-28,High
vwr:000480,vw:msme:plastic-waste-recycling-unit,USES_RAW_MATERIAL,vw:rawmaterial:post-consumer-plastic-waste,65,Package008_MSME,raw_material_mapping.csv,rmap-027,2026-08-28,Medium
vwr:000481,vw:msme:e-waste-dismantling-and-recovery,USES_RAW_MATERIAL,vw:rawmaterial:end-of-life-electronics,63,Package008_MSME,raw_material_mapping.csv,rmap-028,2026-08-28,Medium
vwr:000482,vw:msme:bio-fertiliser-and-vermicompost-unit,USES_RAW_MATERIAL,vw:rawmaterial:cattle-dung-and-farm-waste,67,Package008_MSME,raw_material_mapping.csv,rmap-029,2026-08-28,High
vwr:000483,vw:msme:detergent-and-cleaning-products-unit,USES_RAW_MATERIAL,vw:rawmaterial:surfactants-builders-and-fragrance,66,Package008_MSME,raw_material_mapping.csv,rmap-030,2026-08-28,High
vwr:000484,vw:msme:diagnostic-laboratory,USES_RAW_MATERIAL,vw:rawmaterial:reagents-and-consumables,65,Package008_MSME,raw_material_mapping.csv,rmap-031,2026-08-28,High
vwr:000485,vw:msme:medical-devices-assembly-unit,USES_RAW_MATERIAL,vw:rawmaterial:device-components-and-sterile-packaging,60,Package008_MSME,raw_material_mapping.csv,rmap-032,2026-08-28,Medium
vwr:000486,vw:msme:3d-printing-and-prototyping-service,USES_RAW_MATERIAL,vw:rawmaterial:pla-abs-filament-and-photopolymer-resin,61,Package008_MSME,raw_material_mapping.csv,rmap-033,2026-08-28,Medium
vwr:000487,vw:msme:rice-milling-unit,PROCESSES,vw:crop:rice,73,Package008_MSME,agriculture_business_mapping.csv,amap-001,2026-08-28,Primary Processing
vwr:000488,vw:msme:dal-milling-unit,PROCESSES,vw:crop:pigeon-pea,72,Package008_MSME,agriculture_business_mapping.csv,amap-002,2026-08-28,Primary Processing
vwr:000489,vw:msme:dal-milling-unit,PROCESSES,vw:crop:chickpea,71,Package008_MSME,agriculture_business_mapping.csv,amap-003,2026-08-28,Primary Processing
vwr:000490,vw:msme:cold-pressed-oil-unit,PROCESSES,vw:crop:groundnut,73,Package008_MSME,agriculture_business_mapping.csv,amap-004,2026-08-28,Primary Processing
vwr:000491,vw:msme:spice-grinding-and-packing-unit,PROCESSES,vw:crop:turmeric,74,Package008_MSME,agriculture_business_mapping.csv,amap-005,2026-08-28,Secondary Processing
vwr:000492,vw:msme:spice-grinding-and-packing-unit,PROCESSES,vw:crop:chilli,74,Package008_MSME,agriculture_business_mapping.csv,amap-006,2026-08-28,Secondary Processing
vwr:000493,vw:msme:millet-processing-unit,PROCESSES,vw:crop:pearl-millet,71,Package008_MSME,agriculture_business_mapping.csv,amap-007,2026-08-28,Primary Processing
vwr:000494,vw:msme:millet-processing-unit,PROCESSES,vw:crop:finger-millet,69,Package008_MSME,agriculture_business_mapping.csv,amap-008,2026-08-28,Primary Processing
vwr:000495,vw:msme:fruit-pulp-and-beverage-unit,PROCESSES,vw:crop:mango,70,Package008_MSME,agriculture_business_mapping.csv,amap-009,2026-08-28,Secondary Processing
vwr:000496,vw:msme:fruit-pulp-and-beverage-unit,PROCESSES,vw:crop:tomato,68,Package008_MSME,agriculture_business_mapping.csv,amap-010,2026-08-28,Secondary Processing
vwr:000497,vw:msme:spice-grinding-and-packing-unit,SELLS_TO,vw:market:export-channel,72,Package008_MSME,export_opportunities.csv,exp-001,2026-08-28,
vwr:000498,vw:msme:cold-pressed-oil-unit,SELLS_TO,vw:market:export-channel,68,Package008_MSME,export_opportunities.csv,exp-002,2026-08-28,
vwr:000499,vw:msme:dal-milling-unit,SELLS_TO,vw:market:export-channel,67,Package008_MSME,export_opportunities.csv,exp-003,2026-08-28,
vwr:000500,vw:msme:rice-milling-unit,SELLS_TO,vw:market:export-channel,66,Package008_MSME,export_opportunities.csv,exp-004,2026-08-28,
vwr:000501,vw:msme:fruit-pulp-and-beverage-unit,SELLS_TO,vw:market:export-channel,67,Package008_MSME,export_opportunities.csv,exp-005,2026-08-28,
vwr:000502,vw:msme:garment-manufacturing-unit,SELLS_TO,vw:market:export-channel,70,Package008_MSME,export_opportunities.csv,exp-006,2026-08-28,
vwr:000503,vw:msme:handloom-and-handicraft-enterprise,SELLS_TO,vw:market:export-channel,66,Package008_MSME,export_opportunities.csv,exp-007,2026-08-28,
vwr:000504,vw:msme:technical-textiles-unit,SELLS_TO,vw:market:export-channel,62,Package008_MSME,export_opportunities.csv,exp-008,2026-08-28,
vwr:000505,vw:msme:custom-software-development-firm,SELLS_TO,vw:market:export-channel,71,Package008_MSME,export_opportunities.csv,exp-009,2026-08-28,
vwr:000506,vw:msme:ai-solutions-and-consulting,SELLS_TO,vw:market:export-channel,62,Package008_MSME,export_opportunities.csv,exp-010,2026-08-28,
vwr:000507,vw:msme:tool-and-die-making-unit,SELLS_TO,vw:market:export-channel,64,Package008_MSME,export_opportunities.csv,exp-011,2026-08-28,
vwr:000508,vw:msme:packaging-materials-unit,SELLS_TO,vw:market:export-channel,60,Package008_MSME,export_opportunities.csv,exp-012,2026-08-28,
vwr:000509,vw:msme:spice-grinding-and-packing-unit,EXPORTS_TO,vw:exportcountry:uae,72,Package008_MSME,export_opportunities.csv,exp-001,2026-08-28,
vwr:000510,vw:msme:spice-grinding-and-packing-unit,EXPORTS_TO,vw:exportcountry:united-states,72,Package008_MSME,export_opportunities.csv,exp-001,2026-08-28,
vwr:000511,vw:msme:spice-grinding-and-packing-unit,EXPORTS_TO,vw:exportcountry:bangladesh,72,Package008_MSME,export_opportunities.csv,exp-001,2026-08-28,
vwr:000512,vw:msme:spice-grinding-and-packing-unit,EXPORTS_TO,vw:exportcountry:malaysia,72,Package008_MSME,export_opportunities.csv,exp-001,2026-08-28,
vwr:000513,vw:msme:spice-grinding-and-packing-unit,EXPORTS_TO,vw:exportcountry:united-kingdom,72,Package008_MSME,export_opportunities.csv,exp-001,2026-08-28,
vwr:000514,vw:msme:cold-pressed-oil-unit,EXPORTS_TO,vw:exportcountry:united-states,68,Package008_MSME,export_opportunities.csv,exp-002,2026-08-28,
vwr:000515,vw:msme:cold-pressed-oil-unit,EXPORTS_TO,vw:exportcountry:united-kingdom,68,Package008_MSME,export_opportunities.csv,exp-002,2026-08-28,
vwr:000516,vw:msme:cold-pressed-oil-unit,EXPORTS_TO,vw:exportcountry:uae,68,Package008_MSME,export_opportunities.csv,exp-002,2026-08-28,
vwr:000517,vw:msme:cold-pressed-oil-unit,EXPORTS_TO,vw:exportcountry:singapore,68,Package008_MSME,export_opportunities.csv,exp-002,2026-08-28,
vwr:000518,vw:msme:dal-milling-unit,EXPORTS_TO,vw:exportcountry:united-states,67,Package008_MSME,export_opportunities.csv,exp-003,2026-08-28,
vwr:000519,vw:msme:dal-milling-unit,EXPORTS_TO,vw:exportcountry:united-kingdom,67,Package008_MSME,export_opportunities.csv,exp-003,2026-08-28,
vwr:000520,vw:msme:dal-milling-unit,EXPORTS_TO,vw:exportcountry:uae,67,Package008_MSME,export_opportunities.csv,exp-003,2026-08-28,
vwr:000521,vw:msme:dal-milling-unit,EXPORTS_TO,vw:exportcountry:nepal,67,Package008_MSME,export_opportunities.csv,exp-003,2026-08-28,
vwr:000522,vw:msme:dal-milling-unit,EXPORTS_TO,vw:exportcountry:sri-lanka,67,Package008_MSME,export_opportunities.csv,exp-003,2026-08-28,
vwr:000523,vw:msme:rice-milling-unit,EXPORTS_TO,vw:exportcountry:bangladesh,66,Package008_MSME,export_opportunities.csv,exp-004,2026-08-28,
vwr:000524,vw:msme:rice-milling-unit,EXPORTS_TO,vw:exportcountry:uae,66,Package008_MSME,export_opportunities.csv,exp-004,2026-08-28,
vwr:000525,vw:msme:rice-milling-unit,EXPORTS_TO,vw:exportcountry:nepal,66,Package008_MSME,export_opportunities.csv,exp-004,2026-08-28,
vwr:000526,vw:msme:fruit-pulp-and-beverage-unit,EXPORTS_TO,vw:exportcountry:united-states,67,Package008_MSME,export_opportunities.csv,exp-005,2026-08-28,
vwr:000527,vw:msme:fruit-pulp-and-beverage-unit,EXPORTS_TO,vw:exportcountry:european-union,67,Package008_MSME,export_opportunities.csv,exp-005,2026-08-28,
vwr:000528,vw:msme:fruit-pulp-and-beverage-unit,EXPORTS_TO,vw:exportcountry:uae,67,Package008_MSME,export_opportunities.csv,exp-005,2026-08-28,
vwr:000529,vw:msme:fruit-pulp-and-beverage-unit,EXPORTS_TO,vw:exportcountry:japan,67,Package008_MSME,export_opportunities.csv,exp-005,2026-08-28,
vwr:000530,vw:msme:garment-manufacturing-unit,EXPORTS_TO,vw:exportcountry:united-states,70,Package008_MSME,export_opportunities.csv,exp-006,2026-08-28,
vwr:000531,vw:msme:garment-manufacturing-unit,EXPORTS_TO,vw:exportcountry:european-union,70,Package008_MSME,export_opportunities.csv,exp-006,2026-08-28,
vwr:000532,vw:msme:garment-manufacturing-unit,EXPORTS_TO,vw:exportcountry:united-kingdom,70,Package008_MSME,export_opportunities.csv,exp-006,2026-08-28,
vwr:000533,vw:msme:garment-manufacturing-unit,EXPORTS_TO,vw:exportcountry:uae,70,Package008_MSME,export_opportunities.csv,exp-006,2026-08-28,
vwr:000534,vw:msme:handloom-and-handicraft-enterprise,EXPORTS_TO,vw:exportcountry:united-states,66,Package008_MSME,export_opportunities.csv,exp-007,2026-08-28,
vwr:000535,vw:msme:handloom-and-handicraft-enterprise,EXPORTS_TO,vw:exportcountry:european-union,66,Package008_MSME,export_opportunities.csv,exp-007,2026-08-28,
vwr:000536,vw:msme:handloom-and-handicraft-enterprise,EXPORTS_TO,vw:exportcountry:japan,66,Package008_MSME,export_opportunities.csv,exp-007,2026-08-28,
vwr:000537,vw:msme:handloom-and-handicraft-enterprise,EXPORTS_TO,vw:exportcountry:australia,66,Package008_MSME,export_opportunities.csv,exp-007,2026-08-28,
vwr:000538,vw:msme:technical-textiles-unit,EXPORTS_TO,vw:exportcountry:european-union,62,Package008_MSME,export_opportunities.csv,exp-008,2026-08-28,
vwr:000539,vw:msme:technical-textiles-unit,EXPORTS_TO,vw:exportcountry:united-states,62,Package008_MSME,export_opportunities.csv,exp-008,2026-08-28,
vwr:000540,vw:msme:technical-textiles-unit,EXPORTS_TO,vw:exportcountry:middle-east,62,Package008_MSME,export_opportunities.csv,exp-008,2026-08-28,
vwr:000541,vw:msme:custom-software-development-firm,EXPORTS_TO,vw:exportcountry:united-states,71,Package008_MSME,export_opportunities.csv,exp-009,2026-08-28,
vwr:000542,vw:msme:custom-software-development-firm,EXPORTS_TO,vw:exportcountry:united-kingdom,71,Package008_MSME,export_opportunities.csv,exp-009,2026-08-28,
vwr:000543,vw:msme:custom-software-development-firm,EXPORTS_TO,vw:exportcountry:european-union,71,Package008_MSME,export_opportunities.csv,exp-009,2026-08-28,
vwr:000544,vw:msme:custom-software-development-firm,EXPORTS_TO,vw:exportcountry:australia,71,Package008_MSME,export_opportunities.csv,exp-009,2026-08-28,
vwr:000545,vw:msme:custom-software-development-firm,EXPORTS_TO,vw:exportcountry:singapore,71,Package008_MSME,export_opportunities.csv,exp-009,2026-08-28,
vwr:000546,vw:msme:ai-solutions-and-consulting,EXPORTS_TO,vw:exportcountry:united-states,62,Package008_MSME,export_opportunities.csv,exp-010,2026-08-28,
vwr:000547,vw:msme:ai-solutions-and-consulting,EXPORTS_TO,vw:exportcountry:united-kingdom,62,Package008_MSME,export_opportunities.csv,exp-010,2026-08-28,
vwr:000548,vw:msme:ai-solutions-and-consulting,EXPORTS_TO,vw:exportcountry:european-union,62,Package008_MSME,export_opportunities.csv,exp-010,2026-08-28,
vwr:000549,vw:msme:ai-solutions-and-consulting,EXPORTS_TO,vw:exportcountry:singapore,62,Package008_MSME,export_opportunities.csv,exp-010,2026-08-28,
vwr:000550,vw:msme:tool-and-die-making-unit,EXPORTS_TO,vw:exportcountry:united-states,64,Package008_MSME,export_opportunities.csv,exp-011,2026-08-28,
vwr:000551,vw:msme:tool-and-die-making-unit,EXPORTS_TO,vw:exportcountry:european-union,64,Package008_MSME,export_opportunities.csv,exp-011,2026-08-28,
vwr:000552,vw:msme:tool-and-die-making-unit,EXPORTS_TO,vw:exportcountry:middle-east,64,Package008_MSME,export_opportunities.csv,exp-011,2026-08-28,
vwr:000553,vw:msme:tool-and-die-making-unit,EXPORTS_TO,vw:exportcountry:southeast-asia,64,Package008_MSME,export_opportunities.csv,exp-011,2026-08-28,
vwr:000554,vw:msme:packaging-materials-unit,EXPORTS_TO,vw:exportcountry:middle-east,60,Package008_MSME,export_opportunities.csv,exp-012,2026-08-28,
vwr:000555,vw:msme:packaging-materials-unit,EXPORTS_TO,vw:exportcountry:africa,60,Package008_MSME,export_opportunities.csv,exp-012,2026-08-28,
vwr:000556,vw:msme:packaging-materials-unit,EXPORTS_TO,vw:exportcountry:sri-lanka,60,Package008_MSME,export_opportunities.csv,exp-012,2026-08-28,
vwr:000557,vw:msme:packaging-materials-unit,EXPORTS_TO,vw:exportcountry:nepal,60,Package008_MSME,export_opportunities.csv,exp-012,2026-08-28,
vwr:000558,vw:crop:rice,EXPORTS_TO,vw:exportcountry:saudi-arabia,77,Package005_Agriculture,export_opportunities.csv,eo-001,2026-08-28,
vwr:000559,vw:crop:rice,EXPORTS_TO,vw:exportcountry:uae,77,Package005_Agriculture,export_opportunities.csv,eo-001,2026-08-28,
vwr:000560,vw:crop:rice,EXPORTS_TO,vw:exportcountry:bangladesh,77,Package005_Agriculture,export_opportunities.csv,eo-001,2026-08-28,
vwr:000561,vw:crop:rice,EXPORTS_TO,vw:exportcountry:iran,77,Package005_Agriculture,export_opportunities.csv,eo-001,2026-08-28,
vwr:000562,vw:crop:turmeric,EXPORTS_TO,vw:exportcountry:uae,77,Package005_Agriculture,export_opportunities.csv,eo-002,2026-08-28,
vwr:000563,vw:crop:turmeric,EXPORTS_TO,vw:exportcountry:bangladesh,77,Package005_Agriculture,export_opportunities.csv,eo-002,2026-08-28,
vwr:000564,vw:crop:turmeric,EXPORTS_TO,vw:exportcountry:malaysia,77,Package005_Agriculture,export_opportunities.csv,eo-002,2026-08-28,
vwr:000565,vw:crop:turmeric,EXPORTS_TO,vw:exportcountry:singapore,77,Package005_Agriculture,export_opportunities.csv,eo-002,2026-08-28,
vwr:000566,vw:crop:chickpea,EXPORTS_TO,vw:exportcountry:usa,75,Package005_Agriculture,export_opportunities.csv,eo-003,2026-08-28,
vwr:000567,vw:crop:chickpea,EXPORTS_TO,vw:exportcountry:turkey,75,Package005_Agriculture,export_opportunities.csv,eo-003,2026-08-28,
vwr:000568,vw:crop:chickpea,EXPORTS_TO,vw:exportcountry:bangladesh,75,Package005_Agriculture,export_opportunities.csv,eo-003,2026-08-28,
vwr:000569,vw:crop:chickpea,EXPORTS_TO,vw:exportcountry:iraq,75,Package005_Agriculture,export_opportunities.csv,eo-003,2026-08-28,
vwr:000570,vw:crop:chickpea,EXPORTS_TO,vw:exportcountry:egypt,75,Package005_Agriculture,export_opportunities.csv,eo-003,2026-08-28,
vwr:000571,vw:crop:mango,EXPORTS_TO,vw:exportcountry:uae,73,Package005_Agriculture,export_opportunities.csv,eo-004,2026-08-28,
vwr:000572,vw:crop:mango,EXPORTS_TO,vw:exportcountry:netherlands,73,Package005_Agriculture,export_opportunities.csv,eo-004,2026-08-28,
vwr:000573,vw:crop:mango,EXPORTS_TO,vw:exportcountry:bangladesh,73,Package005_Agriculture,export_opportunities.csv,eo-004,2026-08-28,
vwr:000574,vw:crop:groundnut,EXPORTS_TO,vw:exportcountry:indonesia,72,Package005_Agriculture,export_opportunities.csv,eo-007,2026-08-28,
vwr:000575,vw:crop:groundnut,EXPORTS_TO,vw:exportcountry:bangladesh,72,Package005_Agriculture,export_opportunities.csv,eo-007,2026-08-28,
vwr:000576,vw:crop:groundnut,EXPORTS_TO,vw:exportcountry:netherlands,72,Package005_Agriculture,export_opportunities.csv,eo-007,2026-08-28,
vwr:000577,vw:governmentscheme:pradhan-mantri-mudra-yojana,FUNDED_BY,vw:financialinstitution:scheduled-commercial-banks,75,Package008_MSME,financial_support.csv,fin-001,2026-08-28,Term loan; working capital; cash credit
vwr:000578,vw:governmentscheme:prime-minister-s-employment-generation-programme,FUNDED_BY,vw:financialinstitution:scheduled-commercial-banks,75,Package008_MSME,financial_support.csv,fin-001,2026-08-28,Term loan; working capital; cash credit
vwr:000579,vw:governmentscheme:stand-up-india-scheme,FUNDED_BY,vw:financialinstitution:scheduled-commercial-banks,75,Package008_MSME,financial_support.csv,fin-001,2026-08-28,Term loan; working capital; cash credit
vwr:000580,vw:governmentscheme:pradhan-mantri-mudra-yojana,FUNDED_BY,vw:financialinstitution:regional-rural-banks,71,Package008_MSME,financial_support.csv,fin-002,2026-08-28,Term loan; working capital
vwr:000581,vw:governmentscheme:prime-minister-s-employment-generation-programme,FUNDED_BY,vw:financialinstitution:regional-rural-banks,71,Package008_MSME,financial_support.csv,fin-002,2026-08-28,Term loan; working capital
vwr:000582,vw:governmentscheme:agriculture-infrastructure-fund,FUNDED_BY,vw:financialinstitution:nabard,75,Package008_MSME,financial_support.csv,fin-004,2026-08-28,Refinance; project loan; grant support
vwr:000583,vw:governmentscheme:kisan-credit-card,FUNDED_BY,vw:financialinstitution:nabard,75,Package008_MSME,financial_support.csv,fin-004,2026-08-28,Refinance; project loan; grant support
vwr:000584,vw:governmentscheme:credit-guarantee-fund-trust-for-micro-and-small-enterprises,FUNDED_BY,vw:financialinstitution:cgtmse-guarantee-cover,74,Package008_MSME,financial_support.csv,fin-005,2026-08-28,Guarantee cover to the lender
vwr:000585,vw:governmentscheme:pradhan-mantri-mudra-yojana,FUNDED_BY,vw:financialinstitution:pradhan-mantri-mudra-yojana,76,Package008_MSME,financial_support.csv,fin-006,2026-08-28,Term loan; working capital
vwr:000586,vw:governmentscheme:stand-up-india-scheme,FUNDED_BY,vw:financialinstitution:stand-up-india,74,Package008_MSME,financial_support.csv,fin-007,2026-08-28,Composite loan (term plus working capital)
vwr:000587,vw:governmentscheme:prime-minister-s-employment-generation-programme,FUNDED_BY,vw:financialinstitution:pmegp-margin-money-subsidy,74,Package008_MSME,financial_support.csv,fin-008,2026-08-28,Back-ended margin money subsidy on a bank loan
vwr:000588,vw:governmentscheme:startup-india-seed-fund-scheme,FUNDED_BY,vw:financialinstitution:venture-capital-and-sidbi-fund-of-funds,64,Package008_MSME,financial_support.csv,fin-012,2026-08-28,Equity; structured instrument
vwr:000589,vw:msme:rice-milling-unit,SUPPORTED_BY_BANK,vw:financialinstitution:scheduled-commercial-banks,72,Package008_MSME,scheme_mapping.csv,smap-002,2026-08-28,via PMEGP
vwr:000590,vw:msme:dal-milling-unit,SUPPORTED_BY_BANK,vw:financialinstitution:scheduled-commercial-banks,71,Package008_MSME,scheme_mapping.csv,smap-005,2026-08-28,via PMEGP
vwr:000591,vw:msme:cold-pressed-oil-unit,SUPPORTED_BY_BANK,vw:financialinstitution:scheduled-commercial-banks,71,Package008_MSME,scheme_mapping.csv,smap-007,2026-08-28,via PMEGP
vwr:000592,vw:msme:spice-grinding-and-packing-unit,SUPPORTED_BY_BANK,vw:financialinstitution:scheduled-commercial-banks,70,Package008_MSME,scheme_mapping.csv,smap-009,2026-08-28,via PMMY
vwr:000593,vw:msme:fruit-pulp-and-beverage-unit,SUPPORTED_BY_BANK,vw:financialinstitution:scheduled-commercial-banks,68,Package008_MSME,scheme_mapping.csv,smap-012,2026-08-28,via AIF
vwr:000594,vw:msme:cloud-kitchen,SUPPORTED_BY_BANK,vw:financialinstitution:scheduled-commercial-banks,68,Package008_MSME,scheme_mapping.csv,smap-013,2026-08-28,via PMMY
vwr:000595,vw:msme:cnc-machining-job-shop,SUPPORTED_BY_BANK,vw:financialinstitution:scheduled-commercial-banks,71,Package008_MSME,scheme_mapping.csv,smap-015,2026-08-28,via PMEGP
vwr:000596,vw:msme:sheet-metal-fabrication-unit,SUPPORTED_BY_BANK,vw:financialinstitution:scheduled-commercial-banks,71,Package008_MSME,scheme_mapping.csv,smap-017,2026-08-28,via PMEGP
vwr:000597,vw:msme:tool-and-die-making-unit,SUPPORTED_BY_BANK,vw:financialinstitution:scheduled-commercial-banks,69,Package008_MSME,scheme_mapping.csv,smap-019,2026-08-28,via CGTMSE
vwr:000598,vw:msme:industrial-automation-integration,SUPPORTED_BY_BANK,vw:financialinstitution:scheduled-commercial-banks,67,Package008_MSME,scheme_mapping.csv,smap-020,2026-08-28,via PMMY
vwr:000599,vw:msme:electrical-panel-manufacturing,SUPPORTED_BY_BANK,vw:financialinstitution:scheduled-commercial-banks,69,Package008_MSME,scheme_mapping.csv,smap-021,2026-08-28,via PMEGP
vwr:000600,vw:msme:foundry-small-scale,SUPPORTED_BY_BANK,vw:financialinstitution:scheduled-commercial-banks,67,Package008_MSME,scheme_mapping.csv,smap-022,2026-08-28,via CGTMSE
vwr:000601,vw:msme:custom-software-development-firm,SUPPORTED_BY_BANK,vw:financialinstitution:scheduled-commercial-banks,70,Package008_MSME,scheme_mapping.csv,smap-023,2026-08-28,via PMMY
vwr:000602,vw:msme:digital-marketing-agency,SUPPORTED_BY_BANK,vw:financialinstitution:scheduled-commercial-banks,68,Package008_MSME,scheme_mapping.csv,smap-026,2026-08-28,via PMMY
vwr:000603,vw:msme:it-hardware-and-network-services,SUPPORTED_BY_BANK,vw:financialinstitution:scheduled-commercial-banks,68,Package008_MSME,scheme_mapping.csv,smap-027,2026-08-28,via PMMY
vwr:000604,vw:msme:rural-bpo-it-enabled-services-centre,SUPPORTED_BY_BANK,vw:financialinstitution:scheduled-commercial-banks,66,Package008_MSME,scheme_mapping.csv,smap-028,2026-08-28,via PMMY
vwr:000605,vw:msme:solar-rooftop-epc-contractor,SUPPORTED_BY_BANK,vw:financialinstitution:scheduled-commercial-banks,68,Package008_MSME,scheme_mapping.csv,smap-030,2026-08-28,via PMMY
vwr:000606,vw:msme:solar-panel-assembly-unit,SUPPORTED_BY_BANK,vw:financialinstitution:scheduled-commercial-banks,64,Package008_MSME,scheme_mapping.csv,smap-031,2026-08-28,via CGTMSE
vwr:000607,vw:msme:ev-charging-station-operator,SUPPORTED_BY_BANK,vw:financialinstitution:scheduled-commercial-banks,64,Package008_MSME,scheme_mapping.csv,smap-032,2026-08-28,via PMMY
vwr:000608,vw:msme:ev-two-wheeler-service-centre,SUPPORTED_BY_BANK,vw:financialinstitution:scheduled-commercial-banks,65,Package008_MSME,scheme_mapping.csv,smap-033,2026-08-28,via PMMY
vwr:000609,vw:msme:garment-manufacturing-unit,SUPPORTED_BY_BANK,vw:financialinstitution:scheduled-commercial-banks,71,Package008_MSME,scheme_mapping.csv,smap-035,2026-08-28,via PMEGP
vwr:000610,vw:msme:handloom-and-handicraft-enterprise,SUPPORTED_BY_BANK,vw:financialinstitution:scheduled-commercial-banks,68,Package008_MSME,scheme_mapping.csv,smap-038,2026-08-28,via PMEGP
vwr:000611,vw:msme:technical-textiles-unit,SUPPORTED_BY_BANK,vw:financialinstitution:scheduled-commercial-banks,63,Package008_MSME,scheme_mapping.csv,smap-039,2026-08-28,via CGTMSE
vwr:000612,vw:msme:cold-storage-facility,SUPPORTED_BY_BANK,vw:financialinstitution:scheduled-commercial-banks,70,Package008_MSME,scheme_mapping.csv,smap-040,2026-08-28,via AIF
vwr:000613,vw:msme:warehouse-and-distribution-centre,SUPPORTED_BY_BANK,vw:financialinstitution:scheduled-commercial-banks,68,Package008_MSME,scheme_mapping.csv,smap-042,2026-08-28,via CGTMSE
vwr:000614,vw:msme:last-mile-delivery-fleet-operator,SUPPORTED_BY_BANK,vw:financialinstitution:scheduled-commercial-banks,67,Package008_MSME,scheme_mapping.csv,smap-043,2026-08-28,via PMMY
vwr:000615,vw:msme:packaging-materials-unit,SUPPORTED_BY_BANK,vw:financialinstitution:scheduled-commercial-banks,69,Package008_MSME,scheme_mapping.csv,smap-044,2026-08-28,via PMEGP
vwr:000616,vw:msme:plastic-waste-recycling-unit,SUPPORTED_BY_BANK,vw:financialinstitution:scheduled-commercial-banks,66,Package008_MSME,scheme_mapping.csv,smap-045,2026-08-28,via PMEGP
vwr:000617,vw:msme:e-waste-dismantling-and-recovery,SUPPORTED_BY_BANK,vw:financialinstitution:scheduled-commercial-banks,64,Package008_MSME,scheme_mapping.csv,smap-046,2026-08-28,via CGTMSE
vwr:000618,vw:msme:bio-fertiliser-and-vermicompost-unit,SUPPORTED_BY_BANK,vw:financialinstitution:scheduled-commercial-banks,67,Package008_MSME,scheme_mapping.csv,smap-048,2026-08-28,via PMEGP
vwr:000619,vw:msme:detergent-and-cleaning-products-unit,SUPPORTED_BY_BANK,vw:financialinstitution:scheduled-commercial-banks,67,Package008_MSME,scheme_mapping.csv,smap-049,2026-08-28,via PMEGP
vwr:000620,vw:msme:diagnostic-laboratory,SUPPORTED_BY_BANK,vw:financialinstitution:scheduled-commercial-banks,65,Package008_MSME,scheme_mapping.csv,smap-050,2026-08-28,via CGTMSE
vwr:000621,vw:msme:medical-devices-assembly-unit,SUPPORTED_BY_BANK,vw:financialinstitution:scheduled-commercial-banks,61,Package008_MSME,scheme_mapping.csv,smap-051,2026-08-28,via CGTMSE
vwr:000622,vw:msme:homestay-and-rural-tourism-enterprise,SUPPORTED_BY_BANK,vw:financialinstitution:scheduled-commercial-banks,64,Package008_MSME,scheme_mapping.csv,smap-054,2026-08-28,via PMMY
vwr:000623,vw:msme:drone-services-enterprise,SUPPORTED_BY_BANK,vw:financialinstitution:scheduled-commercial-banks,64,Package008_MSME,scheme_mapping.csv,smap-056,2026-08-28,via PMMY
vwr:000624,vw:msme:3d-printing-and-prototyping-service,SUPPORTED_BY_BANK,vw:financialinstitution:scheduled-commercial-banks,62,Package008_MSME,scheme_mapping.csv,smap-057,2026-08-28,via PMMY
vwr:000625,vw:skill:automobile-mechanic-diesel-petrol,TRAINED_BY,vw:trainingprovider:industrial-training-institutes-iti-telangana,72,Package007_Government_Schemes,skill_scheme_mapping.csv,skm-005,2026-08-28,
vwr:000626,vw:skill:cnc-machine-operator,TRAINED_BY,vw:trainingprovider:industrial-training-institutes-iti-andhra-pradesh,71,Package007_Government_Schemes,skill_scheme_mapping.csv,skm-006,2026-08-28,
vwr:000627,vw:skill:full-stack-web-development,TRAINED_BY,vw:trainingprovider:polytechnic-colleges-sbtet-telangana,68,Package007_Government_Schemes,skill_scheme_mapping.csv,skm-009,2026-08-28,
vwr:000628,vw:industry:engineering,RELATED_TO,vw:institution:jawaharlal-nehru-technological-university-hyderabad,70,Package008_MSME,education_support_mapping.csv,emap-001,2026-08-28,talent pipeline: institution supplies graduates to this industry
vwr:000629,vw:industry:electronics,RELATED_TO,vw:institution:jawaharlal-nehru-technological-university-hyderabad,70,Package008_MSME,education_support_mapping.csv,emap-001,2026-08-28,talent pipeline: institution supplies graduates to this industry
vwr:000630,vw:industry:industrial-automation,RELATED_TO,vw:institution:jawaharlal-nehru-technological-university-hyderabad,70,Package008_MSME,education_support_mapping.csv,emap-001,2026-08-28,talent pipeline: institution supplies graduates to this industry
vwr:000631,vw:industry:artificial-intelligence,RELATED_TO,vw:institution:university-of-hyderabad,68,Package008_MSME,education_support_mapping.csv,emap-002,2026-08-28,talent pipeline: institution supplies graduates to this industry
vwr:000632,vw:industry:information-technology,RELATED_TO,vw:institution:university-of-hyderabad,68,Package008_MSME,education_support_mapping.csv,emap-002,2026-08-28,talent pipeline: institution supplies graduates to this industry
vwr:000633,vw:industry:information-technology,RELATED_TO,vw:institution:osmania-university,66,Package008_MSME,education_support_mapping.csv,emap-003,2026-08-28,talent pipeline: institution supplies graduates to this industry
vwr:000634,vw:industry:creative-industries,RELATED_TO,vw:institution:osmania-university,66,Package008_MSME,education_support_mapping.csv,emap-003,2026-08-28,talent pipeline: institution supplies graduates to this industry
vwr:000635,vw:industry:education-and-training,RELATED_TO,vw:institution:osmania-university,66,Package008_MSME,education_support_mapping.csv,emap-003,2026-08-28,talent pipeline: institution supplies graduates to this industry
vwr:000636,vw:industry:food-processing,RELATED_TO,vw:institution:kakatiya-university,64,Package008_MSME,education_support_mapping.csv,emap-004,2026-08-28,talent pipeline: institution supplies graduates to this industry
vwr:000637,vw:industry:agriculture-and-allied,RELATED_TO,vw:institution:kakatiya-university,64,Package008_MSME,education_support_mapping.csv,emap-004,2026-08-28,talent pipeline: institution supplies graduates to this industry
vwr:000638,vw:msme:spice-grinding-and-packing-unit,GENERATES_EMPLOYMENT,vw:district:nizamabad,71,Package008_MSME,district_business_mapping.csv,dmap-001,2026-08-28,Nizamabad is a benchmark turmeric market yard; Package005 records it as a major turmeric district
vwr:000639,vw:msme:rice-milling-unit,GENERATES_EMPLOYMENT,vw:district:nizamabad,69,Package008_MSME,district_business_mapping.csv,dmap-002,2026-08-28,Major paddy-growing district with established milling activity
vwr:000640,vw:msme:spice-grinding-and-packing-unit,GENERATES_EMPLOYMENT,vw:district:guntur,72,Package008_MSME,district_business_mapping.csv,dmap-003,2026-08-28,Guntur hosts Asia's largest chilli market yard; Package005 records it as a major chilli district
vwr:000641,vw:msme:dal-milling-unit,GENERATES_EMPLOYMENT,vw:district:guntur,67,Package008_MSME,district_business_mapping.csv,dmap-004,2026-08-28,Significant pulse acreage in the district and adjoining belt
vwr:000642,vw:msme:cold-pressed-oil-unit,GENERATES_EMPLOYMENT,vw:district:ananthapuramu,71,Package008_MSME,district_business_mapping.csv,dmap-005,2026-08-28,Anantapur is India's largest groundnut district by area; Package005 records it
vwr:000643,vw:msme:dal-milling-unit,GENERATES_EMPLOYMENT,vw:district:kurnool,68,Package008_MSME,district_business_mapping.csv,dmap-006,2026-08-28,Kurnool has substantial chickpea and pulse acreage per Package005
vwr:000644,vw:msme:spice-grinding-and-packing-unit,GENERATES_EMPLOYMENT,vw:district:kurnool,66,Package008_MSME,district_business_mapping.csv,dmap-007,2026-08-28,Chilli and coriander acreage supports spice processing
vwr:000645,vw:msme:rice-milling-unit,GENERATES_EMPLOYMENT,vw:district:karimnagar,70,Package008_MSME,district_business_mapping.csv,dmap-008,2026-08-28,Karimnagar is a major paddy district with dense milling clusters
vwr:000646,vw:msme:fruit-pulp-and-beverage-unit,GENERATES_EMPLOYMENT,vw:district:nalgonda,68,Package008_MSME,district_business_mapping.csv,dmap-009,2026-08-28,Nalgonda sweet orange belt supplies juice and pulp processors per Package005
vwr:000647,vw:msme:cold-storage-facility,GENERATES_EMPLOYMENT,vw:district:nalgonda,65,Package008_MSME,district_business_mapping.csv,dmap-010,2026-08-28,Perishable horticulture output creates cold storage demand
vwr:000648,vw:msme:fruit-pulp-and-beverage-unit,GENERATES_EMPLOYMENT,vw:district:krishna,69,Package008_MSME,district_business_mapping.csv,dmap-011,2026-08-28,Krishna district mango belt (Nuzvid) supports pulp processing per Package005
vwr:000649,vw:msme:cold-pressed-oil-unit,GENERATES_EMPLOYMENT,vw:district:east-godavari,68,Package008_MSME,district_business_mapping.csv,dmap-012,2026-08-28,East Godavari coconut belt supports coconut oil extraction per Package005
vwr:000650,vw:msme:rice-milling-unit,GENERATES_EMPLOYMENT,vw:district:west-godavari,70,Package008_MSME,district_business_mapping.csv,dmap-013,2026-08-28,West Godavari is among the highest-yield paddy districts
vwr:000651,vw:msme:garment-manufacturing-unit,GENERATES_EMPLOYMENT,vw:district:adilabad,64,Package008_MSME,district_business_mapping.csv,dmap-014,2026-08-28,Adilabad cotton belt supports downstream apparel activity per Package005
vwr:000652,vw:msme:garment-manufacturing-unit,GENERATES_EMPLOYMENT,vw:district:warangal,66,Package008_MSME,district_business_mapping.csv,dmap-015,2026-08-28,Warangal has an established textile and apparel cluster
vwr:000653,vw:msme:custom-software-development-firm,GENERATES_EMPLOYMENT,vw:district:hyderabad,74,Package008_MSME,district_business_mapping.csv,dmap-016,2026-08-28,Hyderabad is the state's dominant IT services concentration
vwr:000654,vw:msme:ai-solutions-and-consulting,GENERATES_EMPLOYMENT,vw:district:hyderabad,71,Package008_MSME,district_business_mapping.csv,dmap-017,2026-08-28,T-Hub and the wider startup ecosystem support AI ventures
vwr:000655,vw:msme:saas-product-startup,GENERATES_EMPLOYMENT,vw:district:hyderabad,72,Package008_MSME,district_business_mapping.csv,dmap-018,2026-08-28,"Deepest access to incubation, talent and early-stage capital"
vwr:000656,vw:msme:medical-devices-assembly-unit,GENERATES_EMPLOYMENT,vw:district:hyderabad,66,Package008_MSME,district_business_mapping.csv,dmap-019,2026-08-28,Established pharmaceutical and medical device ecosystem
vwr:000657,vw:msme:e-waste-dismantling-and-recovery,GENERATES_EMPLOYMENT,vw:district:hyderabad,66,Package008_MSME,district_business_mapping.csv,dmap-020,2026-08-28,Urban e-waste generation volume supports recovery operations
vwr:000658,vw:msme:cnc-machining-job-shop,GENERATES_EMPLOYMENT,vw:district:ranga-reddy,69,Package008_MSME,district_business_mapping.csv,dmap-021,2026-08-28,Rangareddy hosts substantial engineering and ancillary industry
vwr:000659,vw:msme:packaging-materials-unit,GENERATES_EMPLOYMENT,vw:district:ranga-reddy,67,Package008_MSME,district_business_mapping.csv,dmap-022,2026-08-28,Manufacturing density creates derived packaging demand
vwr:000660,vw:msme:sheet-metal-fabrication-unit,GENERATES_EMPLOYMENT,vw:district:sangareddy,67,Package008_MSME,district_business_mapping.csv,dmap-023,2026-08-28,Sangareddy industrial corridor (Patancheru belt) supports fabrication
vwr:000661,vw:msme:electrical-panel-manufacturing,GENERATES_EMPLOYMENT,vw:district:medak,65,Package008_MSME,district_business_mapping.csv,dmap-024,2026-08-28,Medak industrial area hosts electrical and engineering units
vwr:000662,vw:msme:warehouse-and-distribution-centre,GENERATES_EMPLOYMENT,vw:district:visakhapatnam,70,Package008_MSME,district_business_mapping.csv,dmap-025,2026-08-28,Visakhapatnam port and industrial base support warehousing
vwr:000663,vw:msme:plastic-waste-recycling-unit,GENERATES_EMPLOYMENT,vw:district:visakhapatnam,66,Package008_MSME,district_business_mapping.csv,dmap-026,2026-08-28,Urban and industrial plastic waste volume supports recycling
vwr:000664,vw:msme:packaging-materials-unit,GENERATES_EMPLOYMENT,vw:district:srikakulam,62,Package008_MSME,district_business_mapping.csv,dmap-027,2026-08-28,Srikakulam cashew processing belt creates packaging demand per Package005
vwr:000665,vw:msme:fruit-pulp-and-beverage-unit,GENERATES_EMPLOYMENT,vw:district:chittoor,69,Package008_MSME,district_business_mapping.csv,dmap-028,2026-08-28,Chittoor is a major mango and tomato district per Package005
vwr:000666,vw:msme:cold-storage-facility,GENERATES_EMPLOYMENT,vw:district:chittoor,66,Package008_MSME,district_business_mapping.csv,dmap-029,2026-08-28,High perishable output creates cold storage demand
vwr:000667,vw:msme:millet-processing-unit,GENERATES_EMPLOYMENT,vw:district:mahabubnagar,66,Package008_MSME,district_business_mapping.csv,dmap-030,2026-08-28,Mahbubnagar has significant millet and sorghum acreage per Package005
vwr:000668,vw:msme:spice-grinding-and-packing-unit,GENERATES_EMPLOYMENT,vw:district:khammam,66,Package008_MSME,district_business_mapping.csv,dmap-031,2026-08-28,Khammam chilli acreage supports spice processing per Package005
vwr:000669,vw:msme:dal-milling-unit,GENERATES_EMPLOYMENT,vw:district:prakasam,66,Package008_MSME,district_business_mapping.csv,dmap-032,2026-08-28,Prakasam has substantial pulse acreage per Package005
vwr:000670,vw:crop:rice,RELATED_TO,vw:soil:alluvial,78,Package005_Agriculture,crop_soil_mapping.csv,csm-001,2026-08-28,soil suitability Optimal
vwr:000671,vw:crop:rice,RELATED_TO,vw:soil:clay,75,Package005_Agriculture,crop_soil_mapping.csv,csm-002,2026-08-28,soil suitability Suitable
vwr:000672,vw:crop:wheat,RELATED_TO,vw:soil:alluvial,78,Package005_Agriculture,crop_soil_mapping.csv,csm-003,2026-08-28,soil suitability Optimal
vwr:000673,vw:crop:wheat,RELATED_TO,vw:soil:loamy,76,Package005_Agriculture,crop_soil_mapping.csv,csm-004,2026-08-28,soil suitability Optimal
vwr:000674,vw:crop:maize,RELATED_TO,vw:soil:loamy,77,Package005_Agriculture,crop_soil_mapping.csv,csm-005,2026-08-28,soil suitability Optimal
vwr:000675,vw:crop:maize,RELATED_TO,vw:soil:red-soil,74,Package005_Agriculture,crop_soil_mapping.csv,csm-006,2026-08-28,soil suitability Suitable
vwr:000676,vw:crop:barley,RELATED_TO,vw:soil:loamy,73,Package005_Agriculture,crop_soil_mapping.csv,csm-007,2026-08-28,soil suitability Optimal
vwr:000677,vw:crop:barley,RELATED_TO,vw:soil:alkaline,70,Package005_Agriculture,crop_soil_mapping.csv,csm-008,2026-08-28,soil suitability Marginal
vwr:000678,vw:crop:pearl-millet,RELATED_TO,vw:soil:sandy,76,Package005_Agriculture,crop_soil_mapping.csv,csm-009,2026-08-28,soil suitability Optimal
vwr:000679,vw:crop:pearl-millet,RELATED_TO,vw:soil:red-soil,74,Package005_Agriculture,crop_soil_mapping.csv,csm-010,2026-08-28,soil suitability Suitable
vwr:000680,vw:crop:sorghum,RELATED_TO,vw:soil:black-soil,76,Package005_Agriculture,crop_soil_mapping.csv,csm-011,2026-08-28,soil suitability Optimal
vwr:000681,vw:crop:sorghum,RELATED_TO,vw:soil:red-soil,74,Package005_Agriculture,crop_soil_mapping.csv,csm-012,2026-08-28,soil suitability Suitable
vwr:000682,vw:crop:finger-millet,RELATED_TO,vw:soil:red-soil,74,Package005_Agriculture,crop_soil_mapping.csv,csm-013,2026-08-28,soil suitability Optimal
vwr:000683,vw:crop:finger-millet,RELATED_TO,vw:soil:laterite,71,Package005_Agriculture,crop_soil_mapping.csv,csm-014,2026-08-28,soil suitability Suitable
vwr:000684,vw:crop:foxtail-millet,RELATED_TO,vw:soil:red-soil,70,Package005_Agriculture,crop_soil_mapping.csv,csm-015,2026-08-28,soil suitability Optimal
vwr:000685,vw:crop:foxtail-millet,RELATED_TO,vw:soil:sandy,69,Package005_Agriculture,crop_soil_mapping.csv,csm-016,2026-08-28,soil suitability Suitable
vwr:000686,vw:crop:chickpea,RELATED_TO,vw:soil:black-soil,77,Package005_Agriculture,crop_soil_mapping.csv,csm-017,2026-08-28,soil suitability Optimal
vwr:000687,vw:crop:chickpea,RELATED_TO,vw:soil:loamy,75,Package005_Agriculture,crop_soil_mapping.csv,csm-018,2026-08-28,soil suitability Suitable
vwr:000688,vw:crop:pigeon-pea,RELATED_TO,vw:soil:black-soil,76,Package005_Agriculture,crop_soil_mapping.csv,csm-019,2026-08-28,soil suitability Optimal
vwr:000689,vw:crop:pigeon-pea,RELATED_TO,vw:soil:red-soil,74,Package005_Agriculture,crop_soil_mapping.csv,csm-020,2026-08-28,soil suitability Suitable
vwr:000690,vw:crop:moong-green-gram,RELATED_TO,vw:soil:loamy,75,Package005_Agriculture,crop_soil_mapping.csv,csm-021,2026-08-28,soil suitability Optimal
vwr:000691,vw:crop:moong-green-gram,RELATED_TO,vw:soil:sandy,73,Package005_Agriculture,crop_soil_mapping.csv,csm-022,2026-08-28,soil suitability Suitable
vwr:000692,vw:crop:urad-black-gram,RELATED_TO,vw:soil:loamy,75,Package005_Agriculture,crop_soil_mapping.csv,csm-023,2026-08-28,soil suitability Optimal
vwr:000693,vw:crop:urad-black-gram,RELATED_TO,vw:soil:clay,72,Package005_Agriculture,crop_soil_mapping.csv,csm-024,2026-08-28,soil suitability Marginal
vwr:000694,vw:crop:lentil,RELATED_TO,vw:soil:loamy,75,Package005_Agriculture,crop_soil_mapping.csv,csm-025,2026-08-28,soil suitability Optimal
vwr:000695,vw:crop:lentil,RELATED_TO,vw:soil:alluvial,74,Package005_Agriculture,crop_soil_mapping.csv,csm-026,2026-08-28,soil suitability Suitable
vwr:000696,vw:crop:groundnut,RELATED_TO,vw:soil:sandy,77,Package005_Agriculture,crop_soil_mapping.csv,csm-027,2026-08-28,soil suitability Optimal
vwr:000697,vw:crop:groundnut,RELATED_TO,vw:soil:red-soil,75,Package005_Agriculture,crop_soil_mapping.csv,csm-028,2026-08-28,soil suitability Suitable
vwr:000698,vw:crop:soybean,RELATED_TO,vw:soil:black-soil,76,Package005_Agriculture,crop_soil_mapping.csv,csm-029,2026-08-28,soil suitability Optimal
vwr:000699,vw:crop:soybean,RELATED_TO,vw:soil:loamy,74,Package005_Agriculture,crop_soil_mapping.csv,csm-030,2026-08-28,soil suitability Suitable
vwr:000700,vw:crop:sunflower,RELATED_TO,vw:soil:loamy,75,Package005_Agriculture,crop_soil_mapping.csv,csm-031,2026-08-28,soil suitability Optimal
vwr:000701,vw:crop:sunflower,RELATED_TO,vw:soil:black-soil,74,Package005_Agriculture,crop_soil_mapping.csv,csm-032,2026-08-28,soil suitability Suitable
vwr:000702,vw:crop:safflower,RELATED_TO,vw:soil:black-soil,71,Package005_Agriculture,crop_soil_mapping.csv,csm-033,2026-08-28,soil suitability Optimal
vwr:000703,vw:crop:safflower,RELATED_TO,vw:soil:red-soil,68,Package005_Agriculture,crop_soil_mapping.csv,csm-034,2026-08-28,soil suitability Marginal
vwr:000704,vw:crop:mustard,RELATED_TO,vw:soil:loamy,75,Package005_Agriculture,crop_soil_mapping.csv,csm-035,2026-08-28,soil suitability Optimal
vwr:000705,vw:crop:mustard,RELATED_TO,vw:soil:alluvial,74,Package005_Agriculture,crop_soil_mapping.csv,csm-036,2026-08-28,soil suitability Suitable
vwr:000706,vw:crop:sugarcane,RELATED_TO,vw:soil:alluvial,77,Package005_Agriculture,crop_soil_mapping.csv,csm-037,2026-08-28,soil suitability Optimal
vwr:000707,vw:crop:sugarcane,RELATED_TO,vw:soil:black-soil,75,Package005_Agriculture,crop_soil_mapping.csv,csm-038,2026-08-28,soil suitability Suitable
vwr:000708,vw:crop:cotton,RELATED_TO,vw:soil:black-soil,77,Package005_Agriculture,crop_soil_mapping.csv,csm-039,2026-08-28,soil suitability Optimal
vwr:000709,vw:crop:cotton,RELATED_TO,vw:soil:red-soil,74,Package005_Agriculture,crop_soil_mapping.csv,csm-040,2026-08-28,soil suitability Suitable
vwr:000710,vw:crop:tobacco,RELATED_TO,vw:soil:loamy,72,Package005_Agriculture,crop_soil_mapping.csv,csm-041,2026-08-28,soil suitability Optimal
vwr:000711,vw:crop:tobacco,RELATED_TO,vw:soil:red-soil,70,Package005_Agriculture,crop_soil_mapping.csv,csm-042,2026-08-28,soil suitability Suitable
vwr:000712,vw:crop:jute,RELATED_TO,vw:soil:alluvial,70,Package005_Agriculture,crop_soil_mapping.csv,csm-043,2026-08-28,soil suitability Optimal
vwr:000713,vw:crop:jute,RELATED_TO,vw:soil:clay,68,Package005_Agriculture,crop_soil_mapping.csv,csm-044,2026-08-28,soil suitability Suitable
vwr:000714,vw:crop:tomato,RELATED_TO,vw:soil:loamy,76,Package005_Agriculture,crop_soil_mapping.csv,csm-045,2026-08-28,soil suitability Optimal
vwr:000715,vw:crop:tomato,RELATED_TO,vw:soil:red-soil,74,Package005_Agriculture,crop_soil_mapping.csv,csm-046,2026-08-28,soil suitability Suitable
vwr:000716,vw:crop:potato,RELATED_TO,vw:soil:sandy,77,Package005_Agriculture,crop_soil_mapping.csv,csm-047,2026-08-28,soil suitability Optimal
vwr:000717,vw:crop:potato,RELATED_TO,vw:soil:loamy,76,Package005_Agriculture,crop_soil_mapping.csv,csm-048,2026-08-28,soil suitability Suitable
vwr:000718,vw:crop:onion,RELATED_TO,vw:soil:loamy,76,Package005_Agriculture,crop_soil_mapping.csv,csm-049,2026-08-28,soil suitability Optimal
vwr:000719,vw:crop:onion,RELATED_TO,vw:soil:red-soil,74,Package005_Agriculture,crop_soil_mapping.csv,csm-050,2026-08-28,soil suitability Suitable
vwr:000720,vw:crop:brinjal,RELATED_TO,vw:soil:loamy,73,Package005_Agriculture,crop_soil_mapping.csv,csm-051,2026-08-28,soil suitability Optimal
vwr:000721,vw:crop:brinjal,RELATED_TO,vw:soil:alluvial,72,Package005_Agriculture,crop_soil_mapping.csv,csm-052,2026-08-28,soil suitability Suitable
vwr:000722,vw:crop:okra-lady-finger,RELATED_TO,vw:soil:loamy,73,Package005_Agriculture,crop_soil_mapping.csv,csm-053,2026-08-28,soil suitability Optimal
vwr:000723,vw:crop:okra-lady-finger,RELATED_TO,vw:soil:alluvial,72,Package005_Agriculture,crop_soil_mapping.csv,csm-054,2026-08-28,soil suitability Suitable
vwr:000724,vw:crop:cabbage,RELATED_TO,vw:soil:loamy,73,Package005_Agriculture,crop_soil_mapping.csv,csm-055,2026-08-28,soil suitability Optimal
vwr:000725,vw:crop:cabbage,RELATED_TO,vw:soil:alluvial,72,Package005_Agriculture,crop_soil_mapping.csv,csm-056,2026-08-28,soil suitability Suitable
vwr:000726,vw:crop:mango,RELATED_TO,vw:soil:alluvial,77,Package005_Agriculture,crop_soil_mapping.csv,csm-057,2026-08-28,soil suitability Optimal
vwr:000727,vw:crop:mango,RELATED_TO,vw:soil:red-soil,75,Package005_Agriculture,crop_soil_mapping.csv,csm-058,2026-08-28,soil suitability Suitable
vwr:000728,vw:crop:banana,RELATED_TO,vw:soil:alluvial,76,Package005_Agriculture,crop_soil_mapping.csv,csm-059,2026-08-28,soil suitability Optimal
vwr:000729,vw:crop:banana,RELATED_TO,vw:soil:loamy,74,Package005_Agriculture,crop_soil_mapping.csv,csm-060,2026-08-28,soil suitability Suitable
vwr:000730,vw:crop:citrus-sweet-orange,RELATED_TO,vw:soil:loamy,75,Package005_Agriculture,crop_soil_mapping.csv,csm-061,2026-08-28,soil suitability Optimal
vwr:000731,vw:crop:citrus-sweet-orange,RELATED_TO,vw:soil:red-soil,74,Package005_Agriculture,crop_soil_mapping.csv,csm-062,2026-08-28,soil suitability Suitable
vwr:000732,vw:crop:grapes,RELATED_TO,vw:soil:black-soil,75,Package005_Agriculture,crop_soil_mapping.csv,csm-063,2026-08-28,soil suitability Optimal
vwr:000733,vw:crop:grapes,RELATED_TO,vw:soil:loamy,74,Package005_Agriculture,crop_soil_mapping.csv,csm-064,2026-08-28,soil suitability Suitable
vwr:000734,vw:crop:guava,RELATED_TO,vw:soil:loamy,73,Package005_Agriculture,crop_soil_mapping.csv,csm-065,2026-08-28,soil suitability Optimal
vwr:000735,vw:crop:guava,RELATED_TO,vw:soil:red-soil,72,Package005_Agriculture,crop_soil_mapping.csv,csm-066,2026-08-28,soil suitability Suitable
vwr:000736,vw:crop:pomegranate,RELATED_TO,vw:soil:loamy,73,Package005_Agriculture,crop_soil_mapping.csv,csm-067,2026-08-28,soil suitability Optimal
vwr:000737,vw:crop:pomegranate,RELATED_TO,vw:soil:sandy,72,Package005_Agriculture,crop_soil_mapping.csv,csm-068,2026-08-28,soil suitability Suitable
vwr:000738,vw:crop:turmeric,RELATED_TO,vw:soil:red-soil,77,Package005_Agriculture,crop_soil_mapping.csv,csm-069,2026-08-28,soil suitability Optimal
vwr:000739,vw:crop:turmeric,RELATED_TO,vw:soil:loamy,76,Package005_Agriculture,crop_soil_mapping.csv,csm-070,2026-08-28,soil suitability Suitable
vwr:000740,vw:crop:chilli,RELATED_TO,vw:soil:black-soil,77,Package005_Agriculture,crop_soil_mapping.csv,csm-071,2026-08-28,soil suitability Optimal
vwr:000741,vw:crop:chilli,RELATED_TO,vw:soil:red-soil,75,Package005_Agriculture,crop_soil_mapping.csv,csm-072,2026-08-28,soil suitability Suitable
vwr:000742,vw:crop:black-pepper,RELATED_TO,vw:soil:laterite,74,Package005_Agriculture,crop_soil_mapping.csv,csm-073,2026-08-28,soil suitability Optimal
vwr:000743,vw:crop:black-pepper,RELATED_TO,vw:soil:red-soil,72,Package005_Agriculture,crop_soil_mapping.csv,csm-074,2026-08-28,soil suitability Suitable
vwr:000744,vw:crop:cardamom,RELATED_TO,vw:soil:laterite,72,Package005_Agriculture,crop_soil_mapping.csv,csm-075,2026-08-28,soil suitability Optimal
vwr:000745,vw:crop:cardamom,RELATED_TO,vw:soil:acidic,70,Package005_Agriculture,crop_soil_mapping.csv,csm-076,2026-08-28,soil suitability Suitable
vwr:000746,vw:crop:coriander,RELATED_TO,vw:soil:black-soil,73,Package005_Agriculture,crop_soil_mapping.csv,csm-077,2026-08-28,soil suitability Optimal
vwr:000747,vw:crop:coriander,RELATED_TO,vw:soil:loamy,72,Package005_Agriculture,crop_soil_mapping.csv,csm-078,2026-08-28,soil suitability Suitable
vwr:000748,vw:crop:cumin,RELATED_TO,vw:soil:sandy,73,Package005_Agriculture,crop_soil_mapping.csv,csm-079,2026-08-28,soil suitability Optimal
vwr:000749,vw:crop:cumin,RELATED_TO,vw:soil:loamy,71,Package005_Agriculture,crop_soil_mapping.csv,csm-080,2026-08-28,soil suitability Suitable
vwr:000750,vw:crop:ginger,RELATED_TO,vw:soil:loamy,73,Package005_Agriculture,crop_soil_mapping.csv,csm-081,2026-08-28,soil suitability Optimal
vwr:000751,vw:crop:ginger,RELATED_TO,vw:soil:laterite,71,Package005_Agriculture,crop_soil_mapping.csv,csm-082,2026-08-28,soil suitability Suitable
vwr:000752,vw:crop:ashwagandha,RELATED_TO,vw:soil:sandy,70,Package005_Agriculture,crop_soil_mapping.csv,csm-083,2026-08-28,soil suitability Optimal
vwr:000753,vw:crop:ashwagandha,RELATED_TO,vw:soil:red-soil,68,Package005_Agriculture,crop_soil_mapping.csv,csm-084,2026-08-28,soil suitability Suitable
vwr:000754,vw:crop:tulsi-holy-basil,RELATED_TO,vw:soil:loamy,66,Package005_Agriculture,crop_soil_mapping.csv,csm-085,2026-08-28,soil suitability Optimal
vwr:000755,vw:crop:tulsi-holy-basil,RELATED_TO,vw:soil:red-soil,65,Package005_Agriculture,crop_soil_mapping.csv,csm-086,2026-08-28,soil suitability Suitable
vwr:000756,vw:crop:coconut,RELATED_TO,vw:soil:sandy,74,Package005_Agriculture,crop_soil_mapping.csv,csm-087,2026-08-28,soil suitability Optimal
vwr:000757,vw:crop:coconut,RELATED_TO,vw:soil:alluvial,73,Package005_Agriculture,crop_soil_mapping.csv,csm-088,2026-08-28,soil suitability Suitable
vwr:000758,vw:crop:cashew,RELATED_TO,vw:soil:laterite,73,Package005_Agriculture,crop_soil_mapping.csv,csm-089,2026-08-28,soil suitability Optimal
vwr:000759,vw:crop:cashew,RELATED_TO,vw:soil:red-soil,72,Package005_Agriculture,crop_soil_mapping.csv,csm-090,2026-08-28,soil suitability Suitable
vwr:000760,vw:crop:rice,RELATED_TO,vw:climatezone:tropical,77,Package005_Agriculture,crop_climate_mapping.csv,ccm-001,2026-08-28,climate suitability Optimal
vwr:000761,vw:crop:rice,RELATED_TO,vw:climatezone:wet,75,Package005_Agriculture,crop_climate_mapping.csv,ccm-002,2026-08-28,climate suitability Good
vwr:000762,vw:crop:wheat,RELATED_TO,vw:climatezone:temperate,78,Package005_Agriculture,crop_climate_mapping.csv,ccm-003,2026-08-28,climate suitability Optimal
vwr:000763,vw:crop:wheat,RELATED_TO,vw:climatezone:sub-tropical,76,Package005_Agriculture,crop_climate_mapping.csv,ccm-004,2026-08-28,climate suitability Good
vwr:000764,vw:crop:maize,RELATED_TO,vw:climatezone:sub-tropical,76,Package005_Agriculture,crop_climate_mapping.csv,ccm-005,2026-08-28,climate suitability Optimal
vwr:000765,vw:crop:maize,RELATED_TO,vw:climatezone:semi-arid,74,Package005_Agriculture,crop_climate_mapping.csv,ccm-006,2026-08-28,climate suitability Good
vwr:000766,vw:crop:barley,RELATED_TO,vw:climatezone:temperate,73,Package005_Agriculture,crop_climate_mapping.csv,ccm-007,2026-08-28,climate suitability Optimal
vwr:000767,vw:crop:barley,RELATED_TO,vw:climatezone:arid,70,Package005_Agriculture,crop_climate_mapping.csv,ccm-008,2026-08-28,climate suitability Marginal
vwr:000768,vw:crop:pearl-millet,RELATED_TO,vw:climatezone:arid,75,Package005_Agriculture,crop_climate_mapping.csv,ccm-009,2026-08-28,climate suitability Good
vwr:000769,vw:crop:pearl-millet,RELATED_TO,vw:climatezone:semi-arid,76,Package005_Agriculture,crop_climate_mapping.csv,ccm-010,2026-08-28,climate suitability Optimal
vwr:000770,vw:crop:sorghum,RELATED_TO,vw:climatezone:semi-arid,76,Package005_Agriculture,crop_climate_mapping.csv,ccm-011,2026-08-28,climate suitability Optimal
vwr:000771,vw:crop:sorghum,RELATED_TO,vw:climatezone:dry,74,Package005_Agriculture,crop_climate_mapping.csv,ccm-012,2026-08-28,climate suitability Good
vwr:000772,vw:crop:finger-millet,RELATED_TO,vw:climatezone:semi-arid,74,Package005_Agriculture,crop_climate_mapping.csv,ccm-013,2026-08-28,climate suitability Optimal
vwr:000773,vw:crop:finger-millet,RELATED_TO,vw:climatezone:highland,70,Package005_Agriculture,crop_climate_mapping.csv,ccm-014,2026-08-28,climate suitability Good
vwr:000774,vw:crop:foxtail-millet,RELATED_TO,vw:climatezone:semi-arid,70,Package005_Agriculture,crop_climate_mapping.csv,ccm-015,2026-08-28,climate suitability Optimal
vwr:000775,vw:crop:foxtail-millet,RELATED_TO,vw:climatezone:arid,68,Package005_Agriculture,crop_climate_mapping.csv,ccm-016,2026-08-28,climate suitability Good
vwr:000776,vw:crop:chickpea,RELATED_TO,vw:climatezone:dry,77,Package005_Agriculture,crop_climate_mapping.csv,ccm-017,2026-08-28,climate suitability Optimal
vwr:000777,vw:crop:chickpea,RELATED_TO,vw:climatezone:semi-arid,74,Package005_Agriculture,crop_climate_mapping.csv,ccm-018,2026-08-28,climate suitability Good
vwr:000778,vw:crop:pigeon-pea,RELATED_TO,vw:climatezone:semi-arid,76,Package005_Agriculture,crop_climate_mapping.csv,ccm-019,2026-08-28,climate suitability Optimal
vwr:000779,vw:crop:pigeon-pea,RELATED_TO,vw:climatezone:dry,74,Package005_Agriculture,crop_climate_mapping.csv,ccm-020,2026-08-28,climate suitability Good
vwr:000780,vw:crop:moong-green-gram,RELATED_TO,vw:climatezone:semi-arid,75,Package005_Agriculture,crop_climate_mapping.csv,ccm-021,2026-08-28,climate suitability Good
vwr:000781,vw:crop:moong-green-gram,RELATED_TO,vw:climatezone:dry,73,Package005_Agriculture,crop_climate_mapping.csv,ccm-022,2026-08-28,climate suitability Good
vwr:000782,vw:crop:urad-black-gram,RELATED_TO,vw:climatezone:sub-tropical,75,Package005_Agriculture,crop_climate_mapping.csv,ccm-023,2026-08-28,climate suitability Good
vwr:000783,vw:crop:urad-black-gram,RELATED_TO,vw:climatezone:tropical,73,Package005_Agriculture,crop_climate_mapping.csv,ccm-024,2026-08-28,climate suitability Good
vwr:000784,vw:crop:lentil,RELATED_TO,vw:climatezone:temperate,75,Package005_Agriculture,crop_climate_mapping.csv,ccm-025,2026-08-28,climate suitability Optimal
vwr:000785,vw:crop:lentil,RELATED_TO,vw:climatezone:sub-tropical,73,Package005_Agriculture,crop_climate_mapping.csv,ccm-026,2026-08-28,climate suitability Good
vwr:000786,vw:crop:groundnut,RELATED_TO,vw:climatezone:semi-arid,77,Package005_Agriculture,crop_climate_mapping.csv,ccm-027,2026-08-28,climate suitability Optimal
vwr:000787,vw:crop:groundnut,RELATED_TO,vw:climatezone:dry,75,Package005_Agriculture,crop_climate_mapping.csv,ccm-028,2026-08-28,climate suitability Good
vwr:000788,vw:crop:soybean,RELATED_TO,vw:climatezone:sub-tropical,76,Package005_Agriculture,crop_climate_mapping.csv,ccm-029,2026-08-28,climate suitability Optimal
vwr:000789,vw:crop:soybean,RELATED_TO,vw:climatezone:semi-arid,74,Package005_Agriculture,crop_climate_mapping.csv,ccm-030,2026-08-28,climate suitability Good
vwr:000790,vw:crop:sunflower,RELATED_TO,vw:climatezone:dry,75,Package005_Agriculture,crop_climate_mapping.csv,ccm-031,2026-08-28,climate suitability Optimal
vwr:000791,vw:crop:sunflower,RELATED_TO,vw:climatezone:semi-arid,73,Package005_Agriculture,crop_climate_mapping.csv,ccm-032,2026-08-28,climate suitability Good
vwr:000792,vw:crop:safflower,RELATED_TO,vw:climatezone:dry,71,Package005_Agriculture,crop_climate_mapping.csv,ccm-033,2026-08-28,climate suitability Optimal
vwr:000793,vw:crop:safflower,RELATED_TO,vw:climatezone:semi-arid,68,Package005_Agriculture,crop_climate_mapping.csv,ccm-034,2026-08-28,climate suitability Marginal
vwr:000794,vw:crop:mustard,RELATED_TO,vw:climatezone:temperate,75,Package005_Agriculture,crop_climate_mapping.csv,ccm-035,2026-08-28,climate suitability Optimal
vwr:000795,vw:crop:mustard,RELATED_TO,vw:climatezone:sub-tropical,73,Package005_Agriculture,crop_climate_mapping.csv,ccm-036,2026-08-28,climate suitability Good
vwr:000796,vw:crop:sugarcane,RELATED_TO,vw:climatezone:tropical,77,Package005_Agriculture,crop_climate_mapping.csv,ccm-037,2026-08-28,climate suitability Optimal
vwr:000797,vw:crop:sugarcane,RELATED_TO,vw:climatezone:sub-tropical,75,Package005_Agriculture,crop_climate_mapping.csv,ccm-038,2026-08-28,climate suitability Good
vwr:000798,vw:crop:cotton,RELATED_TO,vw:climatezone:semi-arid,77,Package005_Agriculture,crop_climate_mapping.csv,ccm-039,2026-08-28,climate suitability Optimal
vwr:000799,vw:crop:cotton,RELATED_TO,vw:climatezone:dry,75,Package005_Agriculture,crop_climate_mapping.csv,ccm-040,2026-08-28,climate suitability Good
vwr:000800,vw:crop:tobacco,RELATED_TO,vw:climatezone:sub-tropical,72,Package005_Agriculture,crop_climate_mapping.csv,ccm-041,2026-08-28,climate suitability Good
vwr:000801,vw:crop:tobacco,RELATED_TO,vw:climatezone:tropical,70,Package005_Agriculture,crop_climate_mapping.csv,ccm-042,2026-08-28,climate suitability Good
vwr:000802,vw:crop:jute,RELATED_TO,vw:climatezone:wet,70,Package005_Agriculture,crop_climate_mapping.csv,ccm-043,2026-08-28,climate suitability Optimal
vwr:000803,vw:crop:jute,RELATED_TO,vw:climatezone:tropical,68,Package005_Agriculture,crop_climate_mapping.csv,ccm-044,2026-08-28,climate suitability Good
vwr:000804,vw:crop:tomato,RELATED_TO,vw:climatezone:sub-tropical,76,Package005_Agriculture,crop_climate_mapping.csv,ccm-045,2026-08-28,climate suitability Optimal
vwr:000805,vw:crop:tomato,RELATED_TO,vw:climatezone:tropical,74,Package005_Agriculture,crop_climate_mapping.csv,ccm-046,2026-08-28,climate suitability Good
vwr:000806,vw:crop:potato,RELATED_TO,vw:climatezone:temperate,77,Package005_Agriculture,crop_climate_mapping.csv,ccm-047,2026-08-28,climate suitability Optimal
vwr:000807,vw:crop:potato,RELATED_TO,vw:climatezone:sub-tropical,75,Package005_Agriculture,crop_climate_mapping.csv,ccm-048,2026-08-28,climate suitability Good
vwr:000808,vw:crop:onion,RELATED_TO,vw:climatezone:dry,76,Package005_Agriculture,crop_climate_mapping.csv,ccm-049,2026-08-28,climate suitability Optimal
vwr:000809,vw:crop:onion,RELATED_TO,vw:climatezone:semi-arid,74,Package005_Agriculture,crop_climate_mapping.csv,ccm-050,2026-08-28,climate suitability Good
vwr:000810,vw:crop:brinjal,RELATED_TO,vw:climatezone:tropical,73,Package005_Agriculture,crop_climate_mapping.csv,ccm-051,2026-08-28,climate suitability Optimal
vwr:000811,vw:crop:brinjal,RELATED_TO,vw:climatezone:sub-tropical,72,Package005_Agriculture,crop_climate_mapping.csv,ccm-052,2026-08-28,climate suitability Good
vwr:000812,vw:crop:okra-lady-finger,RELATED_TO,vw:climatezone:tropical,73,Package005_Agriculture,crop_climate_mapping.csv,ccm-053,2026-08-28,climate suitability Optimal
vwr:000813,vw:crop:okra-lady-finger,RELATED_TO,vw:climatezone:sub-tropical,72,Package005_Agriculture,crop_climate_mapping.csv,ccm-054,2026-08-28,climate suitability Good
vwr:000814,vw:crop:cabbage,RELATED_TO,vw:climatezone:temperate,73,Package005_Agriculture,crop_climate_mapping.csv,ccm-055,2026-08-28,climate suitability Optimal
vwr:000815,vw:crop:cabbage,RELATED_TO,vw:climatezone:sub-tropical,72,Package005_Agriculture,crop_climate_mapping.csv,ccm-056,2026-08-28,climate suitability Good
vwr:000816,vw:crop:mango,RELATED_TO,vw:climatezone:tropical,77,Package005_Agriculture,crop_climate_mapping.csv,ccm-057,2026-08-28,climate suitability Optimal
vwr:000817,vw:crop:mango,RELATED_TO,vw:climatezone:sub-tropical,75,Package005_Agriculture,crop_climate_mapping.csv,ccm-058,2026-08-28,climate suitability Good
vwr:000818,vw:crop:banana,RELATED_TO,vw:climatezone:tropical,76,Package005_Agriculture,crop_climate_mapping.csv,ccm-059,2026-08-28,climate suitability Optimal
vwr:000819,vw:crop:banana,RELATED_TO,vw:climatezone:sub-tropical,74,Package005_Agriculture,crop_climate_mapping.csv,ccm-060,2026-08-28,climate suitability Good
vwr:000820,vw:crop:citrus-sweet-orange,RELATED_TO,vw:climatezone:sub-tropical,75,Package005_Agriculture,crop_climate_mapping.csv,ccm-061,2026-08-28,climate suitability Optimal
vwr:000821,vw:crop:citrus-sweet-orange,RELATED_TO,vw:climatezone:dry,74,Package005_Agriculture,crop_climate_mapping.csv,ccm-062,2026-08-28,climate suitability Good
vwr:000822,vw:crop:grapes,RELATED_TO,vw:climatezone:dry,75,Package005_Agriculture,crop_climate_mapping.csv,ccm-063,2026-08-28,climate suitability Optimal
vwr:000823,vw:crop:grapes,RELATED_TO,vw:climatezone:semi-arid,73,Package005_Agriculture,crop_climate_mapping.csv,ccm-064,2026-08-28,climate suitability Good
vwr:000824,vw:crop:guava,RELATED_TO,vw:climatezone:tropical,73,Package005_Agriculture,crop_climate_mapping.csv,ccm-065,2026-08-28,climate suitability Optimal
vwr:000825,vw:crop:guava,RELATED_TO,vw:climatezone:sub-tropical,72,Package005_Agriculture,crop_climate_mapping.csv,ccm-066,2026-08-28,climate suitability Good
vwr:000826,vw:crop:pomegranate,RELATED_TO,vw:climatezone:semi-arid,73,Package005_Agriculture,crop_climate_mapping.csv,ccm-067,2026-08-28,climate suitability Optimal
vwr:000827,vw:crop:pomegranate,RELATED_TO,vw:climatezone:arid,71,Package005_Agriculture,crop_climate_mapping.csv,ccm-068,2026-08-28,climate suitability Good
vwr:000828,vw:crop:turmeric,RELATED_TO,vw:climatezone:tropical,77,Package005_Agriculture,crop_climate_mapping.csv,ccm-069,2026-08-28,climate suitability Optimal
vwr:000829,vw:crop:turmeric,RELATED_TO,vw:climatezone:sub-tropical,74,Package005_Agriculture,crop_climate_mapping.csv,ccm-070,2026-08-28,climate suitability Good
vwr:000830,vw:crop:chilli,RELATED_TO,vw:climatezone:semi-arid,77,Package005_Agriculture,crop_climate_mapping.csv,ccm-071,2026-08-28,climate suitability Optimal
vwr:000831,vw:crop:chilli,RELATED_TO,vw:climatezone:dry,75,Package005_Agriculture,crop_climate_mapping.csv,ccm-072,2026-08-28,climate suitability Good
vwr:000832,vw:crop:black-pepper,RELATED_TO,vw:climatezone:wet,74,Package005_Agriculture,crop_climate_mapping.csv,ccm-073,2026-08-28,climate suitability Optimal
vwr:000833,vw:crop:black-pepper,RELATED_TO,vw:climatezone:tropical,72,Package005_Agriculture,crop_climate_mapping.csv,ccm-074,2026-08-28,climate suitability Good
vwr:000834,vw:crop:cardamom,RELATED_TO,vw:climatezone:highland,72,Package005_Agriculture,crop_climate_mapping.csv,ccm-075,2026-08-28,climate suitability Optimal
vwr:000835,vw:crop:cardamom,RELATED_TO,vw:climatezone:wet,70,Package005_Agriculture,crop_climate_mapping.csv,ccm-076,2026-08-28,climate suitability Good
vwr:000836,vw:crop:coriander,RELATED_TO,vw:climatezone:dry,73,Package005_Agriculture,crop_climate_mapping.csv,ccm-077,2026-08-28,climate suitability Optimal
vwr:000837,vw:crop:coriander,RELATED_TO,vw:climatezone:semi-arid,71,Package005_Agriculture,crop_climate_mapping.csv,ccm-078,2026-08-28,climate suitability Good
vwr:000838,vw:crop:cumin,RELATED_TO,vw:climatezone:arid,73,Package005_Agriculture,crop_climate_mapping.csv,ccm-079,2026-08-28,climate suitability Optimal
vwr:000839,vw:crop:cumin,RELATED_TO,vw:climatezone:semi-arid,71,Package005_Agriculture,crop_climate_mapping.csv,ccm-080,2026-08-28,climate suitability Good
vwr:000840,vw:crop:ginger,RELATED_TO,vw:climatezone:tropical,73,Package005_Agriculture,crop_climate_mapping.csv,ccm-081,2026-08-28,climate suitability Optimal
vwr:000841,vw:crop:ginger,RELATED_TO,vw:climatezone:wet,71,Package005_Agriculture,crop_climate_mapping.csv,ccm-082,2026-08-28,climate suitability Good
vwr:000842,vw:crop:ashwagandha,RELATED_TO,vw:climatezone:semi-arid,70,Package005_Agriculture,crop_climate_mapping.csv,ccm-083,2026-08-28,climate suitability Optimal
vwr:000843,vw:crop:ashwagandha,RELATED_TO,vw:climatezone:arid,68,Package005_Agriculture,crop_climate_mapping.csv,ccm-084,2026-08-28,climate suitability Good
vwr:000844,vw:crop:tulsi-holy-basil,RELATED_TO,vw:climatezone:tropical,66,Package005_Agriculture,crop_climate_mapping.csv,ccm-085,2026-08-28,climate suitability Optimal
vwr:000845,vw:crop:tulsi-holy-basil,RELATED_TO,vw:climatezone:sub-tropical,65,Package005_Agriculture,crop_climate_mapping.csv,ccm-086,2026-08-28,climate suitability Good
vwr:000846,vw:crop:coconut,RELATED_TO,vw:climatezone:tropical,74,Package005_Agriculture,crop_climate_mapping.csv,ccm-087,2026-08-28,climate suitability Optimal
vwr:000847,vw:crop:coconut,RELATED_TO,vw:climatezone:wet,72,Package005_Agriculture,crop_climate_mapping.csv,ccm-088,2026-08-28,climate suitability Good
vwr:000848,vw:crop:cashew,RELATED_TO,vw:climatezone:tropical,73,Package005_Agriculture,crop_climate_mapping.csv,ccm-089,2026-08-28,climate suitability Optimal
vwr:000849,vw:crop:cashew,RELATED_TO,vw:climatezone:wet,71,Package005_Agriculture,crop_climate_mapping.csv,ccm-090,2026-08-28,climate suitability Good
vwr:000850,vw:industry:agriculture-and-allied,USES_AI,vw:industry:agritech-satellite-crop-monitoring,64,Package005_Agriculture,ai_precision_agriculture.csv,apa-001,2026-08-28,Very High
vwr:000851,vw:industry:agriculture-and-allied,USES_AI,vw:industry:agritech-iot-soil-and-weather-sensing,62,Package005_Agriculture,ai_precision_agriculture.csv,apa-002,2026-08-28,High
vwr:000852,vw:industry:agriculture-and-allied,USES_AI,vw:industry:agritech-drone-based-spraying,63,Package005_Agriculture,ai_precision_agriculture.csv,apa-003,2026-08-28,Very High
vwr:000853,vw:industry:agriculture-and-allied,USES_AI,vw:industry:agritech-yield-prediction-models,58,Package005_Agriculture,ai_precision_agriculture.csv,apa-004,2026-08-28,Very High
vwr:000854,vw:industry:agriculture-and-allied,USES_AI,vw:industry:agritech-disease-and-pest-detection,58,Package005_Agriculture,ai_precision_agriculture.csv,apa-005,2026-08-28,Very High
vwr:000855,vw:industry:agriculture-and-allied,USES_AI,vw:industry:agritech-computer-vision-grading-and-sorting,57,Package005_Agriculture,ai_precision_agriculture.csv,apa-006,2026-08-28,High
vwr:000856,vw:industry:agriculture-and-allied,USES_AI,vw:industry:agritech-ai-enhanced-weather-forecasting,66,Package005_Agriculture,ai_precision_agriculture.csv,apa-007,2026-08-28,High
vwr:000857,vw:industry:agriculture-and-allied,USES_AI,vw:industry:agritech-farm-robotics-weeding-and-harvest,52,Package005_Agriculture,ai_precision_agriculture.csv,apa-008,2026-08-28,Very High
vwr:000858,vw:industry:agriculture-and-allied,USES_AI,vw:industry:agritech-autonomous-and-assisted-tractors,52,Package005_Agriculture,ai_precision_agriculture.csv,apa-009,2026-08-28,Very High
vwr:000859,vw:industry:agriculture-and-allied,USES_AI,vw:industry:agritech-digital-twin-farm-simulation,50,Package005_Agriculture,ai_precision_agriculture.csv,apa-010,2026-08-28,Very High
vwr:000860,vw:industry:manufacturing,USES_AI,vw:industry:ai-tooling-erp-system,68,Package008_MSME,ai_business_tools.csv,ait-001,2026-08-28,"relevance High, complexity High"
vwr:000861,vw:industry:manufacturing,USES_AI,vw:industry:ai-tooling-crm-system,68,Package008_MSME,ai_business_tools.csv,ait-002,2026-08-28,"relevance High, complexity Low"
vwr:000862,vw:industry:manufacturing,USES_AI,vw:industry:ai-tooling-accounting-and-gst-software,72,Package008_MSME,ai_business_tools.csv,ait-003,2026-08-28,"relevance Very High, complexity Low"
vwr:000863,vw:industry:manufacturing,USES_AI,vw:industry:ai-tooling-inventory-and-warehouse-management,66,Package008_MSME,ai_business_tools.csv,ait-004,2026-08-28,"relevance High, complexity Medium"
vwr:000864,vw:industry:manufacturing,USES_AI,vw:industry:ai-tooling-digital-marketing-and-ad-automation,66,Package008_MSME,ai_business_tools.csv,ait-008,2026-08-28,"relevance High, complexity Low"
vwr:000865,vw:industry:manufacturing,USES_AI,vw:industry:ai-tooling-generative-ai-for-content-and-documentation,62,Package008_MSME,ai_business_tools.csv,ait-010,2026-08-28,"relevance High, complexity Low"
