source_id,organisation,url,collector,parser,frequency,trust_score,last_collection,next_collection,active,consuming_packages,consuming_dataset_count,rows_citing_source,observed_confidence_avg,trust_rationale,frequency_rationale,pipeline_rationale
src-001,Official college website (gmcjagtial.com),http://gmcjagtial.com/,knowledge_engine.collectors.api_collector.APICollector,knowledge_engine.parsers.html_table_parser.HTMLTableParser,ANNUAL,55,2026-07-22,2027-07-22,TRUE,Package003_Healthcare,1,1,88.0,Tier 3 - other public source,No faster cadence justified by observed change rate,HTML portal page; figures are published in tables
src-002,gmcmancherial.org; Grokipedia (via WebSearch snippet),http://www.gmcmancherial.org/about-us/,knowledge_engine.collectors.api_collector.APICollector,knowledge_engine.parsers.html_table_parser.HTMLTableParser,ANNUAL,55,2026-07-22,2027-07-22,TRUE,Package003_Healthcare,1,1,86.0,Tier 3 - other public source,No faster cadence justified by observed change rate,HTML portal page; figures are published in tables
src-003,"WebSearch aggregated (tssdc.in, NSDC state list page, Telangana IT&EC department page)",http://www.tssdc.in/about-us.php; https://nsdcindia.org/statelist/telangana,knowledge_engine.collectors.api_collector.APICollector,knowledge_engine.parsers.html_table_parser.HTMLTableParser,ANNUAL,55,2026-07-24,2027-07-24,TRUE,Package006_Skills_and_Training,1,1,58.0,Tier 3 - other public source,No faster cadence justified by observed change rate,HTML portal page; figures are published in tables
src-004,WebSearch aggregation summarizing Telangana govt announcements via news and secondary sources,"https://aarogyasri.telangana.gov.in/ ; https://www.policybazaar.com/health-insurance/govt-scheme/rajiv-aarogyasri-scheme-telangana/ ; https://en.wikipedia.org/wiki/Revanth_Reddy (referenced only, not fetched) ; https://telanganaweb.com/rajiv-aarogyasri-scheme-telangana/ ; https://joinditto.in/articles/health-insurance/rajiv-aarogyasri/",knowledge_engine.collectors.api_collector.APICollector,knowledge_engine.parsers.html_table_parser.HTMLTableParser,ANNUAL,85,2026-07-22,2027-07-22,TRUE,Package003_Healthcare,1,1,87.0,Tier 1 - Government of India domain,No faster cadence justified by observed change rate,HTML portal page; figures are published in tables
src-005,National Health Mission; Ministry of Health and Family Welfare,https://ab-hwc.nhp.gov.in/,knowledge_engine.collectors.api_collector.APICollector,knowledge_engine.parsers.html_table_parser.HTMLTableParser,ANNUAL,85,2026-07-25,2027-07-25,TRUE,Package007_Government_Schemes,1,1,72.0,Tier 1 - Government of India domain,No faster cadence justified by observed change rate,HTML portal page; figures are published in tables
src-006,Ministry of Agriculture & Farmers Welfare,https://agricoop.gov.in/,knowledge_engine.collectors.api_collector.APICollector,knowledge_engine.parsers.html_table_parser.HTMLTableParser,ANNUAL,85,2026-07-25,2027-07-25,TRUE,Package005_Agriculture;Package007_Government_Schemes;Package008_MSME,13,54,70.5,Tier 1 - Government of India domain,No faster cadence justified by observed change rate,HTML portal page; figures are published in tables
src-007,State Agriculture Departments,https://agriculture.gov.in/,knowledge_engine.collectors.api_collector.APICollector,knowledge_engine.parsers.html_table_parser.HTMLTableParser,ANNUAL,85,2026-07-24,2027-07-24,TRUE,Package005_Agriculture,1,1,72.0,Tier 1 - Government of India domain,No faster cadence justified by observed change rate,HTML portal page; figures are published in tables
src-008,Agriculture Infrastructure Fund portal,https://agriinfra.dac.gov.in/,knowledge_engine.collectors.api_collector.APICollector,knowledge_engine.parsers.html_table_parser.HTMLTableParser,ANNUAL,85,2026-07-25,2027-07-25,TRUE,Package007_Government_Schemes,1,1,72.0,Tier 1 - Government of India domain,No faster cadence justified by observed change rate,HTML portal page; figures are published in tables
src-009,Farm Mechanization portal; Department of Agriculture,https://agrimachinery.nic.in/,knowledge_engine.collectors.api_collector.APICollector,knowledge_engine.parsers.html_table_parser.HTMLTableParser,ANNUAL,85,2026-07-25,2027-07-25,TRUE,Package007_Government_Schemes,1,1,75.0,Tier 1 - Government of India domain,No faster cadence justified by observed change rate,HTML portal page; figures are published in tables
src-010,"Atal Innovation Mission, NITI Aayog",https://aim.gov.in/,knowledge_engine.collectors.api_collector.APICollector,knowledge_engine.parsers.html_table_parser.HTMLTableParser,ANNUAL,85,2026-07-25,2027-07-25,TRUE,Package008_MSME,1,1,72.0,Tier 1 - Government of India domain,No faster cadence justified by observed change rate,HTML portal page; figures are published in tables
src-011,Official college website; aggregator cross-check,https://aimsrchittoor.edu.in/ ; https://mbbscouncil.com/listing/apollo-institute-of-medical-sciences-and-research-chittoor/,knowledge_engine.collectors.api_collector.APICollector,knowledge_engine.parsers.html_table_parser.HTMLTableParser,ANNUAL,55,2026-07-22,2027-07-22,TRUE,Package003_Healthcare,1,1,88.0,Tier 3 - other public source,No faster cadence justified by observed change rate,HTML portal page; figures are published in tables
src-012,AISHE Official Website,https://aishe.gov.in/about-survey/,knowledge_engine.collectors.api_collector.APICollector,knowledge_engine.parsers.html_table_parser.HTMLTableParser,ANNUAL,85,2026-07-22,2027-07-22,TRUE,Package002_Education,1,1,86.0,Tier 1 - Government of India domain,No faster cadence justified by observed change rate,HTML portal page; figures are published in tables
src-013,APEDA (Agricultural and Processed Food Products Export Development Authority),https://apeda.gov.in/,knowledge_engine.collectors.api_collector.APICollector,knowledge_engine.parsers.html_table_parser.HTMLTableParser,SEMI_ANNUAL,85,2026-07-25,2027-01-23,TRUE,Package005_Agriculture;Package008_MSME,3,8,69.9,Tier 1 - Government of India domain,Market platform coverage and participation expand continuously,HTML portal page; figures are published in tables
src-014,"WebSearch aggregated (APIIC official site, Wikipedia via search summary, Business Standard, Dhruva Industrial Consultants)",https://apiic.in/; https://en.wikipedia.org/wiki/Andhra_Pradesh_Industrial_Infrastructure_Corporation,knowledge_engine.collectors.api_collector.APICollector,knowledge_engine.parsers.html_table_parser.HTMLTableParser,ANNUAL,55,2026-07-22,2027-07-22,TRUE,Package004_Industries,1,1,72.0,Tier 3 - other public source,No faster cadence justified by observed change rate,HTML portal page; figures are published in tables
src-015,"WebSearch aggregated (APIS official site, IndiaFilings, StartupIndia state policy page, StartupFlora, StartupGrantsIndia)",https://apis.ap.gov.in/; https://www.startupindia.gov.in/content/sih/en/state-startup-policies/Andhra-Pradesh-state-policy.html,knowledge_engine.collectors.api_collector.APICollector,knowledge_engine.parsers.html_table_parser.HTMLTableParser,QUARTERLY,85,2026-07-22,2026-10-21,TRUE,Package004_Industries,1,1,75.0,Tier 1 - Government of India domain,Scheme parameters change with budget cycles and notifications,HTML portal page; figures are published in tables
src-016,WebSearch,https://apmc.ap.gov.in/about.html; https://apmc.ap.gov.in/,knowledge_engine.collectors.api_collector.APICollector,knowledge_engine.parsers.html_table_parser.HTMLTableParser,ANNUAL,85,2026-07-21,2027-07-21,TRUE,Package003_Healthcare,1,1,83.0,Tier 1 - Government of India domain,No faster cadence justified by observed change rate,HTML portal page; figures are published in tables
src-017,ABB Robotics India course booking page; ABB global Customer Certification page,https://app2.edoobox.com/en/ABBIN/IRC5%20Controller%20Training/Course.ed.c4eba2a77b46_3018400957.Basic%20Robot%20Programming%20Training; https://new.abb.com/service/abb-university/united-states/robotics/customer-certification,knowledge_engine.collectors.api_collector.APICollector,knowledge_engine.parsers.html_table_parser.HTMLTableParser,ANNUAL,55,2026-07-24,2027-07-24,TRUE,Package006_Skills_and_Training,1,1,50.0,Tier 3 - other public source,No faster cadence justified by observed change rate,HTML portal page; figures are published in tables
src-018,WebSearch,https://appharmacycouncil.gov.in/site/history; https://appharmacycouncil.gov.in/site/aboutus; https://pci.gov.in/en/all-state-pharma-council/andhra-pradesh/,knowledge_engine.collectors.api_collector.APICollector,knowledge_engine.parsers.html_table_parser.HTMLTableParser,ANNUAL,85,2026-07-22,2027-07-22,TRUE,Package003_Healthcare,1,1,88.0,Tier 1 - Government of India domain,No faster cadence justified by observed change rate,HTML portal page; figures are published in tables
src-019,WebSearch cross-check (multiple secondary sources),https://apsche.ap.gov.in/,knowledge_engine.collectors.api_collector.APICollector,knowledge_engine.parsers.html_table_parser.HTMLTableParser,ANNUAL,85,2026-07-22,2027-07-22,TRUE,Package002_Education,1,1,76.0,Tier 1 - Government of India domain,No faster cadence justified by observed change rate,HTML portal page; figures are published in tables
src-020,WebSearch,https://apvvp.ap.gov.in/; https://en.wikipedia.org/wiki/Andhra_Pradesh_Vaidya_Vidhana_Parishad; https://hmfw.ap.gov.in/apvvp-org.aspx,knowledge_engine.collectors.api_collector.APICollector,knowledge_engine.parsers.html_table_parser.HTMLTableParser,ANNUAL,85,2026-07-21,2027-07-21,TRUE,Package003_Healthcare,1,1,82.0,Tier 1 - Government of India domain,No faster cadence justified by observed change rate,HTML portal page; figures are published in tables
src-021,AWS,https://aws.amazon.com,knowledge_engine.collectors.api_collector.APICollector,knowledge_engine.parsers.html_table_parser.HTMLTableParser,ANNUAL,55,2026-07-24,2027-07-24,TRUE,Package006_Skills_and_Training,1,1,72.0,Tier 3 - other public source,No faster cadence justified by observed change rate,HTML portal page; figures are published in tables
src-022,"bapatla.ap.gov.in; Medindia (WebSearch snippets only, no direct fetch)",https://bapatla.ap.gov.in/public-utility/area-hospital-bapatla/,knowledge_engine.collectors.api_collector.APICollector,knowledge_engine.parsers.html_table_parser.HTMLTableParser,ANNUAL,85,2026-07-22,2027-07-22,TRUE,Package003_Healthcare,1,1,80.0,Tier 1 - Government of India domain,No faster cadence justified by observed change rate,HTML portal page; figures are published in tables
src-023,ISRO/NRSC Bhuvan; ICAR,https://bhuvan.nrsc.gov.in/,knowledge_engine.collectors.api_collector.APICollector,knowledge_engine.parsers.html_table_parser.HTMLTableParser,ANNUAL,85,2026-07-24,2027-07-24,TRUE,Package005_Agriculture,1,1,64.0,Tier 1 - Government of India domain,No faster cadence justified by observed change rate,HTML portal page; figures are published in tables
src-024,"Aggregator search snippets (blog.rmgoe.org, medicalneetug.com)",https://blog.rmgoe.org/government-medical-college-nagarkurnool/,knowledge_engine.collectors.api_collector.APICollector,knowledge_engine.parsers.html_table_parser.HTMLTableParser,ANNUAL,55,2026-07-22,2027-07-22,TRUE,Package003_Healthcare,1,1,85.0,Tier 3 - other public source,No faster cadence justified by observed change rate,HTML portal page; figures are published in tables
src-025,WebSearch aggregation (secondary/portal cross-check; official site inaccessible via WebFetch this session),https://braou.ac.in/; https://en.wikipedia.org/wiki/Dr._B.R._Ambedkar_Open_University,knowledge_engine.collectors.api_collector.APICollector,knowledge_engine.parsers.html_table_parser.HTMLTableParser,ANNUAL,75,2026-07-22,2027-07-22,TRUE,Package002_Education,1,1,80.0,Tier 2 - academic institution,No faster cadence justified by observed change rate,HTML portal page; figures are published in tables
src-026,WebSearch cross-check (multiple secondary education portals),https://bse.telangana.gov.in/,knowledge_engine.collectors.api_collector.APICollector,knowledge_engine.parsers.html_table_parser.HTMLTableParser,ANNUAL,85,2026-07-22,2027-07-22,TRUE,Package002_Education,1,1,73.0,Tier 1 - Government of India domain,No faster cadence justified by observed change rate,HTML portal page; figures are published in tables
src-027,CADD Centre official corporate website and network page,https://caddcentre.com/; https://caddcentreglobal.com/network.php,knowledge_engine.collectors.api_collector.APICollector,knowledge_engine.parsers.html_table_parser.HTMLTableParser,ANNUAL,55,2026-07-24,2027-07-24,TRUE,Package006_Skills_and_Training,1,1,55.0,Tier 3 - other public source,No faster cadence justified by observed change rate,HTML portal page; figures are published in tables
src-028,Secondary reporting on AP POLYCET 2026 counselling data; CollegeDekho/Collegedunia aggregation,https://careeredutech.com/ap-polycet-2026-result-rank-card-counselling/,knowledge_engine.collectors.api_collector.APICollector,knowledge_engine.parsers.html_table_parser.HTMLTableParser,ANNUAL,55,2026-07-24,2027-07-24,TRUE,Package006_Skills_and_Training,1,1,56.0,Tier 3 - other public source,No faster cadence justified by observed change rate,HTML portal page; figures are published in tables
src-029,Healthcare Sector Skill Council (HSSC) General Duty Assistant Qualification Pack (HSS/Q5101); CBSE vocational curriculum documentation of the GDA job role,https://cbseacademic.nic.in/web_material/Curriculum21/publication/srsec/813_Health_Care.pdf; https://www.healthcare-ssc.in/pdf/GDA_FG_Revise.pdf; https://thecareergalaxy.com/blog/general-duty-assistant-course,knowledge_engine.collectors.api_collector.APICollector,knowledge_engine.parsers.html_table_parser.HTMLTableParser,ANNUAL,85,2026-07-24,2027-07-24,TRUE,Package006_Skills_and_Training,1,1,60.0,Tier 1 - Government of India domain,No faster cadence justified by observed change rate,HTML portal page; figures are published in tables
src-030,Central Drugs Standard Control Organisation,https://cdsco.gov.in/,knowledge_engine.collectors.api_collector.APICollector,knowledge_engine.parsers.html_table_parser.HTMLTableParser,SEMI_ANNUAL,85,2026-07-25,2027-01-23,TRUE,Package008_MSME,2,2,66.5,Tier 1 - Government of India domain,Compliance thresholds and product lists are revised periodically,HTML portal page; figures are published in tables
src-031,WebSearch,https://cdsco.gov.in/opencms/opencms/en/Home/; https://en.wikipedia.org/wiki/Central_Drugs_Standard_Control_Organisation; https://dghs.mohfw.gov.in/cdsco.php,knowledge_engine.collectors.api_collector.APICollector,knowledge_engine.parsers.html_table_parser.HTMLTableParser,SEMI_ANNUAL,85,2026-07-22,2027-01-20,TRUE,Package003_Healthcare,1,1,85.0,Tier 1 - Government of India domain,Compliance thresholds and product lists are revised periodically,HTML portal page; figures are published in tables
src-032,Certiport official Autodesk certification page; CAD training cost guide,https://certiport.pearsonvue.com/Certifications/Autodesk/Certifications/Overview.aspx; https://www.cadtrainingonline.com/ultimate-guide-to-autodesk-certification-validity/,knowledge_engine.collectors.api_collector.APICollector,knowledge_engine.parsers.html_table_parser.HTMLTableParser,ANNUAL,55,2026-07-24,2027-07-24,TRUE,Package006_Skills_and_Training,1,1,62.0,Tier 3 - other public source,No faster cadence justified by observed change rate,HTML portal page; figures are published in tables
src-033,Certiport official program page; aggregator discussion of India pricing,https://certiport.pearsonvue.com/Certifications/Microsoft/MOS/Overview.aspx; https://www.quora.com/How-much-does-Microsoft-Office-specialist-certification-cost-in-India,knowledge_engine.collectors.api_collector.APICollector,knowledge_engine.parsers.html_table_parser.HTMLTableParser,ANNUAL,55,2026-07-24,2027-07-24,TRUE,Package006_Skills_and_Training,1,1,55.0,Tier 3 - other public source,No faster cadence justified by observed change rate,HTML portal page; figures are published in tables
src-034,Official APSCHE CETS EAPCET portal cross-checked via Testbook and Collegedunia,https://cets.apsche.ap.gov.in/EAPCET/,knowledge_engine.collectors.api_collector.APICollector,knowledge_engine.parsers.html_table_parser.HTMLTableParser,ANNUAL,85,2026-07-21,2027-07-21,TRUE,Package002_Education,1,1,88.0,Tier 1 - Government of India domain,No faster cadence justified by observed change rate,HTML portal page; figures are published in tables
src-035,Official APSCHE CETS LAWCET portal cross-checked via Shiksha and Collegedunia,https://cets.apsche.ap.gov.in/LAWCET/,knowledge_engine.collectors.api_collector.APICollector,knowledge_engine.parsers.html_table_parser.HTMLTableParser,ANNUAL,85,2026-07-21,2027-07-21,TRUE,Package002_Education,1,1,86.0,Tier 1 - Government of India domain,No faster cadence justified by observed change rate,HTML portal page; figures are published in tables
src-036,WebSearch aggregation summarizing MoHFW/CGHS material via secondary sources,https://cghs.mohfw.gov.in/ ; https://www.starhealth.in/health-insurance/central-government-health-scheme/ ; https://services.india.gov.in/service/detail/central-government-health-scheme-cghs,knowledge_engine.collectors.api_collector.APICollector,knowledge_engine.parsers.html_table_parser.HTMLTableParser,QUARTERLY,85,2026-07-22,2026-10-21,TRUE,Package003_Healthcare,1,1,87.0,Tier 1 - Government of India domain,Scheme parameters change with budget cycles and notifications,HTML portal page; figures are published in tables
src-037,WebSearch,https://chfw.telangana.gov.in/; https://nhm.gov.in/index4.php?lang=1&level=0&linkid=60&lid=73; https://nhsrcindia.org/state/telangana,knowledge_engine.collectors.api_collector.APICollector,knowledge_engine.parsers.html_table_parser.HTMLTableParser,ANNUAL,85,2026-07-22,2027-07-22,TRUE,Package003_Healthcare,1,1,84.0,Tier 1 - Government of India domain,No faster cadence justified by observed change rate,HTML portal page; figures are published in tables
src-038,chittoor.ap.gov.in; Mappls; Medindia (via WebSearch snippets),https://chittoor.ap.gov.in/public-utility-category/hospitals/,knowledge_engine.collectors.api_collector.APICollector,knowledge_engine.parsers.html_table_parser.HTMLTableParser,ANNUAL,85,2026-07-22,2027-07-22,TRUE,Package003_Healthcare,1,1,82.0,Tier 1 - Government of India domain,No faster cadence justified by observed change rate,HTML portal page; figures are published in tables
src-039,Coconut Development Board,https://coconutboard.gov.in/,knowledge_engine.collectors.api_collector.APICollector,knowledge_engine.parsers.html_table_parser.HTMLTableParser,ANNUAL,85,2026-07-24,2027-07-24,TRUE,Package005_Agriculture,1,1,74.0,Tier 1 - Government of India domain,Agronomic guidance is stable between research cycles,HTML portal page; figures are published in tables
src-040,Ministry of Commerce and Industry,https://commerce.gov.in/,knowledge_engine.collectors.api_collector.APICollector,knowledge_engine.parsers.html_table_parser.HTMLTableParser,ANNUAL,85,2026-07-25,2027-07-25,TRUE,Package005_Agriculture;Package008_MSME,8,13,67.7,Tier 1 - Government of India domain,No faster cadence justified by observed change rate,HTML portal page; figures are published in tables
src-041,"ICAR, Ministry of Agriculture",https://cooperatives.nic.in/,knowledge_engine.collectors.api_collector.APICollector,knowledge_engine.parsers.html_table_parser.HTMLTableParser,ANNUAL,85,2026-07-24,2027-07-24,TRUE,Package005_Agriculture,1,1,75.0,Tier 1 - Government of India domain,No faster cadence justified by observed change rate,HTML portal page; figures are published in tables
src-042,Central Pollution Control Board,https://cpcb.nic.in/,knowledge_engine.collectors.api_collector.APICollector,knowledge_engine.parsers.html_table_parser.HTMLTableParser,SEMI_ANNUAL,85,2026-07-25,2027-01-23,TRUE,Package008_MSME,3,5,67.4,Tier 1 - Government of India domain,Compliance thresholds and product lists are revised periodically,HTML portal page; figures are published in tables
src-043,"WebSearch aggregation of platform and industry-blog sources; WebSearch aggregation of live-commerce, video-editing-AI and market-size sources (2026-07-24 pass)",https://creatorflow.so/blog/instagram-live-shopping/; https://support.google.com/youtube/answer/12257682; https://www.businesstoday.in/technology/news/story/youtube-shopping-now-in-india-affiliate-program-to-expand-creator-revenue-streams-451645-2024-10-26; https://www.ceoinsightsindia.com/news/meesho-s-new-platform-enhances-shopping-experience-with-influencerled-content-nwid-20063.html; https://sklegalconsultancy.in/instagram-shops-india-2025-seller-success/; https://www.capcut.com/tools/ai-video-editor; https://www.mordorintelligence.com/industry-reports/india-social-commerce-market; https://aitechnews.in/ai-tools-indian-small-business-2026-whatsapp-gst-automation/,knowledge_engine.collectors.api_collector.APICollector,knowledge_engine.parsers.html_table_parser.HTMLTableParser,ANNUAL,55,2026-07-22; 2026-07-24 (v2 enrichment),PENDING_VERIFICATION,TRUE,Package004_Industries,1,1,76.0,Tier 3 - other public source,No faster cadence justified by observed change rate,HTML portal page; figures are published in tables
src-044,Central Silk Board; Ministry of Textiles,https://csb.gov.in/,knowledge_engine.collectors.api_collector.APICollector,knowledge_engine.parsers.html_table_parser.HTMLTableParser,ANNUAL,85,2026-07-24,2027-07-24,TRUE,Package005_Agriculture,1,1,72.0,Tier 1 - Government of India domain,No faster cadence justified by observed change rate,HTML portal page; figures are published in tables
src-045,CSC e-Governance Services India Limited,https://csc.gov.in/,knowledge_engine.collectors.api_collector.APICollector,knowledge_engine.parsers.html_table_parser.HTMLTableParser,ANNUAL,85,2026-07-25,2027-07-25,TRUE,Package007_Government_Schemes,1,1,72.0,Tier 1 - Government of India domain,No faster cadence justified by observed change rate,HTML portal page; figures are published in tables
src-046,Official CBSE CTET portal,https://ctet.nic.in/,knowledge_engine.collectors.api_collector.APICollector,knowledge_engine.parsers.html_table_parser.HTMLTableParser,ANNUAL,85,2026-07-21,2027-07-21,TRUE,Package002_Education,1,1,88.0,Tier 1 - Government of India domain,No faster cadence justified by observed change rate,HTML portal page; figures are published in tables
src-047,Official NTA CUET(UG) portal,https://cuet.nta.nic.in/,knowledge_engine.collectors.api_collector.APICollector,knowledge_engine.parsers.html_table_parser.HTMLTableParser,ANNUAL,85,2026-07-21,2027-07-21,TRUE,Package002_Education,1,1,90.0,Tier 1 - Government of India domain,No faster cadence justified by observed change rate,HTML portal page; figures are published in tables
src-048,Department of Animal Husbandry & Dairying,https://dahd.nic.in/,knowledge_engine.collectors.api_collector.APICollector,knowledge_engine.parsers.html_table_parser.HTMLTableParser,ANNUAL,85,2026-07-24,2027-07-24,TRUE,Package005_Agriculture,3,5,68.2,Tier 1 - Government of India domain,No faster cadence justified by observed change rate,HTML portal page; figures are published in tables
src-049,Directorate of Cashewnut and Cocoa Development,https://dccd.gov.in/,knowledge_engine.collectors.api_collector.APICollector,knowledge_engine.parsers.html_table_parser.HTMLTableParser,ANNUAL,85,2026-07-24,2027-07-24,TRUE,Package005_Agriculture,2,2,69.5,Tier 1 - Government of India domain,No faster cadence justified by observed change rate,HTML portal page; figures are published in tables
src-050,WebSearch,https://dciindia.gov.in/; https://www.pib.gov.in/PressReleasePage.aspx?PRID=2242888&reg=48&lang=2; https://telanganatoday.com/centre-replaces-dental-council-of-india-with-national-dental-commission,knowledge_engine.collectors.api_collector.APICollector,knowledge_engine.parsers.html_table_parser.HTMLTableParser,QUARTERLY,85,2026-07-22,2026-10-21,TRUE,Package003_Healthcare,1,1,86.0,Tier 1 - Government of India domain,Scheme parameters change with budget cycles and notifications,HTML portal page; figures are published in tables
src-051,"WebSearch aggregated (dcmsme.gov.in course/scheme PDFs, Grainmart News, IndiaFilings)",https://dcmsme.gov.in/Courses-Details..pdf; https://www.dcmsme.gov.in/schemes/mtr_Guidelines.pdf; https://www.indiafilings.com/learn/tool-rooms-msme-technology-centres,knowledge_engine.collectors.api_collector.APICollector,knowledge_engine.parsers.html_table_parser.HTMLTableParser,ANNUAL,85,2026-07-24,2027-07-24,TRUE,Package006_Skills_and_Training,1,1,72.0,Tier 1 - Government of India domain,No faster cadence justified by observed change rate,HTML portal page; figures are published in tables
src-052,DDU-GKY portal; Ministry of Rural Development,https://ddugky.gov.in/,knowledge_engine.collectors.api_collector.APICollector,knowledge_engine.parsers.html_table_parser.HTMLTableParser,ANNUAL,85,2026-07-25,2027-07-25,TRUE,Package007_Government_Schemes,1,1,74.0,Tier 1 - Government of India domain,No faster cadence justified by observed change rate,HTML portal page; figures are published in tables
src-053,WebSearch cross-check (depwd.gov.in listed among results; corroborated by depwd.maharashtra.gov.in mirror),https://depwd.gov.in/en/scholarship/,knowledge_engine.collectors.api_collector.APICollector,knowledge_engine.parsers.html_table_parser.HTMLTableParser,ANNUAL,85,2026-07-22,2027-07-22,TRUE,Package002_Education,1,1,86.0,Tier 1 - Government of India domain,No faster cadence justified by observed change rate,HTML portal page; figures are published in tables
src-054,Google,https://developer.android.com,knowledge_engine.collectors.api_collector.APICollector,knowledge_engine.parsers.html_table_parser.HTMLTableParser,ANNUAL,55,2026-07-24,2027-07-24,TRUE,Package006_Skills_and_Training,1,1,70.0,Tier 3 - other public source,No faster cadence justified by observed change rate,HTML portal page; figures are published in tables
src-055,Department of Food and Public Distribution,https://dfpd.gov.in/,knowledge_engine.collectors.api_collector.APICollector,knowledge_engine.parsers.html_table_parser.HTMLTableParser,ANNUAL,85,2026-07-25,2027-07-25,TRUE,Package007_Government_Schemes,2,2,73.0,Tier 1 - Government of India domain,No faster cadence justified by observed change rate,HTML portal page; figures are published in tables
src-056,"WebSearch aggregation: iti.directory listing and DGE (Directorate General of Employment, Govt. of India) district employment exchange node",https://dge.gov.in/dge/node/10110,knowledge_engine.collectors.api_collector.APICollector,knowledge_engine.parsers.html_table_parser.HTMLTableParser,ANNUAL,85,2026-07-24,2027-07-24,TRUE,Package006_Skills_and_Training,1,1,68.0,Tier 1 - Government of India domain,No faster cadence justified by observed change rate,HTML portal page; figures are published in tables
src-057,"WebSearch aggregation: iti.directory Nalgonda listing; DGE (Directorate General of Employment, Govt. of India) district employment exchange node for the adjoining Govt. ITI (Girls) campus",https://dge.gov.in/dge/node/10116,knowledge_engine.collectors.api_collector.APICollector,knowledge_engine.parsers.html_table_parser.HTMLTableParser,ANNUAL,85,2026-07-24,2027-07-24,TRUE,Package006_Skills_and_Training,1,1,62.0,Tier 1 - Government of India domain,No faster cadence justified by observed change rate,HTML portal page; figures are published in tables
src-058,"WebSearch aggregation: DGE (Directorate General of Employment, Govt. of India) district employment exchange node; iti.telangana.gov.in Annexure-I ITI list (surfaced in search, not directly fetched)",https://dge.gov.in/dge/node/10125,knowledge_engine.collectors.api_collector.APICollector,knowledge_engine.parsers.html_table_parser.HTMLTableParser,ANNUAL,85,2026-07-24,2027-07-24,TRUE,Package006_Skills_and_Training,1,1,66.0,Tier 1 - Government of India domain,No faster cadence justified by observed change rate,HTML portal page; figures are published in tables
src-059,"WebSearch aggregation: DGE (Directorate General of Employment, Govt. of India) district employment exchange node; Justdial listing",https://dge.gov.in/dge/node/10136,knowledge_engine.collectors.api_collector.APICollector,knowledge_engine.parsers.html_table_parser.HTMLTableParser,ANNUAL,85,2026-07-24,2027-07-24,TRUE,Package006_Skills_and_Training,1,1,64.0,Tier 1 - Government of India domain,No faster cadence justified by observed change rate,HTML portal page; figures are published in tables
src-060,DGT,https://dgt.gov.in,knowledge_engine.collectors.api_collector.APICollector,knowledge_engine.parsers.html_table_parser.HTMLTableParser,ANNUAL,85,2026-07-24,2027-07-24,TRUE,Package006_Skills_and_Training,1,9,75.2,Tier 1 - Government of India domain,No faster cadence justified by observed change rate,HTML portal page; figures are published in tables
src-061,"WebSearch aggregated (DGT official site, National Skill Training Institute pages, Wikipedia summary via search)",https://dgt.gov.in/en/CTS; https://dgt.gov.in/en/CITS; https://en.wikipedia.org/wiki/Industrial_training_institute,knowledge_engine.collectors.api_collector.APICollector,knowledge_engine.parsers.html_table_parser.HTMLTableParser,ANNUAL,85,2026-07-24,2027-07-24,TRUE,Package006_Skills_and_Training,1,1,80.0,Tier 1 - Government of India domain,No faster cadence justified by observed change rate,HTML portal page; figures are published in tables
src-062,"WebSearch aggregated (DGT official site, World Bank project page, Karnataka/Maharashtra state skill department pages)",https://dgt.gov.in/en/Strive; http://projects.worldbank.org/P156867?lang=en; https://www.dvet.gov.in/en/schemes/strive/,knowledge_engine.collectors.api_collector.APICollector,knowledge_engine.parsers.html_table_parser.HTMLTableParser,ANNUAL,85,2026-07-24,2027-07-24,TRUE,Package006_Skills_and_Training,1,1,68.0,Tier 1 - Government of India domain,No faster cadence justified by observed change rate,HTML portal page; figures are published in tables
src-063,DGT and NSTI institutional websites (via search snippets); cross-referenced against NSTI Hyderabad campus pages,https://dgt.gov.in/en/node/688; https://dgt.gov.in/en/node/686,knowledge_engine.collectors.api_collector.APICollector,knowledge_engine.parsers.html_table_parser.HTMLTableParser,ANNUAL,85,2026-07-24,2027-07-24,TRUE,Package006_Skills_and_Training,1,1,75.0,Tier 1 - Government of India domain,No faster cadence justified by observed change rate,HTML portal page; figures are published in tables
src-064,DGT/NCVT Fitter CTS 2.0 Qualification File; DGT presentation on apprenticeship progression options,https://dgt.gov.in/sites/default/files/2023-12/Fitter_CTS2.0_NSQF-4_0.pdf; https://dgt.gov.in/sites/default/files/v2%20DGT%20long%20presentation%20(2)_0%20(1).pdf,knowledge_engine.collectors.api_collector.APICollector,knowledge_engine.parsers.pdf_parser.PDFParser,ANNUAL,85,2026-07-24,2027-07-24,TRUE,Package006_Skills_and_Training,1,1,70.0,Tier 1 - Government of India domain,No faster cadence justified by observed change rate,URL serves a PDF document
src-065,DGT/NCVT Welder (Fabrication & Fitting) CTS 2.0 Qualification File; ITI trade guides describing self-employment outcomes,https://dgt.gov.in/sites/default/files/Welder%20(Fabrication%20_%20Fitting)_CTS2.0_NSQF-3.pdf; https://syllabus.iti.directory/cts/welder-fabrication-fitting; https://iimskills.com/comprehensive-guide-iti-welder-trade/,knowledge_engine.collectors.api_collector.APICollector,knowledge_engine.parsers.html_table_parser.HTMLTableParser,ANNUAL,85,2026-07-24,2027-07-24,TRUE,Package006_Skills_and_Training,1,1,63.0,Tier 1 - Government of India domain,No faster cadence justified by observed change rate,HTML portal page; figures are published in tables
src-066,"State land records portals (Dharani, Webland)",https://dharani.telangana.gov.in/,knowledge_engine.collectors.api_collector.APICollector,knowledge_engine.parsers.html_table_parser.HTMLTableParser,ANNUAL,85,2026-07-25,2027-07-25,TRUE,Package007_Government_Schemes,1,1,72.0,Tier 1 - Government of India domain,No faster cadence justified by observed change rate,HTML portal page; figures are published in tables
src-067,Department of Empowerment of Persons with Disabilities,https://disabilityaffairs.gov.in/,knowledge_engine.collectors.api_collector.APICollector,knowledge_engine.parsers.html_table_parser.HTMLTableParser,ANNUAL,85,2026-07-25,2027-07-25,TRUE,Package007_Government_Schemes,1,1,74.0,Tier 1 - Government of India domain,No faster cadence justified by observed change rate,HTML portal page; figures are published in tables
src-068,WebSearch aggregate summary referencing dme.telangana.gov.in hospital list,https://dme.telangana.gov.in/open_record.php?ID=196,knowledge_engine.collectors.api_collector.APICollector,knowledge_engine.parsers.html_table_parser.HTMLTableParser,ANNUAL,85,2026-07-22,2027-07-22,TRUE,Package003_Healthcare,1,1,83.0,Tier 1 - Government of India domain,No faster cadence justified by observed change rate,HTML portal page; figures are published in tables
src-069,DPIIT; Department of Science and Technology,https://dpiit.gov.in/,knowledge_engine.collectors.api_collector.APICollector,knowledge_engine.parsers.html_table_parser.HTMLTableParser,ANNUAL,85,2026-07-25,2027-07-25,TRUE,Package007_Government_Schemes,1,1,72.0,Tier 1 - Government of India domain,No faster cadence justified by observed change rate,HTML portal page; figures are published in tables
src-070,WebSearch aggregation summarizing AP govt/health department material via secondary sources,https://drntrvaidyaseva.ap.gov.in/ ; http://hmfw.ap.gov.in/ntr-aarogyaseva-org.aspx ; https://thesouthfirst.com/andhrapradesh/here-is-all-you-need-to-know-about-the-revamped-ysr-aarogyasri-scheme/ ; https://medicaldialogues.in/news/health/hospital-diagnostics/ap-disburses-rs-919-crore-to-hospitals-empanelled-under-ntr-vaidya-seva-scheme-171137,knowledge_engine.collectors.api_collector.APICollector,knowledge_engine.parsers.html_table_parser.HTMLTableParser,ANNUAL,85,2026-07-22,2027-07-22,TRUE,Package003_Healthcare,1,1,86.0,Tier 1 - Government of India domain,No faster cadence justified by observed change rate,HTML portal page; figures are published in tables
src-071,Department of Science and Technology,https://dst.gov.in/,knowledge_engine.collectors.api_collector.APICollector,knowledge_engine.parsers.html_table_parser.HTMLTableParser,ANNUAL,85,2026-07-25,2027-07-25,TRUE,Package008_MSME,1,1,68.0,Tier 1 - Government of India domain,No faster cadence justified by observed change rate,HTML portal page; figures are published in tables
src-072,"WebSearch aggregation: dte.telangana.gov.in college-information listing snippet (id=628), Shiksha, Careers360",https://dte.telangana.gov.in/collegeInformation?id=628,knowledge_engine.collectors.api_collector.APICollector,knowledge_engine.parsers.html_table_parser.HTMLTableParser,ANNUAL,85,2026-07-24,2027-07-24,TRUE,Package006_Skills_and_Training,1,1,64.0,Tier 1 - Government of India domain,No faster cadence justified by observed change rate,HTML portal page; figures are published in tables
src-073,Official TGCHE EAPCET portal cross-checked via Testbook and Careers360,https://eapcet.tgche.ac.in/,knowledge_engine.collectors.api_collector.APICollector,knowledge_engine.parsers.html_table_parser.HTMLTableParser,ANNUAL,75,2026-07-21,2027-07-21,TRUE,Package002_Education,1,1,88.0,Tier 2 - academic institution,No faster cadence justified by observed change rate,HTML portal page; figures are published in tables
src-074,Official TGCHE EdCET portal cross-checked via Careers360 news,https://edcet.tgche.ac.in/,knowledge_engine.collectors.api_collector.APICollector,knowledge_engine.parsers.html_table_parser.HTMLTableParser,ANNUAL,75,2026-07-21,2027-07-21,TRUE,Package002_Education,1,1,85.0,Tier 2 - academic institution,No faster cadence justified by observed change rate,HTML portal page; figures are published in tables
src-075,Vikaspedia best-practices profile of TASK; Telangana IT Department (it.telangana.gov.in) initiative page; Telangana Web Directory,https://en.vikaspedia.in/viewcontent/social-welfare/skill-development/best-practices-on-skill-development/telangana-academy-for-skill-knowledge; https://it.telangana.gov.in/initiatives/task/; https://www.task.telangana.gov.in/,knowledge_engine.collectors.api_collector.APICollector,knowledge_engine.parsers.html_table_parser.HTMLTableParser,ANNUAL,55,2026-07-24,2027-07-24,TRUE,Package006_Skills_and_Training,1,1,73.0,Tier 3 - other public source,No faster cadence justified by observed change rate,HTML portal page; figures are published in tables
src-076,Wikipedia; neetadmission.in,https://en.wikipedia.org/wiki/A._C._Subba_Reddy_Government_Medical_College,knowledge_engine.collectors.api_collector.APICollector,knowledge_engine.parsers.html_table_parser.HTMLTableParser,ANNUAL,45,2026-07-22,2027-07-22,TRUE,Package003_Healthcare,1,1,88.0,"Tier 4 - compiled secondary source, footnoted",No faster cadence justified by observed change rate,HTML portal page; figures are published in tables
src-077,WebSearch aggregation (secondary/portal cross-check; official site inaccessible via WebFetch this session),https://en.wikipedia.org/wiki/Acharya_N._G._Ranga_Agricultural_University; https://angrau.ac.in/,knowledge_engine.collectors.api_collector.APICollector,knowledge_engine.parsers.html_table_parser.HTMLTableParser,ANNUAL,45,2026-07-22,2027-07-22,TRUE,Package002_Education,1,1,78.0,"Tier 4 - compiled secondary source, footnoted",No faster cadence justified by observed change rate,HTML portal page; figures are published in tables
src-078,WebSearch aggregation (secondary/portal cross-check; official site inaccessible via WebFetch this session),https://en.wikipedia.org/wiki/Acharya_Nagarjuna_University; https://www.universityguru.com/university/acharya-nagarjuna-university-guntur,knowledge_engine.collectors.api_collector.APICollector,knowledge_engine.parsers.html_table_parser.HTMLTableParser,ANNUAL,45,2026-07-22,2027-07-22,TRUE,Package002_Education,1,1,72.0,"Tier 4 - compiled secondary source, footnoted",No faster cadence justified by observed change rate,HTML portal page; figures are published in tables
src-079,WebSearch aggregation (secondary/portal cross-check; official site inaccessible via WebFetch this session),https://en.wikipedia.org/wiki/Adikavi_Nannaya_University; https://aknu.edu.in/,knowledge_engine.collectors.api_collector.APICollector,knowledge_engine.parsers.html_table_parser.HTMLTableParser,ANNUAL,45,2026-07-22,2027-07-22,TRUE,Package002_Education,1,1,76.0,"Tier 4 - compiled secondary source, footnoted",No faster cadence justified by observed change rate,HTML portal page; figures are published in tables
src-080,Wikipedia; official college website,https://en.wikipedia.org/wiki/Andhra_Medical_College ; https://amc.edu.in/about-us/,knowledge_engine.collectors.api_collector.APICollector,knowledge_engine.parsers.html_table_parser.HTMLTableParser,ANNUAL,45,2026-07-22,2027-07-22,TRUE,Package003_Healthcare,1,1,88.0,"Tier 4 - compiled secondary source, footnoted",No faster cadence justified by observed change rate,HTML portal page; figures are published in tables
src-081,WebSearch cross-check (Wikipedia and secondary education portals - conflicting dates found),https://en.wikipedia.org/wiki/Andhra_Pradesh_Board_of_Secondary_Education,knowledge_engine.collectors.api_collector.APICollector,knowledge_engine.parsers.html_table_parser.HTMLTableParser,ANNUAL,45,2026-07-22,2027-07-22,TRUE,Package002_Education,1,1,63.0,"Tier 4 - compiled secondary source, footnoted",No faster cadence justified by observed change rate,HTML portal page; figures are published in tables
src-082,WebSearch aggregation (secondary/portal cross-check; official site inaccessible via WebFetch this session),https://en.wikipedia.org/wiki/Andhra_University; https://www.topuniversities.com/universities/andhra-university,knowledge_engine.collectors.api_collector.APICollector,knowledge_engine.parsers.html_table_parser.HTMLTableParser,ANNUAL,45,2026-07-22,2027-07-22,TRUE,Package002_Education,1,1,82.0,"Tier 4 - compiled secondary source, footnoted",No faster cadence justified by observed change rate,HTML portal page; figures are published in tables
src-083,WebSearch aggregation (secondary/portal cross-check; official site inaccessible via WebFetch this session),https://en.wikipedia.org/wiki/Anurag_University; https://www.anurag.edu.in/,knowledge_engine.collectors.api_collector.APICollector,knowledge_engine.parsers.html_table_parser.HTMLTableParser,ANNUAL,45,2026-07-22,2027-07-22,TRUE,Package002_Education,1,1,75.0,"Tier 4 - compiled secondary source, footnoted",No faster cadence justified by observed change rate,HTML portal page; figures are published in tables
src-084,Wikipedia,https://en.wikipedia.org/wiki/Ayaan_Institute_of_Medical_Sciences,knowledge_engine.collectors.api_collector.APICollector,knowledge_engine.parsers.html_table_parser.HTMLTableParser,ANNUAL,45,2026-07-22,2027-07-22,TRUE,Package003_Healthcare,1,1,88.0,"Tier 4 - compiled secondary source, footnoted",No faster cadence justified by observed change rate,HTML portal page; figures are published in tables
src-085,"WebSearch cross-check (schools360.in office-relocation report, Wikipedia)","https://en.wikipedia.org/wiki/Board_of_Intermediate_Education,_Andhra_Pradesh",knowledge_engine.collectors.api_collector.APICollector,knowledge_engine.parsers.html_table_parser.HTMLTableParser,ANNUAL,45,2026-07-22,2027-07-22,TRUE,Package002_Education,1,1,70.0,"Tier 4 - compiled secondary source, footnoted",No faster cadence justified by observed change rate,HTML portal page; figures are published in tables
src-086,WebSearch aggregation (secondary/portal cross-check; official site inaccessible via WebFetch this session),https://en.wikipedia.org/wiki/Central_Tribal_University_of_Andhra_Pradesh; https://www.ctuap.ac.in/about-us/,knowledge_engine.collectors.api_collector.APICollector,knowledge_engine.parsers.html_table_parser.HTMLTableParser,ANNUAL,45,2026-07-22,2027-07-22,TRUE,Package002_Education,1,1,69.0,"Tier 4 - compiled secondary source, footnoted",No faster cadence justified by observed change rate,HTML portal page; figures are published in tables
src-087,WebSearch aggregation (secondary/portal cross-check; official site inaccessible via WebFetch this session),https://en.wikipedia.org/wiki/Central_University_of_Andhra_Pradesh; https://cuap.ac.in/about-us/,knowledge_engine.collectors.api_collector.APICollector,knowledge_engine.parsers.html_table_parser.HTMLTableParser,ANNUAL,45,2026-07-22,2027-07-22,TRUE,Package002_Education,1,1,75.0,"Tier 4 - compiled secondary source, footnoted",No faster cadence justified by observed change rate,HTML portal page; figures are published in tables
src-088,"WebSearch cross-check (CISCE self-description, secondary sources)",https://en.wikipedia.org/wiki/Council_for_the_Indian_School_Certificate_Examinations,knowledge_engine.collectors.api_collector.APICollector,knowledge_engine.parsers.html_table_parser.HTMLTableParser,ANNUAL,45,2026-07-22,2027-07-22,TRUE,Package002_Education,1,1,70.0,"Tier 4 - compiled secondary source, footnoted",No faster cadence justified by observed change rate,HTML portal page; figures are published in tables
src-089,WebSearch aggregation (secondary/portal cross-check; official site inaccessible via WebFetch this session),https://en.wikipedia.org/wiki/Damodaram_Sanjivayya_National_Law_University; https://dsnlu.ac.in/,knowledge_engine.collectors.api_collector.APICollector,knowledge_engine.parsers.html_table_parser.HTMLTableParser,ANNUAL,45,2026-07-22,2027-07-22,TRUE,Package002_Education,1,1,76.0,"Tier 4 - compiled secondary source, footnoted",No faster cadence justified by observed change rate,HTML portal page; figures are published in tables
src-090,Wikipedia; official college website,https://en.wikipedia.org/wiki/Deccan_College_of_Medical_Sciences ; https://dcms.ac.in/,knowledge_engine.collectors.api_collector.APICollector,knowledge_engine.parsers.html_table_parser.HTMLTableParser,ANNUAL,45,2026-07-22,2027-07-22,TRUE,Package003_Healthcare,1,1,88.0,"Tier 4 - compiled secondary source, footnoted",No faster cadence justified by observed change rate,HTML portal page; figures are published in tables
src-091,"WebSearch aggregated (Wikipedia summary via search, apnaafatehpur.in, bharatmadad.com, projectsarthi.com)",https://en.wikipedia.org/wiki/Deen_Dayal_Upadhyaya_Grameen_Kaushalya_Yojana; https://bharatmadad.com/sarkari-yojana/ddu-grameen-kaushalya-yojana-2026/,knowledge_engine.collectors.api_collector.APICollector,knowledge_engine.parsers.html_table_parser.HTMLTableParser,ANNUAL,45,2026-07-24,2027-07-24,TRUE,Package006_Skills_and_Training,1,1,66.0,"Tier 4 - compiled secondary source, footnoted",No faster cadence justified by observed change rate,HTML portal page; figures are published in tables
src-092,WebSearch aggregation (secondary/portal cross-check; official site inaccessible via WebFetch this session),"https://en.wikipedia.org/wiki/Dr._B._R._Ambedkar_University,_Srikakulam",knowledge_engine.collectors.api_collector.APICollector,knowledge_engine.parsers.html_table_parser.HTMLTableParser,ANNUAL,45,2026-07-22,2027-07-22,TRUE,Package002_Education,1,1,73.0,"Tier 4 - compiled secondary source, footnoted",No faster cadence justified by observed change rate,HTML portal page; figures are published in tables
src-093,WebSearch aggregation (secondary/portal cross-check; official site inaccessible via WebFetch this session),https://en.wikipedia.org/wiki/Dr._NTR_University_of_Health_Sciences,knowledge_engine.collectors.api_collector.APICollector,knowledge_engine.parsers.html_table_parser.HTMLTableParser,ANNUAL,45,2026-07-22,2027-07-22,TRUE,Package002_Education,1,1,76.0,"Tier 4 - compiled secondary source, footnoted",No faster cadence justified by observed change rate,HTML portal page; figures are published in tables
src-094,WebSearch aggregation (secondary/portal cross-check; official site inaccessible via WebFetch this session),https://en.wikipedia.org/wiki/Dr._Y.S.R._Horticultural_University; https://drysrhuap.in/,knowledge_engine.collectors.api_collector.APICollector,knowledge_engine.parsers.html_table_parser.HTMLTableParser,ANNUAL,45,2026-07-22,2027-07-22,TRUE,Package002_Education,1,1,76.0,"Tier 4 - compiled secondary source, footnoted",No faster cadence justified by observed change rate,HTML portal page; figures are published in tables
src-095,WebSearch aggregation (secondary/portal cross-check; official site inaccessible via WebFetch this session),https://en.wikipedia.org/wiki/Dravidian_University; https://www.dravidianuniversity.ac.in/,knowledge_engine.collectors.api_collector.APICollector,knowledge_engine.parsers.html_table_parser.HTMLTableParser,ANNUAL,45,2026-07-22,2027-07-22,TRUE,Package002_Education,1,1,76.0,"Tier 4 - compiled secondary source, footnoted",No faster cadence justified by observed change rate,HTML portal page; figures are published in tables
src-096,WebSearch aggregation (secondary/portal cross-check; official site inaccessible via WebFetch this session),https://en.wikipedia.org/wiki/English_and_Foreign_Languages_University,knowledge_engine.collectors.api_collector.APICollector,knowledge_engine.parsers.html_table_parser.HTMLTableParser,ANNUAL,45,2026-07-22,2027-07-22,TRUE,Package002_Education,1,1,78.0,"Tier 4 - compiled secondary source, footnoted",No faster cadence justified by observed change rate,HTML portal page; figures are published in tables
src-097,HexaHealth; ZoomInfo; Wikipedia; gmcsecunderabad.org (via search snippet),https://en.wikipedia.org/wiki/Gandhi_Medical_College_and_Hospital ; https://gmcsecunderabad.org/contact-us/,knowledge_engine.collectors.api_collector.APICollector,knowledge_engine.parsers.html_table_parser.HTMLTableParser,ANNUAL,45,2026-07-22,2027-07-22,TRUE,Package003_Healthcare,1,1,88.0,"Tier 4 - compiled secondary source, footnoted",No faster cadence justified by observed change rate,HTML portal page; figures are published in tables
src-098,"Wikipedia (Government General Hospital, Nizamabad); gmcnzb.org","https://en.wikipedia.org/wiki/Government_General_Hospital,_Nizamabad ; https://www.gmcnzb.org/",knowledge_engine.collectors.api_collector.APICollector,knowledge_engine.parsers.html_table_parser.HTMLTableParser,ANNUAL,45,2026-07-22,2027-07-22,TRUE,Package003_Healthcare,1,1,88.0,"Tier 4 - compiled secondary source, footnoted",No faster cadence justified by observed change rate,HTML portal page; figures are published in tables
src-099,Wikipedia; Anantapur district government portal,"https://en.wikipedia.org/wiki/Government_Medical_College,_Anantapur ; https://ananthapuramu.ap.gov.in/public-utility/government-medical-college/",knowledge_engine.collectors.api_collector.APICollector,knowledge_engine.parsers.html_table_parser.HTMLTableParser,ANNUAL,45,2026-07-22,2027-07-22,TRUE,Package003_Healthcare,1,1,88.0,"Tier 4 - compiled secondary source, footnoted",No faster cadence justified by observed change rate,HTML portal page; figures are published in tables
src-100,gmcatp.edu.in; Wikipedia (via WebSearch snippets),"https://en.wikipedia.org/wiki/Government_Medical_College,_Anantapur ; https://gmcatp.edu.in/",knowledge_engine.collectors.api_collector.APICollector,knowledge_engine.parsers.html_table_parser.HTMLTableParser,ANNUAL,45,2026-07-22,2027-07-22,TRUE,Package003_Healthcare,1,1,87.0,"Tier 4 - compiled secondary source, footnoted",No faster cadence justified by observed change rate,HTML portal page; figures are published in tables
src-101,Wikipedia; official college website,"https://en.wikipedia.org/wiki/Government_Medical_College,_Kadapa ; https://governmentmedicalcollegekadapa.edu.in/",knowledge_engine.collectors.api_collector.APICollector,knowledge_engine.parsers.html_table_parser.HTMLTableParser,ANNUAL,45,2026-07-22,2027-07-22,TRUE,Package003_Healthcare,1,1,88.0,"Tier 4 - compiled secondary source, footnoted",No faster cadence justified by observed change rate,HTML portal page; figures are published in tables
src-102,rims-kadapa.in; Wikipedia (via WebSearch snippets),"https://en.wikipedia.org/wiki/Government_Medical_College,_Kadapa ; https://rims-kadapa.in/hospital.php",knowledge_engine.collectors.api_collector.APICollector,knowledge_engine.parsers.html_table_parser.HTMLTableParser,ANNUAL,45,2026-07-22,2027-07-22,TRUE,Package003_Healthcare,1,1,86.0,"Tier 4 - compiled secondary source, footnoted",No faster cadence justified by observed change rate,HTML portal page; figures are published in tables
src-103,"Multiple college-listing aggregator sites (tabindia.org, careermarg.com, moksh16.com) via WebSearch snippets","https://en.wikipedia.org/wiki/Government_Medical_College,_Mahbubnagar",knowledge_engine.collectors.api_collector.APICollector,knowledge_engine.parsers.html_table_parser.HTMLTableParser,ANNUAL,45,2026-07-22,2027-07-22,TRUE,Package003_Healthcare,2,2,86.5,"Tier 4 - compiled secondary source, footnoted",No faster cadence justified by observed change rate,HTML portal page; figures are published in tables
src-104,Wikipedia,"https://en.wikipedia.org/wiki/Government_Medical_College,_Mancherial",knowledge_engine.collectors.api_collector.APICollector,knowledge_engine.parsers.html_table_parser.HTMLTableParser,ANNUAL,45,2026-07-22,2027-07-22,TRUE,Package003_Healthcare,1,1,88.0,"Tier 4 - compiled secondary source, footnoted",No faster cadence justified by observed change rate,HTML portal page; figures are published in tables
src-105,Wikipedia; official college website; Nizamabad district government portal,"https://en.wikipedia.org/wiki/Government_Medical_College,_Nizamabad ; https://www.gmcnzb.org/ ; https://nizamabad.telangana.gov.in/public-utility/govt-medical-college/",knowledge_engine.collectors.api_collector.APICollector,knowledge_engine.parsers.html_table_parser.HTMLTableParser,ANNUAL,45,2026-07-22,2027-07-22,TRUE,Package003_Healthcare,1,1,88.0,"Tier 4 - compiled secondary source, footnoted",No faster cadence justified by observed change rate,HTML portal page; figures are published in tables
src-106,Aggregator college-listing sites via WebSearch snippets,"https://en.wikipedia.org/wiki/Government_Medical_College,_Sangareddy",knowledge_engine.collectors.api_collector.APICollector,knowledge_engine.parsers.html_table_parser.HTMLTableParser,ANNUAL,45,2026-07-22,2027-07-22,TRUE,Package003_Healthcare,1,1,82.0,"Tier 4 - compiled secondary source, footnoted",No faster cadence justified by observed change rate,HTML portal page; figures are published in tables
src-107,Wikipedia; official college website; aggregator cross-check,"https://en.wikipedia.org/wiki/Government_Medical_College,_Sangareddy ; https://gmcsangareddy.org/ ; https://gmcsangareddy.org/contact-us/",knowledge_engine.collectors.api_collector.APICollector,knowledge_engine.parsers.html_table_parser.HTMLTableParser,ANNUAL,45,2026-07-22,2027-07-22,TRUE,Package003_Healthcare,1,1,84.0,"Tier 4 - compiled secondary source, footnoted",No faster cadence justified by observed change rate,HTML portal page; figures are published in tables
src-108,Wikipedia; official college website,"https://en.wikipedia.org/wiki/Government_Medical_College,_Siddipet ; https://gmcsiddipet.org/",knowledge_engine.collectors.api_collector.APICollector,knowledge_engine.parsers.html_table_parser.HTMLTableParser,ANNUAL,45,2026-07-22,2027-07-22,TRUE,Package003_Healthcare,1,1,88.0,"Tier 4 - compiled secondary source, footnoted",No faster cadence justified by observed change rate,HTML portal page; figures are published in tables
src-109,Wikipedia; indcareer.com,https://en.wikipedia.org/wiki/Guntur_Medical_College,knowledge_engine.collectors.api_collector.APICollector,knowledge_engine.parsers.html_table_parser.HTMLTableParser,ANNUAL,45,2026-07-22,2027-07-22,TRUE,Package003_Healthcare,1,1,88.0,"Tier 4 - compiled secondary source, footnoted",No faster cadence justified by observed change rate,HTML portal page; figures are published in tables
src-110,WebSearch aggregation (secondary/portal cross-check; official site inaccessible via WebFetch this session),https://en.wikipedia.org/wiki/IIT_Tirupati; https://www.iittp.ac.in/,knowledge_engine.collectors.api_collector.APICollector,knowledge_engine.parsers.html_table_parser.HTMLTableParser,ANNUAL,45,2026-07-22,2027-07-22,TRUE,Package002_Education,1,1,76.0,"Tier 4 - compiled secondary source, footnoted",No faster cadence justified by observed change rate,HTML portal page; figures are published in tables
src-111,WebSearch aggregation (secondary/portal cross-check; official site inaccessible via WebFetch this session),"https://en.wikipedia.org/wiki/Indian_Institute_of_Science_Education_and_Research,_Tirupati",knowledge_engine.collectors.api_collector.APICollector,knowledge_engine.parsers.html_table_parser.HTMLTableParser,ANNUAL,45,2026-07-22,2027-07-22,TRUE,Package002_Education,1,1,74.0,"Tier 4 - compiled secondary source, footnoted",No faster cadence justified by observed change rate,HTML portal page; figures are published in tables
src-112,WebSearch aggregation (secondary/portal cross-check; official site inaccessible via WebFetch this session),"https://en.wikipedia.org/wiki/International_Institute_of_Information_Technology,_Hyderabad; https://www.iiit.ac.in/at-a-glance/",knowledge_engine.collectors.api_collector.APICollector,knowledge_engine.parsers.html_table_parser.HTMLTableParser,ANNUAL,45,2026-07-22,2027-07-22,TRUE,Package002_Education,1,1,78.0,"Tier 4 - compiled secondary source, footnoted",No faster cadence justified by observed change rate,HTML portal page; figures are published in tables
src-113,WebSearch aggregation (secondary/portal cross-check; official site inaccessible via WebFetch this session),https://en.wikipedia.org/wiki/Jawaharlal_Nehru_Architecture_and_Fine_Arts_University; https://jnafau.ac.in/,knowledge_engine.collectors.api_collector.APICollector,knowledge_engine.parsers.html_table_parser.HTMLTableParser,ANNUAL,45,2026-07-22,2027-07-22,TRUE,Package002_Education,1,1,74.0,"Tier 4 - compiled secondary source, footnoted",No faster cadence justified by observed change rate,HTML portal page; figures are published in tables
src-114,WebSearch aggregation (secondary/portal cross-check; official site inaccessible via WebFetch this session),"https://en.wikipedia.org/wiki/Jawaharlal_Nehru_Technological_University,_Anantapur; https://www.jntua.ac.in/",knowledge_engine.collectors.api_collector.APICollector,knowledge_engine.parsers.html_table_parser.HTMLTableParser,ANNUAL,45,2026-07-22,2027-07-22,TRUE,Package002_Education,1,1,78.0,"Tier 4 - compiled secondary source, footnoted",No faster cadence justified by observed change rate,HTML portal page; figures are published in tables
src-115,WebSearch aggregation (secondary/portal cross-check; official site inaccessible via WebFetch this session),"https://en.wikipedia.org/wiki/Jawaharlal_Nehru_Technological_University,_Hyderabad; https://education.sakshi.com/en/general-knowledge/education-news/nirf-2025-jntuh-secures-94th-rank-top-engineering-colleges-181571",knowledge_engine.collectors.api_collector.APICollector,knowledge_engine.parsers.html_table_parser.HTMLTableParser,ANNUAL,45,2026-07-22,2027-07-22,TRUE,Package002_Education,1,1,80.0,"Tier 4 - compiled secondary source, footnoted",No faster cadence justified by observed change rate,HTML portal page; figures are published in tables
src-116,WebSearch aggregation (secondary/portal cross-check; official site inaccessible via WebFetch this session),"https://en.wikipedia.org/wiki/Jawaharlal_Nehru_Technological_University,_Kakinada; https://www.jntuk.edu.in/",knowledge_engine.collectors.api_collector.APICollector,knowledge_engine.parsers.html_table_parser.HTMLTableParser,ANNUAL,45,2026-07-22,2027-07-22,TRUE,Package002_Education,1,1,76.0,"Tier 4 - compiled secondary source, footnoted",No faster cadence justified by observed change rate,HTML portal page; figures are published in tables
src-117,WebSearch aggregation (secondary/portal cross-check; official site inaccessible via WebFetch this session),"https://en.wikipedia.org/wiki/Jawaharlal_Nehru_Technological_University_-_Gurajada,_Vizianagaram",knowledge_engine.collectors.api_collector.APICollector,knowledge_engine.parsers.html_table_parser.HTMLTableParser,ANNUAL,45,2026-07-22,2027-07-22,TRUE,Package002_Education,1,1,70.0,"Tier 4 - compiled secondary source, footnoted",No faster cadence justified by observed change rate,HTML portal page; figures are published in tables
src-118,Wikipedia; official college website (kmcwgl.com),https://en.wikipedia.org/wiki/Kakatiya_Medical_College ; https://www.kmcwgl.com/,knowledge_engine.collectors.api_collector.APICollector,knowledge_engine.parsers.html_table_parser.HTMLTableParser,ANNUAL,45,2026-07-22,2027-07-22,TRUE,Package003_Healthcare,1,1,88.0,"Tier 4 - compiled secondary source, footnoted",No faster cadence justified by observed change rate,HTML portal page; figures are published in tables
src-119,WebSearch aggregation (secondary/portal cross-check; official site inaccessible via WebFetch this session),https://en.wikipedia.org/wiki/Kakatiya_University; https://kakatiya.ac.in/rar-2017,knowledge_engine.collectors.api_collector.APICollector,knowledge_engine.parsers.html_table_parser.HTMLTableParser,ANNUAL,45,2026-07-22,2027-07-22,TRUE,Package002_Education,1,1,76.0,"Tier 4 - compiled secondary source, footnoted",No faster cadence justified by observed change rate,HTML portal page; figures are published in tables
src-120,WebSearch aggregation (secondary/portal cross-check; official site inaccessible via WebFetch this session),https://en.wikipedia.org/wiki/Kaloji_Narayana_Rao_University_of_Health_Sciences; https://www.knruhs.telangana.gov.in/about-us/,knowledge_engine.collectors.api_collector.APICollector,knowledge_engine.parsers.html_table_parser.HTMLTableParser,ANNUAL,45,2026-07-22,2027-07-22,TRUE,Package002_Education,1,1,78.0,"Tier 4 - compiled secondary source, footnoted",No faster cadence justified by observed change rate,HTML portal page; figures are published in tables
src-121,Wikipedia; official college website,https://en.wikipedia.org/wiki/Katuri_Medical_College ; https://www.katurimedicalcollege.org/,knowledge_engine.collectors.api_collector.APICollector,knowledge_engine.parsers.html_table_parser.HTMLTableParser,ANNUAL,45,2026-07-22,2027-07-22,TRUE,Package003_Healthcare,1,1,88.0,"Tier 4 - compiled secondary source, footnoted",No faster cadence justified by observed change rate,HTML portal page; figures are published in tables
src-122,amc.edu.in; visakhapatnam.ap.gov.in; Wikipedia (via WebSearch snippets),"https://en.wikipedia.org/wiki/King_George_Hospital,_Visakhapatnam ; https://amc.edu.in/teaching-hospitals/",knowledge_engine.collectors.api_collector.APICollector,knowledge_engine.parsers.html_table_parser.HTMLTableParser,ANNUAL,45,2026-07-22,2027-07-22,TRUE,Package003_Healthcare,1,1,88.0,"Tier 4 - compiled secondary source, footnoted",No faster cadence justified by observed change rate,HTML portal page; figures are published in tables
src-123,WebSearch aggregation (secondary/portal cross-check; official site inaccessible via WebFetch this session),https://en.wikipedia.org/wiki/Krishna_University; https://kru.ac.in/about/,knowledge_engine.collectors.api_collector.APICollector,knowledge_engine.parsers.html_table_parser.HTMLTableParser,ANNUAL,45,2026-07-22,2027-07-22,TRUE,Package002_Education,1,1,74.0,"Tier 4 - compiled secondary source, footnoted",No faster cadence justified by observed change rate,HTML portal page; figures are published in tables
src-124,Wikipedia; justmbbs.com,https://en.wikipedia.org/wiki/Kurnool_Medical_College,knowledge_engine.collectors.api_collector.APICollector,knowledge_engine.parsers.html_table_parser.HTMLTableParser,ANNUAL,45,2026-07-22,2027-07-22,TRUE,Package003_Healthcare,1,1,88.0,"Tier 4 - compiled secondary source, footnoted",No faster cadence justified by observed change rate,HTML portal page; figures are published in tables
src-125,kurnoolmedicalcollege.ac.in; Wikipedia; kurnool.ap.gov.in (via WebSearch snippets),https://en.wikipedia.org/wiki/Kurnool_Medical_College ; https://kurnool.ap.gov.in/public-utility/government-general-hospital/,knowledge_engine.collectors.api_collector.APICollector,knowledge_engine.parsers.html_table_parser.HTMLTableParser,ANNUAL,45,2026-07-22,2027-07-22,TRUE,Package003_Healthcare,1,1,87.0,"Tier 4 - compiled secondary source, footnoted",No faster cadence justified by observed change rate,HTML portal page; figures are published in tables
src-126,"AP Districts (Formation) Act notifications (2022 and Dec-2025 amendments) for district list/codes/HQ; AP Directorate of Economics & Statistics Socio-Economic Survey 2022-23 for population/area (both via Wikipedia's compiled, footnoted table)",https://en.wikipedia.org/wiki/List_of_districts_of_Andhra_Pradesh,knowledge_engine.collectors.api_collector.APICollector,knowledge_engine.parsers.html_table_parser.HTMLTableParser,ANNUAL,45,2026-07-18,2027-07-18,TRUE,Package001_Geography,2,29,74.1,"Tier 4 - compiled secondary source, footnoted",No faster cadence justified by observed change rate,HTML portal page; figures are published in tables
src-127,"Telangana State Portal (telangana.gov.in/about/districts) for district list/HQ; Census of India 2011 for population/literacy/urban%/sex ratio (both via Wikipedia's compiled, footnoted table)",https://en.wikipedia.org/wiki/List_of_districts_of_Telangana,knowledge_engine.collectors.api_collector.APICollector,knowledge_engine.parsers.html_table_parser.HTMLTableParser,ANNUAL,45,2026-07-18,2027-07-18,TRUE,Package001_Geography,1,33,88.0,"Tier 4 - compiled secondary source, footnoted",No faster cadence justified by observed change rate,HTML portal page; figures are published in tables
src-128,"Wikipedia 'List of revenue divisions in Telangana', compiling: Telangana State Portal (State Profile), Chief Commissioner of Land Administration (ccla.telangana.gov.in), and individual District Revenue Department notifications",https://en.wikipedia.org/wiki/List_of_revenue_divisions_in_Telangana,knowledge_engine.collectors.api_collector.APICollector,knowledge_engine.parsers.html_table_parser.HTMLTableParser,ANNUAL,45,2026-07-19,2027-07-19,TRUE,Package001_Geography,1,75,82.6,"Tier 4 - compiled secondary source, footnoted",No faster cadence justified by observed change rate,HTML portal page; figures are published in tables
src-129,WebSearch aggregation (secondary/portal cross-check; official site inaccessible via WebFetch this session),"https://en.wikipedia.org/wiki/Mahatma_Gandhi_University,_Telangana; https://mguniversity.ac.in/",knowledge_engine.collectors.api_collector.APICollector,knowledge_engine.parsers.html_table_parser.HTMLTableParser,ANNUAL,45,2026-07-22,2027-07-22,TRUE,Package002_Education,1,1,76.0,"Tier 4 - compiled secondary source, footnoted",No faster cadence justified by observed change rate,HTML portal page; figures are published in tables
src-130,Wikipedia,https://en.wikipedia.org/wiki/Maheshwara_Medical_College_and_Hospital,knowledge_engine.collectors.api_collector.APICollector,knowledge_engine.parsers.html_table_parser.HTMLTableParser,ANNUAL,45,2026-07-22,2027-07-22,TRUE,Package003_Healthcare,1,1,88.0,"Tier 4 - compiled secondary source, footnoted",No faster cadence justified by observed change rate,HTML portal page; figures are published in tables
src-131,WebSearch aggregation (secondary/portal cross-check; official site inaccessible via WebFetch this session),https://en.wikipedia.org/wiki/Mahindra_University; https://www.mahindrauniversity.edu.in/,knowledge_engine.collectors.api_collector.APICollector,knowledge_engine.parsers.html_table_parser.HTMLTableParser,ANNUAL,45,2026-07-22,2027-07-22,TRUE,Package002_Education,1,1,78.0,"Tier 4 - compiled secondary source, footnoted",No faster cadence justified by observed change rate,HTML portal page; figures are published in tables
src-132,Wikipedia; official college website,https://en.wikipedia.org/wiki/Malla_Reddy_Institute_of_Medical_Sciences ; https://mrims.edu.in/,knowledge_engine.collectors.api_collector.APICollector,knowledge_engine.parsers.html_table_parser.HTMLTableParser,ANNUAL,45,2026-07-22,2027-07-22,TRUE,Package003_Healthcare,1,1,88.0,"Tier 4 - compiled secondary source, footnoted",No faster cadence justified by observed change rate,HTML portal page; figures are published in tables
src-133,WebSearch aggregation (secondary/portal cross-check; official site inaccessible via WebFetch this session),https://en.wikipedia.org/wiki/Malla_Reddy_University; https://www.mallareddyuniversity.ac.in/,knowledge_engine.collectors.api_collector.APICollector,knowledge_engine.parsers.html_table_parser.HTMLTableParser,ANNUAL,45,2026-07-22,2027-07-22,TRUE,Package002_Education,1,1,74.0,"Tier 4 - compiled secondary source, footnoted",No faster cadence justified by observed change rate,HTML portal page; figures are published in tables
src-134,Wikipedia; official college website,https://en.wikipedia.org/wiki/Mamata_Medical_College ; https://mamatamedicalcollege.com/,knowledge_engine.collectors.api_collector.APICollector,knowledge_engine.parsers.html_table_parser.HTMLTableParser,ANNUAL,45,2026-07-22,2027-07-22,TRUE,Package003_Healthcare,1,1,88.0,"Tier 4 - compiled secondary source, footnoted",No faster cadence justified by observed change rate,HTML portal page; figures are published in tables
src-135,WebSearch aggregation (secondary/portal cross-check; official site inaccessible via WebFetch this session),https://en.wikipedia.org/wiki/Maulana_Azad_National_Urdu_University; https://manuu.ac.in/,knowledge_engine.collectors.api_collector.APICollector,knowledge_engine.parsers.html_table_parser.HTMLTableParser,ANNUAL,45,2026-07-22,2027-07-22,TRUE,Package002_Education,1,1,80.0,"Tier 4 - compiled secondary source, footnoted",No faster cadence justified by observed change rate,HTML portal page; figures are published in tables
src-136,WebSearch aggregation (secondary/portal cross-check; official site inaccessible via WebFetch this session),https://en.wikipedia.org/wiki/NALSAR_University_of_Law; https://nalsar.ac.in/about-nalsar,knowledge_engine.collectors.api_collector.APICollector,knowledge_engine.parsers.html_table_parser.HTMLTableParser,ANNUAL,45,2026-07-22,2027-07-22,TRUE,Package002_Education,1,1,78.0,"Tier 4 - compiled secondary source, footnoted",No faster cadence justified by observed change rate,HTML portal page; figures are published in tables
src-137,Wikipedia; institution group website,https://en.wikipedia.org/wiki/NRI_Academy_of_Medical_Sciences ; https://www.nrias.net/,knowledge_engine.collectors.api_collector.APICollector,knowledge_engine.parsers.html_table_parser.HTMLTableParser,ANNUAL,45,2026-07-22,2027-07-22,TRUE,Package003_Healthcare,1,1,88.0,"Tier 4 - compiled secondary source, footnoted",No faster cadence justified by observed change rate,HTML portal page; figures are published in tables
src-138,Wikipedia profile of National Academy of Construction; Shiksha institutional listing; nacbocwb.cgg.gov.in (AP/Telangana Building & Other Construction Workers Welfare Board-linked domain),https://en.wikipedia.org/wiki/National_Academy_of_Construction; https://www.shiksha.com/college/nac-hyderabad-national-academy-of-construction-kothaguda-21840; https://nacbocwb.cgg.gov.in/,knowledge_engine.collectors.api_collector.APICollector,knowledge_engine.parsers.html_table_parser.HTMLTableParser,ANNUAL,45,2026-07-24,2027-07-24,TRUE,Package006_Skills_and_Training,1,1,58.0,"Tier 4 - compiled secondary source, footnoted",No faster cadence justified by observed change rate,HTML portal page; figures are published in tables
src-139,WebSearch aggregation (secondary/portal cross-check; official site inaccessible via WebFetch this session),"https://en.wikipedia.org/wiki/National_Institute_of_Technology,_Andhra_Pradesh; https://nitandhra.ac.in/main/",knowledge_engine.collectors.api_collector.APICollector,knowledge_engine.parsers.html_table_parser.HTMLTableParser,ANNUAL,45,2026-07-22,2027-07-22,TRUE,Package002_Education,1,1,74.0,"Tier 4 - compiled secondary source, footnoted",No faster cadence justified by observed change rate,HTML portal page; figures are published in tables
src-140,Mappls; multiple hospital directories; Wikipedia,https://en.wikipedia.org/wiki/Niloufer_Hospital,knowledge_engine.collectors.api_collector.APICollector,knowledge_engine.parsers.html_table_parser.HTMLTableParser,ANNUAL,45,2026-07-22,2027-07-22,TRUE,Package003_Healthcare,1,1,87.0,"Tier 4 - compiled secondary source, footnoted",No faster cadence justified by observed change rate,HTML portal page; figures are published in tables
src-141,"Wikipedia; Medindia; Yappe; hospital directories (WebSearch snippets only, no direct fetch)",https://en.wikipedia.org/wiki/Osmania_General_Hospital ; https://www.medindia.net/directories/hospitals/osmania-general-hospital-hyderabad-telangana-65904.htm,knowledge_engine.collectors.api_collector.APICollector,knowledge_engine.parsers.html_table_parser.HTMLTableParser,ANNUAL,45,2026-07-22,2027-07-22,TRUE,Package003_Healthcare,1,1,88.0,"Tier 4 - compiled secondary source, footnoted",No faster cadence justified by observed change rate,HTML portal page; figures are published in tables
src-142,Wikipedia; official college website,https://en.wikipedia.org/wiki/Osmania_Medical_College ; https://omc.ac.in/,knowledge_engine.collectors.api_collector.APICollector,knowledge_engine.parsers.html_table_parser.HTMLTableParser,ANNUAL,45,2026-07-22,2027-07-22,TRUE,Package003_Healthcare,1,1,88.0,"Tier 4 - compiled secondary source, footnoted",No faster cadence justified by observed change rate,HTML portal page; figures are published in tables
src-143,WebSearch aggregation (secondary/portal cross-check; official site inaccessible via WebFetch this session),https://en.wikipedia.org/wiki/Osmania_University; https://telanganatoday.com/osmania-improves-nit-warangal-and-uoh-slip-in-nirf-rankings-2025,knowledge_engine.collectors.api_collector.APICollector,knowledge_engine.parsers.html_table_parser.HTMLTableParser,ANNUAL,45,2026-07-22,2027-07-22,TRUE,Package002_Education,1,1,80.0,"Tier 4 - compiled secondary source, footnoted",No faster cadence justified by observed change rate,HTML portal page; figures are published in tables
src-144,WebSearch aggregation (secondary/portal cross-check; official site inaccessible via WebFetch this session),https://en.wikipedia.org/wiki/P._V._Narasimha_Rao_Telangana_Veterinary_University; https://pvnrtvu.ac.in/about-us/,knowledge_engine.collectors.api_collector.APICollector,knowledge_engine.parsers.html_table_parser.HTMLTableParser,ANNUAL,45,2026-07-22,2027-07-22,TRUE,Package002_Education,1,1,78.0,"Tier 4 - compiled secondary source, footnoted",No faster cadence justified by observed change rate,HTML portal page; figures are published in tables
src-145,WebSearch aggregation (secondary/portal cross-check; official site inaccessible via WebFetch this session),https://en.wikipedia.org/wiki/Potti_Sreeramulu_Telugu_University,knowledge_engine.collectors.api_collector.APICollector,knowledge_engine.parsers.html_table_parser.HTMLTableParser,ANNUAL,45,2026-07-22,2027-07-22,TRUE,Package002_Education,1,1,73.0,"Tier 4 - compiled secondary source, footnoted",No faster cadence justified by observed change rate,HTML portal page; figures are published in tables
src-146,adilabad.telangana.gov.in; Wikipedia; rimsadilabad.org (via WebSearch snippet),"https://en.wikipedia.org/wiki/Rajiv_Gandhi_Institute_of_Medical_Sciences,_Adilabad",knowledge_engine.collectors.api_collector.APICollector,knowledge_engine.parsers.html_table_parser.HTMLTableParser,ANNUAL,45,2026-07-22,2027-07-22,TRUE,Package003_Healthcare,2,2,88.0,"Tier 4 - compiled secondary source, footnoted",No faster cadence justified by observed change rate,HTML portal page; figures are published in tables
src-147,WebSearch aggregation (secondary/portal cross-check; official site inaccessible via WebFetch this session),"https://en.wikipedia.org/wiki/Rajiv_Gandhi_University_of_Knowledge_Technologies,_Basara; https://www.rgukt.ac.in/",knowledge_engine.collectors.api_collector.APICollector,knowledge_engine.parsers.html_table_parser.HTMLTableParser,ANNUAL,45,2026-07-22,2027-07-22,TRUE,Package002_Education,1,1,74.0,"Tier 4 - compiled secondary source, footnoted",No faster cadence justified by observed change rate,HTML portal page; figures are published in tables
src-148,WebSearch aggregation (secondary/portal cross-check; official site inaccessible via WebFetch this session),"https://en.wikipedia.org/wiki/Rajiv_Gandhi_University_of_Knowledge_Technologies,_Nuzvid; https://rgukt.in/about/",knowledge_engine.collectors.api_collector.APICollector,knowledge_engine.parsers.html_table_parser.HTMLTableParser,ANNUAL,45,2026-07-22,2027-07-22,TRUE,Package002_Education,1,1,74.0,"Tier 4 - compiled secondary source, footnoted",No faster cadence justified by observed change rate,HTML portal page; figures are published in tables
src-149,rmckakinada.com; Wikipedia (via WebSearch snippets),https://en.wikipedia.org/wiki/Rangaraya_Medical_College,knowledge_engine.collectors.api_collector.APICollector,knowledge_engine.parsers.html_table_parser.HTMLTableParser,ANNUAL,45,2026-07-22,2027-07-22,TRUE,Package003_Healthcare,2,2,85.0,"Tier 4 - compiled secondary source, footnoted",No faster cadence justified by observed change rate,HTML portal page; figures are published in tables
src-150,WebSearch aggregation (secondary/portal cross-check; official site inaccessible via WebFetch this session),https://en.wikipedia.org/wiki/Rayalaseema_University; https://ruk.ac.in/web/,knowledge_engine.collectors.api_collector.APICollector,knowledge_engine.parsers.html_table_parser.HTMLTableParser,ANNUAL,45,2026-07-22,2027-07-22,TRUE,Package002_Education,1,1,74.0,"Tier 4 - compiled secondary source, footnoted",No faster cadence justified by observed change rate,HTML portal page; figures are published in tables
src-151,WebSearch aggregation (secondary/portal cross-check; official site inaccessible via WebFetch this session),"https://en.wikipedia.org/wiki/SRM_University,_Andhra_Pradesh; https://www.srmap.edu.in/",knowledge_engine.collectors.api_collector.APICollector,knowledge_engine.parsers.html_table_parser.HTMLTableParser,ANNUAL,45,2026-07-22,2027-07-22,TRUE,Package002_Education,1,1,76.0,"Tier 4 - compiled secondary source, footnoted",No faster cadence justified by observed change rate,HTML portal page; figures are published in tables
src-152,WebSearch aggregation (secondary/portal cross-check; official site inaccessible via WebFetch this session),https://en.wikipedia.org/wiki/SR_University; https://sru.edu.in/,knowledge_engine.collectors.api_collector.APICollector,knowledge_engine.parsers.html_table_parser.HTMLTableParser,ANNUAL,45,2026-07-22,2027-07-22,TRUE,Package002_Education,1,1,74.0,"Tier 4 - compiled secondary source, footnoted",No faster cadence justified by observed change rate,HTML portal page; figures are published in tables
src-153,Wikipedia,https://en.wikipedia.org/wiki/SVIMS_-_Sri_Padmavathi_Medical_College_for_Women,knowledge_engine.collectors.api_collector.APICollector,knowledge_engine.parsers.html_table_parser.HTMLTableParser,ANNUAL,45,2026-07-22,2027-07-22,TRUE,Package003_Healthcare,1,1,88.0,"Tier 4 - compiled secondary source, footnoted",No faster cadence justified by observed change rate,HTML portal page; figures are published in tables
src-154,WebSearch aggregation (secondary/portal cross-check; official site inaccessible via WebFetch this session),https://en.wikipedia.org/wiki/Satavahana_University; https://satavahana.ac.in/,knowledge_engine.collectors.api_collector.APICollector,knowledge_engine.parsers.html_table_parser.HTMLTableParser,ANNUAL,45,2026-07-22,2027-07-22,TRUE,Package002_Education,1,1,78.0,"Tier 4 - compiled secondary source, footnoted",No faster cadence justified by observed change rate,HTML portal page; figures are published in tables
src-155,HexaHealth; Medindia; Wikipedia (Siddhartha Medical College) via WebSearch snippets,https://en.wikipedia.org/wiki/Siddhartha_Medical_College,knowledge_engine.collectors.api_collector.APICollector,knowledge_engine.parsers.html_table_parser.HTMLTableParser,ANNUAL,45,2026-07-22,2027-07-22,TRUE,Package003_Healthcare,1,1,83.0,"Tier 4 - compiled secondary source, footnoted",No faster cadence justified by observed change rate,HTML portal page; figures are published in tables
src-156,Wikipedia; official college website (smcvja.in),https://en.wikipedia.org/wiki/Siddhartha_Medical_College ; https://smcvja.in/about,knowledge_engine.collectors.api_collector.APICollector,knowledge_engine.parsers.html_table_parser.HTMLTableParser,ANNUAL,45,2026-07-22,2027-07-22,TRUE,Package003_Healthcare,1,1,88.0,"Tier 4 - compiled secondary source, footnoted",No faster cadence justified by observed change rate,HTML portal page; figures are published in tables
src-157,WebSearch aggregation (secondary/portal cross-check; official site inaccessible via WebFetch this session),https://en.wikipedia.org/wiki/Sri_Krishnadevaraya_University; https://www.skuniversity.ac.in/,knowledge_engine.collectors.api_collector.APICollector,knowledge_engine.parsers.html_table_parser.HTMLTableParser,ANNUAL,45,2026-07-22,2027-07-22,TRUE,Package002_Education,1,1,78.0,"Tier 4 - compiled secondary source, footnoted",No faster cadence justified by observed change rate,HTML portal page; figures are published in tables
src-158,WebSearch aggregation (secondary/portal cross-check; official site inaccessible via WebFetch this session),https://en.wikipedia.org/wiki/Sri_Padmavati_Mahila_Visvavidyalayam; https://www.spmvv.ac.in/,knowledge_engine.collectors.api_collector.APICollector,knowledge_engine.parsers.html_table_parser.HTMLTableParser,ANNUAL,45,2026-07-22,2027-07-22,TRUE,Package002_Education,1,1,78.0,"Tier 4 - compiled secondary source, footnoted",No faster cadence justified by observed change rate,HTML portal page; figures are published in tables
src-159,WebSearch aggregation (secondary/portal cross-check; official site inaccessible via WebFetch this session),https://en.wikipedia.org/wiki/Sri_Sathya_Sai_Institute_of_Higher_Learning; https://www.sssihl.edu.in/,knowledge_engine.collectors.api_collector.APICollector,knowledge_engine.parsers.html_table_parser.HTMLTableParser,ANNUAL,45,2026-07-22,2027-07-22,TRUE,Package002_Education,1,1,74.0,"Tier 4 - compiled secondary source, footnoted",No faster cadence justified by observed change rate,HTML portal page; figures are published in tables
src-160,Wikipedia (Sri_Venkateswara_Medical_College),https://en.wikipedia.org/wiki/Sri_Venkateswara_Medical_College,knowledge_engine.collectors.api_collector.APICollector,knowledge_engine.parsers.html_table_parser.HTMLTableParser,ANNUAL,45,2026-07-22,2027-07-22,TRUE,Package003_Healthcare,1,1,88.0,"Tier 4 - compiled secondary source, footnoted",No faster cadence justified by observed change rate,HTML portal page; figures are published in tables
src-161,Wikipedia; tirupati.ap.gov.in (via WebSearch snippets),https://en.wikipedia.org/wiki/Sri_Venkateswara_Ramnarain_Ruia_Government_General_Hospital ; https://tirupati.ap.gov.in/public-utility/sri-venkateswara-ramnarayan-ruia-government-general-hospital-ruia-hospital/,knowledge_engine.collectors.api_collector.APICollector,knowledge_engine.parsers.html_table_parser.HTMLTableParser,ANNUAL,45,2026-07-22,2027-07-22,TRUE,Package003_Healthcare,1,1,87.0,"Tier 4 - compiled secondary source, footnoted",No faster cadence justified by observed change rate,HTML portal page; figures are published in tables
src-162,WebSearch aggregation (secondary/portal cross-check; official site inaccessible via WebFetch this session),https://en.wikipedia.org/wiki/Sri_Venkateswara_Veterinary_University; https://svvu.edu.in/,knowledge_engine.collectors.api_collector.APICollector,knowledge_engine.parsers.html_table_parser.HTMLTableParser,ANNUAL,45,2026-07-22,2027-07-22,TRUE,Package002_Education,1,1,78.0,"Tier 4 - compiled secondary source, footnoted",No faster cadence justified by observed change rate,HTML portal page; figures are published in tables
src-163,WebSearch aggregation (secondary/portal cross-check; official site inaccessible via WebFetch this session),https://en.wikipedia.org/wiki/Telangana_University,knowledge_engine.collectors.api_collector.APICollector,knowledge_engine.parsers.html_table_parser.HTMLTableParser,ANNUAL,45,2026-07-22,2027-07-22,TRUE,Package002_Education,1,1,76.0,"Tier 4 - compiled secondary source, footnoted",No faster cadence justified by observed change rate,HTML portal page; figures are published in tables
src-164,WebSearch aggregation (secondary/portal cross-check; official site inaccessible via WebFetch this session),https://en.wikipedia.org/wiki/VIT-AP_University,knowledge_engine.collectors.api_collector.APICollector,knowledge_engine.parsers.html_table_parser.HTMLTableParser,ANNUAL,45,2026-07-22,2027-07-22,TRUE,Package002_Education,1,1,77.0,"Tier 4 - compiled secondary source, footnoted",No faster cadence justified by observed change rate,HTML portal page; figures are published in tables
src-165,WebSearch aggregation (secondary/portal cross-check; official site inaccessible via WebFetch this session),https://en.wikipedia.org/wiki/Vikrama_Simhapuri_University,knowledge_engine.collectors.api_collector.APICollector,knowledge_engine.parsers.html_table_parser.HTMLTableParser,ANNUAL,45,2026-07-22,2027-07-22,TRUE,Package002_Education,1,1,72.0,"Tier 4 - compiled secondary source, footnoted",No faster cadence justified by observed change rate,HTML portal page; figures are published in tables
src-166,WebSearch aggregation (secondary/portal cross-check; official site inaccessible via WebFetch this session),https://en.wikipedia.org/wiki/Woxsen_University; https://woxsen.edu.in/,knowledge_engine.collectors.api_collector.APICollector,knowledge_engine.parsers.html_table_parser.HTMLTableParser,ANNUAL,45,2026-07-22,2027-07-22,TRUE,Package002_Education,1,1,73.0,"Tier 4 - compiled secondary source, footnoted",No faster cadence justified by observed change rate,HTML portal page; figures are published in tables
src-167,WebSearch aggregation (secondary/portal cross-check; official site inaccessible via WebFetch this session),https://en.wikipedia.org/wiki/Yogi_Vemana_University; https://yvu.edu.in/about-yvu,knowledge_engine.collectors.api_collector.APICollector,knowledge_engine.parsers.html_table_parser.HTMLTableParser,ANNUAL,45,2026-07-22,2027-07-22,TRUE,Package002_Education,1,1,76.0,"Tier 4 - compiled secondary source, footnoted",No faster cadence justified by observed change rate,HTML portal page; figures are published in tables
src-168,Ministry of Agriculture,https://enam.gov.in/,knowledge_engine.collectors.api_collector.APICollector,knowledge_engine.parsers.html_table_parser.HTMLTableParser,SEMI_ANNUAL,85,2026-07-24,2027-01-22,TRUE,Package005_Agriculture,1,1,74.0,Tier 1 - Government of India domain,Market platform coverage and participation expand continuously,HTML portal page; figures are published in tables
src-169,"WebSearch aggregation of government-scheme-adjacent secondary sources (direct .gov.in fetch blocked this session); WebSearch aggregation of FPO-registration, ICAR AI-advisory and ONDC-growth sources (2026-07-24 pass)",https://enam.gov.in/web/resources/registration-guideline; https://sfacindia.com/PDFs/List-of-FPO%20identified-by-NONSFAC/List%20of%20FPOs%20in%20the%20State%20of%20Telangana.pdf; https://unicommerce.com/blog/what-is-ondc/; https://thebetterindia.com/252185/ahmednagar-maharashtra-farmer-kisankonnect-farm-to-door-fresh-vegetable-agriculture-hygiene-health-lockdown-business-earns-lakhs-him16/; https://www.incorpx.io/blog/fpo-registration-farmer-producer-organisation; https://rangde.in/blog/start-fpo-india-guide/; https://www.indiafilings.com/learn/formation-and-promotion-of-10000-farmer-producer-organization-fpo-scheme; https://www.apmas.org/pdf/fpo-csaestudy-long.pdf; https://opengovasia.com/india-launches-whatsapp-based-ai-advisory-service-for-oilseed-farmers/; https://www.issuewire.com/ondc-sees-rapid-growth-as-d2c-brands-and-small-sellers-expand-across-india-1862385276450866; https://sellersetu.in/blog/ondc-growth,knowledge_engine.collectors.api_collector.APICollector,knowledge_engine.parsers.html_table_parser.HTMLTableParser,SEMI_ANNUAL,85,2026-07-22; 2026-07-24 (v2 enrichment),PENDING_VERIFICATION,TRUE,Package004_Industries,1,1,81.0,Tier 1 - Government of India domain,Market platform coverage and participation expand continuously,HTML portal page; figures are published in tables
src-170,"Cross-checked via Careers360, Collegedekho and Manabadi; conducting body confirmed via apsbtet.ap.gov.in",https://engineering.careers360.com/articles/ap-polycet-2026,knowledge_engine.collectors.api_collector.APICollector,knowledge_engine.parsers.html_table_parser.HTMLTableParser,ANNUAL,55,2026-07-21,2027-07-21,TRUE,Package002_Education,1,1,80.0,Tier 3 - other public source,No faster cadence justified by observed change rate,HTML portal page; figures are published in tables
src-171,"Aggregated secondary reporting (Careers360, JNTU Fast Result, SmartUpdate24) citing SBTET Telangana POLYCET participating-college data",https://engineering.careers360.com/articles/top-10-polytechnic-colleges-in-telangana-2026-govt-private-list; https://polycet.sbtet.telangana.gov.in/,knowledge_engine.collectors.api_collector.APICollector,knowledge_engine.parsers.html_table_parser.HTMLTableParser,ANNUAL,55,2026-07-24,2027-07-24,TRUE,Package006_Skills_and_Training,1,1,56.0,Tier 3 - other public source,No faster cadence justified by observed change rate,HTML portal page; figures are published in tables
src-172,"Cross-checked via Careers360, Shiksha and Collegedekho (application portal cets.apsche.ap.gov.in)",https://engineering.careers360.com/exams/ap-pgecet,knowledge_engine.collectors.api_collector.APICollector,knowledge_engine.parsers.html_table_parser.HTMLTableParser,ANNUAL,55,2026-07-21,2027-07-21,TRUE,Package002_Education,1,1,78.0,Tier 3 - other public source,No faster cadence justified by observed change rate,HTML portal page; figures are published in tables
src-173,WebSearch aggregation summarizing ESIC official material via secondary sources,https://esic.gov.in/ ; https://esic.gov.in/coverage ; https://esic.gov.in/benefits,knowledge_engine.collectors.api_collector.APICollector,knowledge_engine.parsers.html_table_parser.HTMLTableParser,ANNUAL,85,2026-07-21,2027-07-21,TRUE,Package003_Healthcare,1,1,85.0,Tier 1 - Government of India domain,No faster cadence justified by observed change rate,HTML portal page; figures are published in tables
src-174,NTA Official Website,https://exams.nta.nic.in/about-us/,knowledge_engine.collectors.api_collector.APICollector,knowledge_engine.parsers.html_table_parser.HTMLTableParser,ANNUAL,85,2026-07-21,2027-07-21,TRUE,Package002_Education,1,1,83.0,Tier 1 - Government of India domain,No faster cadence justified by observed change rate,HTML portal page; figures are published in tables
src-175,Official NTA CUET(PG) exam portal,https://exams.nta.nic.in/cuet-pg/,knowledge_engine.collectors.api_collector.APICollector,knowledge_engine.parsers.html_table_parser.HTMLTableParser,ANNUAL,85,2026-07-21,2027-07-21,TRUE,Package002_Education,1,1,87.0,Tier 1 - Government of India domain,No faster cadence justified by observed change rate,HTML portal page; figures are published in tables
src-176,Official NTA ICAR exam portal,https://exams.nta.nic.in/icar/,knowledge_engine.collectors.api_collector.APICollector,knowledge_engine.parsers.html_table_parser.HTMLTableParser,ANNUAL,85,2026-07-21,2027-07-21,TRUE,Package002_Education,1,1,85.0,Tier 1 - Government of India domain,No faster cadence justified by observed change rate,HTML portal page; figures are published in tables
src-177,WebSearch cross-check (fellowship.tribal.gov.in and tribal.nic.in listed among results; scholarships.gov.in PDF guideline also found),https://fellowship.tribal.gov.in/,knowledge_engine.collectors.api_collector.APICollector,knowledge_engine.parsers.html_table_parser.HTMLTableParser,ANNUAL,85,2026-07-22,2027-07-22,TRUE,Package002_Education,1,1,82.0,Tier 1 - Government of India domain,No faster cadence justified by observed change rate,HTML portal page; figures are published in tables
src-178,Department of Financial Services,https://financialservices.gov.in/,knowledge_engine.collectors.api_collector.APICollector,knowledge_engine.parsers.html_table_parser.HTMLTableParser,ANNUAL,85,2026-07-25,2027-07-25,TRUE,Package007_Government_Schemes,3,5,75.4,Tier 1 - Government of India domain,No faster cadence justified by observed change rate,HTML portal page; figures are published in tables
src-179,Government e-Marketplace,https://gem.gov.in/,knowledge_engine.collectors.api_collector.APICollector,knowledge_engine.parsers.html_table_parser.HTMLTableParser,SEMI_ANNUAL,85,2026-07-25,2027-01-23,TRUE,Package008_MSME,1,1,74.0,Tier 1 - Government of India domain,Market platform coverage and participation expand continuously,HTML portal page; figures are published in tables
src-180,gmceluru.ap.gov.in; Medindia (via WebSearch snippets),https://gmceluru.ap.gov.in/,knowledge_engine.collectors.api_collector.APICollector,knowledge_engine.parsers.html_table_parser.HTMLTableParser,ANNUAL,85,2026-07-22,2027-07-22,TRUE,Package003_Healthcare,1,1,88.0,Tier 1 - Government of India domain,No faster cadence justified by observed change rate,HTML portal page; figures are published in tables
src-181,gmckhammam.org (via WebSearch snippet),https://gmckhammam.org/government-general-hospital/,knowledge_engine.collectors.api_collector.APICollector,knowledge_engine.parsers.html_table_parser.HTMLTableParser,ANNUAL,55,2026-07-22,2027-07-22,TRUE,Package003_Healthcare,1,1,88.0,Tier 3 - other public source,No faster cadence justified by observed change rate,HTML portal page; figures are published in tables
src-182,gmckothagudem.org (via WebSearch snippet); collnod.com,https://gmckothagudem.org/about-us/,knowledge_engine.collectors.api_collector.APICollector,knowledge_engine.parsers.html_table_parser.HTMLTableParser,ANNUAL,55,2026-07-22,2027-07-22,TRUE,Package003_Healthcare,1,1,85.0,Tier 3 - other public source,No faster cadence justified by observed change rate,HTML portal page; figures are published in tables
src-183,gmcnagarkurnool.org (via WebSearch snippet),https://gmcnagarkurnool.org/,knowledge_engine.collectors.api_collector.APICollector,knowledge_engine.parsers.html_table_parser.HTMLTableParser,ANNUAL,55,2026-07-22,2027-07-22,TRUE,Package003_Healthcare,1,1,85.0,Tier 3 - other public source,No faster cadence justified by observed change rate,HTML portal page; figures are published in tables
src-184,gmcrajamahendravaram.ap.gov.in; mbbscouncil.com (via WebSearch snippets),https://gmcrajamahendravaram.ap.gov.in/about.aspx,knowledge_engine.collectors.api_collector.APICollector,knowledge_engine.parsers.html_table_parser.HTMLTableParser,ANNUAL,85,2026-07-22,2027-07-22,TRUE,Package003_Healthcare,1,1,88.0,Tier 1 - Government of India domain,No faster cadence justified by observed change rate,HTML portal page; figures are published in tables
src-185,"gmcrajannasircilla.org; targetstudy.com; studentkhabri.com (WebSearch snippets only, no direct fetch)",https://gmcrajannasircilla.org/contact ; https://targetstudy.com/institute/101367/government-medical-college-hospital-gmc-rajanna-sircilla/,knowledge_engine.collectors.api_collector.APICollector,knowledge_engine.parsers.html_table_parser.HTMLTableParser,ANNUAL,55,2026-07-22,2027-07-22,TRUE,Package003_Healthcare,1,1,82.0,Tier 3 - other public source,No faster cadence justified by observed change rate,HTML portal page; figures are published in tables
src-186,gmcsiddipet.org (via WebSearch snippet),https://gmcsiddipet.org/about/gmc-siddipet/,knowledge_engine.collectors.api_collector.APICollector,knowledge_engine.parsers.html_table_parser.HTMLTableParser,ANNUAL,55,2026-07-22,2027-07-22,TRUE,Package003_Healthcare,1,1,85.0,Tier 3 - other public source,No faster cadence justified by observed change rate,HTML portal page; figures are published in tables
src-187,gmcvikarabad.ac.in (via WebSearch snippet),https://gmcvikarabad.ac.in/,knowledge_engine.collectors.api_collector.APICollector,knowledge_engine.parsers.html_table_parser.HTMLTableParser,ANNUAL,75,2026-07-22,2027-07-22,TRUE,Package003_Healthcare,1,1,87.0,Tier 2 - academic institution,No faster cadence justified by observed change rate,HTML portal page; figures are published in tables
src-188,"gmcvizianagaram.ap.gov.in (via WebSearch snippet, including official hospital profile PDF found in results)",https://gmcvizianagaram.ap.gov.in/assets/gghvzm.pdf ; https://gmcvizianagaram.ap.gov.in/Profile.html,knowledge_engine.collectors.api_collector.APICollector,knowledge_engine.parsers.html_table_parser.HTMLTableParser,ANNUAL,85,2026-07-22,2027-07-22,TRUE,Package003_Healthcare,1,1,87.0,Tier 1 - Government of India domain,No faster cadence justified by observed change rate,HTML portal page; figures are published in tables
src-189,gmcyadadri.org (via WebSearch snippet),https://gmcyadadri.org/contact-us/,knowledge_engine.collectors.api_collector.APICollector,knowledge_engine.parsers.html_table_parser.HTMLTableParser,ANNUAL,55,2026-07-22,2027-07-22,TRUE,Package003_Healthcare,1,1,84.0,Tier 3 - other public source,No faster cadence justified by observed change rate,HTML portal page; figures are published in tables
src-190,WebSearch aggregation: institution's own domain (govtpolykalikiri.ac.in) surfaced in results; corroborated by list.polytechniccolleges.in,https://govtpolykalikiri.ac.in/about,knowledge_engine.collectors.api_collector.APICollector,knowledge_engine.parsers.html_table_parser.HTMLTableParser,ANNUAL,75,2026-07-24,2027-07-24,TRUE,Package006_Skills_and_Training,1,1,68.0,Tier 2 - academic institution,No faster cadence justified by observed change rate,HTML portal page; figures are published in tables
src-191,"Institution's official Telangana DTE-hosted website (via search snippet); corroborated by Wikipedia and education-portal listings (CollegeDekho, UniversityKart)","https://gptmasb.dte.telangana.gov.in/; https://en.wikipedia.org/wiki/Government_Polytechnic,_Hyderabad",knowledge_engine.collectors.api_collector.APICollector,knowledge_engine.parsers.html_table_parser.HTMLTableParser,ANNUAL,85,2026-07-24,2027-07-24,TRUE,Package006_Skills_and_Training,1,1,62.0,Tier 1 - Government of India domain,No faster cadence justified by observed change rate,HTML portal page; figures are published in tables
src-192,WebSearch aggregation (secondary/portal cross-check; official site inaccessible via WebFetch this session),"https://grokipedia.com/page/Vignan's_Foundation_for_Science,_Technology_&_Research",knowledge_engine.collectors.api_collector.APICollector,knowledge_engine.parsers.html_table_parser.HTMLTableParser,ANNUAL,55,2026-07-22,2027-07-22,TRUE,Package002_Education,1,1,74.0,Tier 3 - other public source,No faster cadence justified by observed change rate,HTML portal page; figures are published in tables
src-193,Official college website; aggregator cross-check,https://gslmc.com/ ; https://www.selectyouruniversity.com/college/gsl-medical-college-and-general-hospital-rajahmundhry-cid-9425,knowledge_engine.collectors.api_collector.APICollector,knowledge_engine.parsers.html_table_parser.HTMLTableParser,ANNUAL,55,2026-07-22,2027-07-22,TRUE,Package003_Healthcare,1,1,88.0,Tier 3 - other public source,No faster cadence justified by observed change rate,HTML portal page; figures are published in tables
src-194,gunturmedicalcollege.edu.in; Wikipedia; Medindia (via WebSearch snippets),https://gunturmedicalcollege.edu.in/clinical-information/ ; https://en.wikipedia.org/wiki/Guntur_Medical_College,knowledge_engine.collectors.api_collector.APICollector,knowledge_engine.parsers.html_table_parser.HTMLTableParser,ANNUAL,55,2026-07-22,2027-07-22,TRUE,Package003_Healthcare,1,1,88.0,Tier 3 - other public source,No faster cadence justified by observed change rate,HTML portal page; figures are published in tables
src-195,Ministry of Heavy Industries,https://heavyindustries.gov.in/,knowledge_engine.collectors.api_collector.APICollector,knowledge_engine.parsers.html_table_parser.HTMLTableParser,ANNUAL,85,2026-07-25,2027-07-25,TRUE,Package008_MSME,2,3,66.3,Tier 1 - Government of India domain,No faster cadence justified by observed change rate,HTML portal page; figures are published in tables
src-196,WebSearch,https://hmfw.ap.gov.in/nhm-org.aspx; https://nhm.gov.in/index4.php?lang=1&level=0&linkid=52&lid=65; https://spsnellore.ap.gov.in/national-health-mission-nhm/,knowledge_engine.collectors.api_collector.APICollector,knowledge_engine.parsers.html_table_parser.HTMLTableParser,ANNUAL,85,2026-07-22,2027-07-22,TRUE,Package003_Healthcare,1,1,84.0,Tier 1 - Government of India domain,No faster cadence justified by observed change rate,HTML portal page; figures are published in tables
src-197,WebSearch,https://hmis.ap.nic.in/APNMC/contact.html; https://hmis.ap.nic.in/; https://nmcouncil.ap.nic.in/; https://hrstride.com/andhra-pradesh-nursing-council/,knowledge_engine.collectors.api_collector.APICollector,knowledge_engine.parsers.html_table_parser.HTMLTableParser,ANNUAL,85,2026-07-22,2027-07-22,TRUE,Package003_Healthcare,1,1,86.0,Tier 1 - Government of India domain,No faster cadence justified by observed change rate,HTML portal page; figures are published in tables
src-198,WebSearch,https://hmis.telangana.gov.in/; https://hmis.telangana.gov.in/APNMC/links.html,knowledge_engine.collectors.api_collector.APICollector,knowledge_engine.parsers.html_table_parser.HTMLTableParser,ANNUAL,85,2026-07-21,2027-07-21,TRUE,Package003_Healthcare,1,1,81.0,Tier 1 - Government of India domain,No faster cadence justified by observed change rate,HTML portal page; figures are published in tables
src-199,Hugging Face,https://huggingface.co,knowledge_engine.collectors.api_collector.APICollector,knowledge_engine.parsers.html_table_parser.HTMLTableParser,ANNUAL,55,2026-07-24,2027-07-24,TRUE,Package006_Skills_and_Training,1,1,68.0,Tier 3 - other public source,No faster cadence justified by observed change rate,HTML portal page; figures are published in tables
src-200,ICAR; Ministry of Agriculture & Farmers Welfare,https://icar.org.in/,knowledge_engine.collectors.api_collector.APICollector,knowledge_engine.parsers.html_table_parser.HTMLTableParser,ANNUAL,80,2026-07-24,2027-07-24,TRUE,Package005_Agriculture,10,262,73.2,Tier 1 - statutory commodity board or ICAR,Agronomic guidance is stable between research cycles,HTML portal page; figures are published in tables
src-201,Official TGCHE ICET portal cross-checked via Shiksha and MBAUniverse,https://icet.tgche.ac.in/,knowledge_engine.collectors.api_collector.APICollector,knowledge_engine.parsers.html_table_parser.HTMLTableParser,ANNUAL,75,2026-07-21,2027-07-21,TRUE,Package002_Education,1,1,85.0,Tier 2 - academic institution,No faster cadence justified by observed change rate,HTML portal page; figures are published in tables
src-202,Official CAT portal (iimcat.ac.in) cross-checked via MBAUniverse and Careers360,https://iimcat.ac.in/,knowledge_engine.collectors.api_collector.APICollector,knowledge_engine.parsers.html_table_parser.HTMLTableParser,ANNUAL,75,2026-07-21,2027-07-21,TRUE,Package002_Education,1,1,88.0,Tier 2 - academic institution,No faster cadence justified by observed change rate,HTML portal page; figures are published in tables
src-203,Indian Spices Board,https://indianspicesboard.gov.in/,knowledge_engine.collectors.api_collector.APICollector,knowledge_engine.parsers.html_table_parser.HTMLTableParser,ANNUAL,85,2026-07-24,2027-07-24,TRUE,Package005_Agriculture,1,1,77.0,Tier 1 - Government of India domain,Agronomic guidance is stable between research cycles,HTML portal page; figures are published in tables
src-204,"WebSearch aggregated (IndiaFilings, Wikipedia via search summary, HMDA, Directorate of Town and Country Planning Telangana)",https://ipass.telangana.gov.in/about.aspx; https://www.indiafilings.com/learn/telangana-ts-ipass,knowledge_engine.collectors.api_collector.APICollector,knowledge_engine.parsers.html_table_parser.HTMLTableParser,ANNUAL,85,2026-07-22,2027-07-22,TRUE,Package004_Industries,1,1,78.0,Tier 1 - Government of India domain,No faster cadence justified by observed change rate,HTML portal page; figures are published in tables
src-205,"WebSearch (secondary aggregation of government/NASSCOM sources, industry AI-adoption and market reports, freelance-marketplace/gig-economy data, and portal blogs); direct WebFetch to .gov.in domains blocked by session egress policy",https://it.telangana.gov.in/initiatives/t-hub/ | https://apit.ap.gov.in/?page_id=1762 | https://udyamregistration.gov.in/,knowledge_engine.collectors.api_collector.APICollector,knowledge_engine.parsers.html_table_parser.HTMLTableParser,SEMI_ANNUAL,85,2026-07-23,2027-01-21,TRUE,Package004_Industries,1,1,77.0,Tier 1 - Government of India domain,Compliance thresholds and product lists are revised periodically,HTML portal page; figures are published in tables
src-206,"WebSearch (secondary aggregation of government/NASSCOM sources, industry AI-adoption and market reports, freelance-marketplace/gig-economy data, and portal blogs); direct WebFetch to .gov.in domains blocked by session egress policy",https://it.telangana.gov.in/initiatives/t-hub/ | https://apit.ap.gov.in/?page_id=1762 | https://www.startupindia.gov.in | https://nasscom.in/knowledge-center/publications/technology-sector-india-strategic-review-2026 | https://udyamregistration.gov.in/,knowledge_engine.collectors.api_collector.APICollector,knowledge_engine.parsers.html_table_parser.HTMLTableParser,QUARTERLY,85,2026-07-23,2026-10-22,TRUE,Package004_Industries,1,1,82.0,Tier 1 - Government of India domain,Scheme parameters change with budget cycles and notifications,HTML portal page; figures are published in tables
src-207,"WebSearch (secondary aggregation of government/NASSCOM sources, industry AI-adoption and market reports, freelance-marketplace/gig-economy data, and portal blogs); direct WebFetch to .gov.in domains blocked by session egress policy",https://it.telangana.gov.in/initiatives/t-hub/ | https://www.startupindia.gov.in | https://it.telangana.gov.in/initiatives/task/ | https://www.futureskillsprime.in/ | https://nasscom.in/knowledge-center/publications/technology-sector-india-strategic-review-2026 | https://udyamregistration.gov.in/,knowledge_engine.collectors.api_collector.APICollector,knowledge_engine.parsers.html_table_parser.HTMLTableParser,QUARTERLY,85,2026-07-23,2026-10-22,TRUE,Package004_Industries,1,1,82.0,Tier 1 - Government of India domain,Scheme parameters change with budget cycles and notifications,HTML portal page; figures are published in tables
src-208,"WebSearch (secondary aggregation of government/NASSCOM sources, industry AI-adoption and market reports, freelance-marketplace/gig-economy data, and portal blogs); direct WebFetch to .gov.in domains blocked by session egress policy",https://it.telangana.gov.in/initiatives/task/ | https://www.futureskillsprime.in/ | https://tracxn.com/d/companies/empiezo-it-solutions/ | https://nasscom.in/knowledge-center/publications/technology-sector-india-strategic-review-2026,knowledge_engine.collectors.api_collector.APICollector,knowledge_engine.parsers.html_table_parser.HTMLTableParser,ANNUAL,85,2026-07-23,2027-07-23,TRUE,Package004_Industries,1,1,80.0,Tier 1 - Government of India domain,Annual industry reporting cycle,HTML portal page; figures are published in tables
src-209,WebSearch aggregation: iti.directory Adilabad listing,https://iti.directory/adilabad/govt-residential-industrial-training-institute-for-tribals,knowledge_engine.collectors.api_collector.APICollector,knowledge_engine.parsers.html_table_parser.HTMLTableParser,ANNUAL,55,2026-07-24,2027-07-24,TRUE,Package006_Skills_and_Training,1,1,56.0,Tier 3 - other public source,No faster cadence justified by observed change rate,HTML portal page; figures are published in tables
src-210,WebSearch aggregation: iti.directory Karimnagar listing,https://iti.directory/karimnagar/govt-industrial-training-institute-for-girls,knowledge_engine.collectors.api_collector.APICollector,knowledge_engine.parsers.html_table_parser.HTMLTableParser,ANNUAL,55,2026-07-24,2027-07-24,TRUE,Package006_Skills_and_Training,1,1,58.0,Tier 3 - other public source,No faster cadence justified by observed change rate,HTML portal page; figures are published in tables
src-211,WebSearch aggregation: iti.directory Khammam-region listing (institute located in Kothagudem town),https://iti.directory/khammam/govt-industrial-training-institute-kothagudem,knowledge_engine.collectors.api_collector.APICollector,knowledge_engine.parsers.html_table_parser.HTMLTableParser,ANNUAL,55,2026-07-24,2027-07-24,TRUE,Package006_Skills_and_Training,1,1,54.0,Tier 3 - other public source,No faster cadence justified by observed change rate,HTML portal page; figures are published in tables
src-212,WebSearch aggregation: iti.directory Kurnool listing; universitydunia.com listing,https://iti.directory/kurnool/govt-iti-alur,knowledge_engine.collectors.api_collector.APICollector,knowledge_engine.parsers.html_table_parser.HTMLTableParser,ANNUAL,55,2026-07-24,2027-07-24,TRUE,Package006_Skills_and_Training,1,1,60.0,Tier 3 - other public source,No faster cadence justified by observed change rate,HTML portal page; figures are published in tables
src-213,WebSearch aggregation: iti.directory Mahbubnagar-region listing (established 01-Jan-1986 per source),https://iti.directory/mahbubnagar/govt-residentiial-industrial-training-institute,knowledge_engine.collectors.api_collector.APICollector,knowledge_engine.parsers.html_table_parser.HTMLTableParser,ANNUAL,55,2026-07-24,2027-07-24,TRUE,Package006_Skills_and_Training,1,1,58.0,Tier 3 - other public source,No faster cadence justified by observed change rate,HTML portal page; figures are published in tables
src-214,"WebSearch aggregation: targetstudy.com, iti.directory (NTR district), ampletrails.com vocational-training-provider listing",https://iti.directory/ntr/govt-industrial-training-institute,knowledge_engine.collectors.api_collector.APICollector,knowledge_engine.parsers.html_table_parser.HTMLTableParser,ANNUAL,55,2026-07-24,2027-07-24,TRUE,Package006_Skills_and_Training,1,1,56.0,Tier 3 - other public source,No faster cadence justified by observed change rate,HTML portal page; figures are published in tables
src-215,WebSearch aggregation: iti.directory Adilabad listing; universitydunia.com listing,https://iti.directory/telangana/adilabad,knowledge_engine.collectors.api_collector.APICollector,knowledge_engine.parsers.html_table_parser.HTMLTableParser,ANNUAL,55,2026-07-24,2027-07-24,TRUE,Package006_Skills_and_Training,1,1,58.0,Tier 3 - other public source,No faster cadence justified by observed change rate,HTML portal page; figures are published in tables
src-216,WebSearch aggregation: iti.directory Karimnagar-region listing (institute located in Peddapalli town),https://iti.directory/telangana/karimnagar,knowledge_engine.collectors.api_collector.APICollector,knowledge_engine.parsers.html_table_parser.HTMLTableParser,ANNUAL,55,2026-07-24,2027-07-24,TRUE,Package006_Skills_and_Training,1,1,56.0,Tier 3 - other public source,No faster cadence justified by observed change rate,HTML portal page; figures are published in tables
src-217,"Telangana State ITI Admissions Prospectus 2025, Government of Telangana",https://iti.telangana.gov.in/assets/pdf2025/Prospectus_2025.pdf,knowledge_engine.collectors.api_collector.APICollector,knowledge_engine.parsers.pdf_parser.PDFParser,ANNUAL,85,2026-07-24,2027-07-24,TRUE,Package006_Skills_and_Training,1,1,76.0,Tier 1 - Government of India domain,No faster cadence justified by observed change rate,URL serves a PDF document
src-218,jangaon.telangana.gov.in (via WebSearch snippet),https://jangaon.telangana.gov.in/public-utility/district-area-hospital/,knowledge_engine.collectors.api_collector.APICollector,knowledge_engine.parsers.html_table_parser.HTMLTableParser,ANNUAL,85,2026-07-22,2027-07-22,TRUE,Package003_Healthcare,1,1,84.0,Tier 1 - Government of India domain,No faster cadence justified by observed change rate,HTML portal page; figures are published in tables
src-219,Jan Suraksha portal; Department of Financial Services,https://jansuraksha.gov.in/,knowledge_engine.collectors.api_collector.APICollector,knowledge_engine.parsers.html_table_parser.HTMLTableParser,QUARTERLY,85,2026-07-25,2026-10-24,TRUE,Package007_Government_Schemes,1,2,76.0,Tier 1 - Government of India domain,Scheme parameters change with budget cycles and notifications,HTML portal page; figures are published in tables
src-220,Official JEE Advanced portal (jeeadv.ac.in) and Information Brochure PDF,https://jeeadv.ac.in/eligibility.html,knowledge_engine.collectors.api_collector.APICollector,knowledge_engine.parsers.html_table_parser.HTMLTableParser,ANNUAL,75,2026-07-21,2027-07-21,TRUE,Package002_Education,1,1,90.0,Tier 2 - academic institution,No faster cadence justified by observed change rate,HTML portal page; figures are published in tables
src-221,Official NTA portal; cross-checked via Careers360 and CollegeSearch,https://jeemain.nta.nic.in/,knowledge_engine.collectors.api_collector.APICollector,knowledge_engine.parsers.html_table_parser.HTMLTableParser,ANNUAL,85,2026-07-21,2027-07-21,TRUE,Package002_Education,1,1,90.0,Tier 1 - Government of India domain,No faster cadence justified by observed change rate,HTML portal page; figures are published in tables
src-222,"WebSearch cross-check (jnanabhumi.ap.gov.in UPSC empanelment form found directly; corroborated by indiascholarships.in, cleartax.in, rtiwala.com, sarkariyojana.com)",https://jnanabhumi.ap.gov.in/UPSCEmpanelmentForm.edu,knowledge_engine.collectors.api_collector.APICollector,knowledge_engine.parsers.html_table_parser.HTMLTableParser,ANNUAL,85,2026-07-22,2027-07-22,TRUE,Package002_Education,1,1,63.0,Tier 1 - Government of India domain,No faster cadence justified by observed change rate,HTML portal page; figures are published in tables
src-223,"WebSearch cross-check (jnboverseas1.apcfss.in listed among results as the dedicated official portal; corroborated by wemakescholars.com, studentcover.in, fly.finance)",https://jnboverseas1.apcfss.in/,knowledge_engine.collectors.api_collector.APICollector,knowledge_engine.parsers.html_table_parser.HTMLTableParser,ANNUAL,55,2026-07-21,2027-07-21,TRUE,Package002_Education,1,1,72.0,Tier 3 - other public source,No faster cadence justified by observed change rate,HTML portal page; figures are published in tables
src-224,WebSearch aggregation of platform/industry-trend sources; WebSearch aggregation of creator-success-story and video-editing-AI sources (2026-07-24 pass),https://joinbrands.com/blog/instagram-shop-2026/; https://www.businesstoday.in/technology/news/story/youtube-shopping-now-in-india-affiliate-program-to-expand-creator-revenue-streams-451645-2024-10-26; https://www.buzzincontent.com/insight/indian-influencers-earn-35-more-from-product-sales-in-2026-12148882; https://sigmastory.in/how-youtube-shopping-affiliate-program-is-turning-small-creators-into-big-earners/; https://otboxmediasolutions.com/influencer-earnings-india-the-2026-benchmark-guide-brands-and-creators-actually-need/; https://www.capcut.com/tools/ai-video-editor,knowledge_engine.collectors.api_collector.APICollector,knowledge_engine.parsers.html_table_parser.HTMLTableParser,ANNUAL,55,2026-07-22; 2026-07-24 (v2 enrichment),PENDING_VERIFICATION,TRUE,Package004_Industries,1,1,70.0,Tier 3 - other public source,No faster cadence justified by observed change rate,HTML portal page; figures are published in tables
src-225,WebSearch aggregate summary referencing Kamareddy district facilities,https://kamareddy.telangana.gov.in/public-utility-category/hospitals/,knowledge_engine.collectors.api_collector.APICollector,knowledge_engine.parsers.html_table_parser.HTMLTableParser,ANNUAL,85,2026-07-22,2027-07-22,TRUE,Package003_Healthcare,1,1,85.0,Tier 1 - Government of India domain,No faster cadence justified by observed change rate,HTML portal page; figures are published in tables
src-226,kamareddy.telangana.gov.in (via WebSearch snippet),https://kamareddy.telangana.gov.in/public-utility/government-hospital/,knowledge_engine.collectors.api_collector.APICollector,knowledge_engine.parsers.html_table_parser.HTMLTableParser,ANNUAL,85,2026-07-22,2027-07-22,TRUE,Package003_Healthcare,1,1,82.0,Tier 1 - Government of India domain,No faster cadence justified by observed change rate,HTML portal page; figures are published in tables
src-227,karimnagar.telangana.gov.in (via WebSearch snippet),https://karimnagar.telangana.gov.in/departments/district-hospital-karimnagar/,knowledge_engine.collectors.api_collector.APICollector,knowledge_engine.parsers.html_table_parser.HTMLTableParser,ANNUAL,85,2026-07-22,2027-07-22,TRUE,Package003_Healthcare,1,1,88.0,Tier 1 - Government of India domain,No faster cadence justified by observed change rate,HTML portal page; figures are published in tables
src-228,"WebSearch aggregated (KIP Financial Consultancy, Unique Group, eUdyamAadhar)",https://kipfinancial.com/andhra-pradesh-msme-and-entrepreneurship-development-policy-4-0-2024-2029-3/; https://kipfinancial.com/andhra-pradesh-msme-and-entrepreneurship-development-policy-4-0-2024-2029/,knowledge_engine.collectors.api_collector.APICollector,knowledge_engine.parsers.html_table_parser.HTMLTableParser,ANNUAL,55,2026-07-22,2027-07-22,TRUE,Package004_Industries,1,1,80.0,Tier 3 - other public source,No faster cadence justified by observed change rate,HTML portal page; figures are published in tables
src-229,kothagudem.telangana.gov.in (via WebSearch snippet),https://kothagudem.telangana.gov.in/vaidya-vidhana-parishad/,knowledge_engine.collectors.api_collector.APICollector,knowledge_engine.parsers.html_table_parser.HTMLTableParser,ANNUAL,85,2026-07-22,2027-07-22,TRUE,Package003_Healthcare,1,4,84.5,Tier 1 - Government of India domain,No faster cadence justified by observed change rate,HTML portal page; figures are published in tables
src-230,"WebSearch aggregated (KP IAS Academy, TGFPS, Dhruva Industrial Consultants, India SME Forum)",https://kpiasacademy.com/telangana-t-idea-industrial/; https://tgfps.telangana.gov.in/t-idea/; https://www.indiasmeforum.org/state_scheme_details.php?id=232,knowledge_engine.collectors.api_collector.APICollector,knowledge_engine.parsers.html_table_parser.HTMLTableParser,ANNUAL,55,2026-07-22,2027-07-22,TRUE,Package004_Industries,1,1,72.0,Tier 3 - other public source,No faster cadence justified by observed change rate,HTML portal page; figures are published in tables
src-231,"WebSearch aggregated (KP IAS Academy, MSME Council, Dhruva Industrial Consultants)",https://kpiasacademy.com/telangana-t-pride-dalit/; https://msmecouncil.org/schemes-and-incentives/state-schemes/schemes-and-initiatives-by-telangana-government/ts-pride-telangana-state-program-for-rapid-incubation-of-dalit-entrepreneurs/,knowledge_engine.collectors.api_collector.APICollector,knowledge_engine.parsers.html_table_parser.HTMLTableParser,ANNUAL,55,2026-07-22,2027-07-22,TRUE,Package004_Industries,1,1,70.0,Tier 3 - other public source,No faster cadence justified by observed change rate,HTML portal page; figures are published in tables
src-232,krishna.ap.gov.in; gmcmachilipatnam-ap-gov.com (via WebSearch snippets),https://krishna.ap.gov.in/public-utility/district-hospital/ ; https://www.gmcmachilipatnam-ap-gov.com/vmccollege/,knowledge_engine.collectors.api_collector.APICollector,knowledge_engine.parsers.html_table_parser.HTMLTableParser,ANNUAL,85,2026-07-22,2027-07-22,TRUE,Package003_Healthcare,1,1,87.0,Tier 1 - Government of India domain,No faster cadence justified by observed change rate,HTML portal page; figures are published in tables
src-233,Aggregator search snippets; Krishna district government portal,https://krishna.ap.gov.in/public-utility/dr-pinnamaneni-siddhartha-institute-of-medical-sciences-research-centre/,knowledge_engine.collectors.api_collector.APICollector,knowledge_engine.parsers.html_table_parser.HTMLTableParser,ANNUAL,85,2026-07-22,2027-07-22,TRUE,Package003_Healthcare,1,1,86.0,Tier 1 - Government of India domain,No faster cadence justified by observed change rate,HTML portal page; figures are published in tables
src-234,Ministry of Labour and Employment,https://labour.gov.in/,knowledge_engine.collectors.api_collector.APICollector,knowledge_engine.parsers.html_table_parser.HTMLTableParser,ANNUAL,85,2026-07-25,2027-07-25,TRUE,Package007_Government_Schemes,1,1,75.0,Tier 1 - Government of India domain,No faster cadence justified by observed change rate,HTML portal page; figures are published in tables
src-235,"Cross-checked via Toprankers, Shiksha and Careers360 Law (application portal lawcet.tgche.ac.in)",https://law.careers360.com/articles/ts-lawcet,knowledge_engine.collectors.api_collector.APICollector,knowledge_engine.parsers.html_table_parser.HTMLTableParser,ANNUAL,55,2026-07-21,2027-07-21,TRUE,Package002_Education,1,1,80.0,Tier 3 - other public source,No faster cadence justified by observed change rate,HTML portal page; figures are published in tables
src-236,"Cross-checked via Shiksha, Careers360 Law and Indcareer (application portal cets.apsche.ap.gov.in/LAWCET)",https://law.careers360.com/exams/ap-pglcet,knowledge_engine.collectors.api_collector.APICollector,knowledge_engine.parsers.html_table_parser.HTMLTableParser,ANNUAL,55,2026-07-21,2027-07-21,TRUE,Package002_Education,1,1,78.0,Tier 3 - other public source,No faster cadence justified by observed change rate,HTML portal page; figures are published in tables
src-237,Google Digital Garage program; third-party course review aggregator,https://learndigital.withgoogle.com/digitalgarage; https://quso.ai/resources/social-media-marketing-courses/google-digital-garage-fundamentals-of-digital-marketing,knowledge_engine.collectors.api_collector.APICollector,knowledge_engine.parsers.html_table_parser.HTMLTableParser,ANNUAL,55,2026-07-24,2027-07-24,TRUE,Package006_Skills_and_Training,1,1,65.0,Tier 3 - other public source,No faster cadence justified by observed change rate,HTML portal page; figures are published in tables
src-238,WebSearch aggregation (secondary/portal cross-check; official site inaccessible via WebFetch this session),https://leverageedu.com/discover/indian-universities/nit-warangal-nirf-ranking/,knowledge_engine.collectors.api_collector.APICollector,knowledge_engine.parsers.html_table_parser.HTMLTableParser,ANNUAL,55,2026-07-22,2027-07-22,TRUE,Package002_Education,1,1,76.0,Tier 3 - other public source,No faster cadence justified by observed change rate,HTML portal page; figures are published in tables
src-239,mahabubabad.telangana.gov.in (via WebSearch snippet),https://mahabubabad.telangana.gov.in/area-hospital/,knowledge_engine.collectors.api_collector.APICollector,knowledge_engine.parsers.html_table_parser.HTMLTableParser,ANNUAL,85,2026-07-22,2027-07-22,TRUE,Package003_Healthcare,1,1,80.0,Tier 1 - Government of India domain,No faster cadence justified by observed change rate,HTML portal page; figures are published in tables
src-240,WebSearch,https://main.mohfw.gov.in/; https://en.wikipedia.org/wiki/Ministry_of_Health_and_Family_Welfare,knowledge_engine.collectors.api_collector.APICollector,knowledge_engine.parsers.html_table_parser.HTMLTableParser,ANNUAL,85,2026-07-21,2027-07-21,TRUE,Package003_Healthcare,1,1,83.0,Tier 1 - Government of India domain,No faster cadence justified by observed change rate,HTML portal page; figures are published in tables
src-241,WebSearch aggregation summarizing MoHFW official material and secondary/aggregator sources,https://main.mohfw.gov.in/major-programmes/poor-patients-financial-assistance/rashtriya-arogya-nidhi ; https://mohfw.gov.in/sites/default/files/7845192051425018860%20(1).pdf ; https://ies.gov.in/arthapedia/concept/rashtriya-arogya-nidhi-ran ; https://www.policybazaar.com/health-insurance/govt-scheme/rashtriya-arogya-nidhi/,knowledge_engine.collectors.api_collector.APICollector,knowledge_engine.parsers.html_table_parser.HTMLTableParser,ANNUAL,85,2026-07-22,2027-07-22,TRUE,Package003_Healthcare,1,1,83.0,Tier 1 - Government of India domain,No faster cadence justified by observed change rate,HTML portal page; figures are published in tables
src-242,India Meteorological Department; Gramin Krishi Mausam Sewa,https://mausam.imd.gov.in/,knowledge_engine.collectors.api_collector.APICollector,knowledge_engine.parsers.html_table_parser.HTMLTableParser,ANNUAL,85,2026-07-24,2027-07-24,TRUE,Package005_Agriculture,1,1,66.0,Tier 1 - Government of India domain,No faster cadence justified by observed change rate,HTML portal page; figures are published in tables
src-243,"Aggregator search snippets (edufever, mbbscouncil)",https://mbbscouncil.com/listing/bhaskar-medical-college-yenkapally/,knowledge_engine.collectors.api_collector.APICollector,knowledge_engine.parsers.html_table_parser.HTMLTableParser,ANNUAL,55,2026-07-22,2027-07-22,TRUE,Package003_Healthcare,1,1,88.0,Tier 3 - other public source,No faster cadence justified by observed change rate,HTML portal page; figures are published in tables
src-244,"WebSearch aggregation: institution's own domain (mbtsgovtpolyguntur.ac.in) surfaced in results; corroborated by Shikshan.org, Shiksha, StudyGuideIndia",https://mbtsgovtpolyguntur.ac.in/about,knowledge_engine.collectors.api_collector.APICollector,knowledge_engine.parsers.html_table_parser.HTMLTableParser,ANNUAL,75,2026-07-24,2027-07-24,TRUE,Package006_Skills_and_Training,1,1,74.0,Tier 2 - academic institution,No faster cadence justified by observed change rate,HTML portal page; figures are published in tables
src-245,Official ESIC college website,https://mchyderabad.esic.gov.in/medical-about-us ; https://mchyderabad.esic.gov.in/,knowledge_engine.collectors.api_collector.APICollector,knowledge_engine.parsers.html_table_parser.HTMLTableParser,ANNUAL,85,2026-07-22,2027-07-22,TRUE,Package003_Healthcare,1,1,88.0,Tier 1 - Government of India domain,No faster cadence justified by observed change rate,HTML portal page; figures are published in tables
src-246,"Aggregator search snippets (medicalneetpg.com, medicalneetug.com)",https://medicalneetug.com/college/kamineni-academy-of-medical-sciences-research-center,knowledge_engine.collectors.api_collector.APICollector,knowledge_engine.parsers.html_table_parser.HTMLTableParser,ANNUAL,55,2026-07-22,2027-07-22,TRUE,Package003_Healthcare,1,1,88.0,Tier 3 - other public source,No faster cadence justified by observed change rate,HTML portal page; figures are published in tables
src-247,Careers360 / aggregator search snippets,https://medicine.careers360.com/colleges/list-of-government-medical-colleges-in-telangana,knowledge_engine.collectors.api_collector.APICollector,knowledge_engine.parsers.html_table_parser.HTMLTableParser,ANNUAL,55,2026-07-22,2027-07-22,TRUE,Package003_Healthcare,1,1,87.0,Tier 3 - other public source,No faster cadence justified by observed change rate,HTML portal page; figures are published in tables
src-248,Ministry of Information and Broadcasting,https://mib.gov.in/,knowledge_engine.collectors.api_collector.APICollector,knowledge_engine.parsers.html_table_parser.HTMLTableParser,ANNUAL,85,2026-07-25,2027-07-25,TRUE,Package008_MSME,1,1,66.0,Tier 1 - Government of India domain,No faster cadence justified by observed change rate,HTML portal page; figures are published in tables
src-249,Ministry of Agriculture,https://midh.gov.in/,knowledge_engine.collectors.api_collector.APICollector,knowledge_engine.parsers.html_table_parser.HTMLTableParser,ANNUAL,85,2026-07-24,2027-07-24,TRUE,Package005_Agriculture,2,2,72.0,Tier 1 - Government of India domain,No faster cadence justified by observed change rate,HTML portal page; figures are published in tables
src-250,Ministry of Minority Affairs,https://minorityaffairs.gov.in/,knowledge_engine.collectors.api_collector.APICollector,knowledge_engine.parsers.html_table_parser.HTMLTableParser,ANNUAL,85,2026-07-25,2027-07-25,TRUE,Package007_Government_Schemes,1,1,74.0,Tier 1 - Government of India domain,No faster cadence justified by observed change rate,HTML portal page; figures are published in tables
src-251,"WebSearch (secondary aggregation of government/NASSCOM sources, industry AI-adoption and market reports, freelance-marketplace/gig-economy data, and portal blogs); direct WebFetch to .gov.in domains blocked by session egress policy",https://missiontelangana.com/telangana-governments-it-towers-propelling-it-growth-in-tier-ii-cities/ | https://invest.telangana.gov.in/wp-content/uploads/2024/07/Telangana-ICT-Policy-Framework-2016-1.pdf | https://it.telangana.gov.in/initiatives/task/ | https://www.theindianiris.com/telangana-policy-for-rural-technology-center/ | https://www.thenewsminute.com/telangana/telangana-ktr-inaugurates-new-it-tower-nizamabad-180900 | https://www.thenewsminute.com/telangana/telangana-establishes-it-hub-khammam-district-tier-ii-city-139219,knowledge_engine.collectors.api_collector.APICollector,knowledge_engine.parsers.html_table_parser.HTMLTableParser,ANNUAL,55,2026-07-23,2027-07-23,TRUE,Package004_Industries,1,1,74.0,Tier 3 - other public source,No faster cadence justified by observed change rate,HTML portal page; figures are published in tables
src-252,MNRE,https://mnre.gov.in,knowledge_engine.collectors.api_collector.APICollector,knowledge_engine.parsers.html_table_parser.HTMLTableParser,ANNUAL,85,2026-07-24,2027-07-24,TRUE,Package006_Skills_and_Training,1,1,63.0,Tier 1 - Government of India domain,No faster cadence justified by observed change rate,HTML portal page; figures are published in tables
src-253,Ministry of New and Renewable Energy,https://mnre.gov.in/,knowledge_engine.collectors.api_collector.APICollector,knowledge_engine.parsers.html_table_parser.HTMLTableParser,ANNUAL,85,2026-07-25,2027-07-25,TRUE,Package007_Government_Schemes;Package008_MSME,4,5,70.4,Tier 1 - Government of India domain,No faster cadence justified by observed change rate,HTML portal page; figures are published in tables
src-254,Official college website; aggregator cross-check,https://mnrmch.mnrindia.org/ ; https://rmgoe.org/study-india/mnr-medical-college-hospital-sangareddy,knowledge_engine.collectors.api_collector.APICollector,knowledge_engine.parsers.html_table_parser.HTMLTableParser,ANNUAL,55,2026-07-22,2027-07-22,TRUE,Package003_Healthcare,1,1,88.0,Tier 3 - other public source,No faster cadence justified by observed change rate,HTML portal page; figures are published in tables
src-255,"Ministry of Environment, Forest and Climate Change",https://moef.gov.in/,knowledge_engine.collectors.api_collector.APICollector,knowledge_engine.parsers.html_table_parser.HTMLTableParser,ANNUAL,85,2026-07-25,2027-07-25,TRUE,Package008_MSME,1,2,67.0,Tier 1 - Government of India domain,No faster cadence justified by observed change rate,HTML portal page; figures are published in tables
src-256,Ministry of Food Processing Industries (MoFPI),https://mofpi.gov.in/,knowledge_engine.collectors.api_collector.APICollector,knowledge_engine.parsers.html_table_parser.HTMLTableParser,ANNUAL,85,2026-07-25,2027-07-25,TRUE,Package005_Agriculture;Package008_MSME,8,39,68.5,Tier 1 - Government of India domain,No faster cadence justified by observed change rate,HTML portal page; figures are published in tables
src-257,Food Processing Board,https://mofpi.nic.in/,knowledge_engine.collectors.api_collector.APICollector,knowledge_engine.parsers.html_table_parser.HTMLTableParser,ANNUAL,85,2026-07-24,2027-07-24,TRUE,Package005_Agriculture,1,1,67.0,Tier 1 - Government of India domain,No faster cadence justified by observed change rate,HTML portal page; figures are published in tables
src-258,Ministry of Health and Family Welfare,https://mohfw.gov.in/,knowledge_engine.collectors.api_collector.APICollector,knowledge_engine.parsers.html_table_parser.HTMLTableParser,ANNUAL,85,2026-07-25,2027-07-25,TRUE,Package007_Government_Schemes;Package008_MSME,4,4,73.0,Tier 1 - Government of India domain,No faster cadence justified by observed change rate,HTML portal page; figures are published in tables
src-259,Ministry of Housing and Urban Affairs,https://mohua.gov.in/,knowledge_engine.collectors.api_collector.APICollector,knowledge_engine.parsers.html_table_parser.HTMLTableParser,ANNUAL,85,2026-07-25,2027-07-25,TRUE,Package007_Government_Schemes,1,1,76.0,Tier 1 - Government of India domain,No faster cadence justified by observed change rate,HTML portal page; figures are published in tables
src-260,Package006_Skills_and_Training reconciliation,https://msde.gov.in/,knowledge_engine.collectors.api_collector.APICollector,knowledge_engine.parsers.html_table_parser.HTMLTableParser,ANNUAL,85,2026-07-25,2027-07-25,TRUE,Package007_Government_Schemes;Package008_MSME,5,69,67.3,Tier 1 - Government of India domain,No faster cadence justified by observed change rate,HTML portal page; figures are published in tables
src-261,Office of Development Commissioner (MSME); MSME-DI project profiles,https://msme.gov.in/,knowledge_engine.collectors.api_collector.APICollector,knowledge_engine.parsers.html_table_parser.HTMLTableParser,ANNUAL,85,2026-07-25,2027-07-25,TRUE,Package007_Government_Schemes;Package008_MSME,16,246,68.0,Tier 1 - Government of India domain,No faster cadence justified by observed change rate,HTML portal page; figures are published in tables
src-262,MSME-DI Hyderabad District Industrial Profile; KVIC/PMEGP guidelines (kviconline.gov.in); PMFME scheme portal (pmfme.mofpi.gov.in); Government of Telangana MSME Policy Order; AP Food Processing Policy 4.0; ASVR Engineering and SFT Machinery (namkeen/snack machinery suppliers); Institute for Industrial Development (IID) namkeen course listing; Mondaq coverage of FSSAI's Oct 2025 spice-manufacturing enforcement sweep; DigitalDawn.in e-commerce-platform comparison (2026),https://msmedihyderabad.gov.in/ ; https://www.kviconline.gov.in/pmegpeportal/dashboard/notification/PMEGP_Guidelines_Certified_2022_3.pdf ; https://pmfme.mofpi.gov.in/ ; https://www.apexports.ap.gov.in/assets/gallery/AP%20Food%20Processing%20Policy%20(4.0)%20%202024-29.pdf ; https://www.asvrengineering.com/top-namkeen-making-machine-manufacturers-for-small-medium-large-scale-production ; https://courses.iid.org.in/course/namkeen-manufacturing-business-p ; https://www.mondaq.com/india/product-liability-safety/1680956/spice-crackdown-fssais-october-2025-manufacturing-sweep-explained ; https://www.digitaldawn.in/amazon-vs-flipkart-vs-meesho-best-platform-indian-sellers-2025/,knowledge_engine.collectors.api_collector.APICollector,knowledge_engine.parsers.html_table_parser.HTMLTableParser,QUARTERLY,85,2026-07-24,2026-10-23,TRUE,Package004_Industries,1,1,55.0,Tier 1 - Government of India domain,Scheme parameters change with budget cycles and notifications,HTML portal page; figures are published in tables
src-263,International Organization for Standardization; NABCB,https://nabcb.qci.org.in/,knowledge_engine.collectors.api_collector.APICollector,knowledge_engine.parsers.html_table_parser.HTMLTableParser,ANNUAL,55,2026-07-25,2027-07-25,TRUE,Package008_MSME,1,1,70.0,Tier 3 - other public source,No faster cadence justified by observed change rate,HTML portal page; figures are published in tables
src-264,WebSearch,https://nabh.co/; https://en.wikipedia.org/wiki/National_Accreditation_Board_for_Hospitals_%26_Healthcare_Providers,knowledge_engine.collectors.api_collector.APICollector,knowledge_engine.parsers.html_table_parser.HTMLTableParser,ANNUAL,55,2026-07-21,2027-07-21,TRUE,Package003_Healthcare,1,1,82.0,Tier 3 - other public source,No faster cadence justified by observed change rate,HTML portal page; figures are published in tables
src-265,WebSearch,https://nabl-india.org/; https://en.wikipedia.org/wiki/National_Accreditation_Board_for_Testing_and_Calibration_Laboratories,knowledge_engine.collectors.api_collector.APICollector,knowledge_engine.parsers.html_table_parser.HTMLTableParser,ANNUAL,55,2026-07-21,2027-07-21,TRUE,Package003_Healthcare,1,1,82.0,Tier 3 - other public source,No faster cadence justified by observed change rate,HTML portal page; figures are published in tables
src-266,Official college website; aggregator cross-check,https://narayanamedicalcollege.com/about-us/about-the-college/,knowledge_engine.collectors.api_collector.APICollector,knowledge_engine.parsers.html_table_parser.HTMLTableParser,ANNUAL,55,2026-07-22,2027-07-22,TRUE,Package003_Healthcare,1,1,88.0,Tier 3 - other public source,No faster cadence justified by observed change rate,HTML portal page; figures are published in tables
src-267,ESDM,https://nasscom.in,knowledge_engine.collectors.api_collector.APICollector,knowledge_engine.parsers.html_table_parser.HTMLTableParser,ANNUAL,62,2026-07-24,2027-07-24,TRUE,Package006_Skills_and_Training,1,1,70.0,Tier 3 - industry association or analyst,Annual industry reporting cycle,HTML portal page; figures are published in tables
src-268,NASSCOM,https://nasscom.in/,knowledge_engine.collectors.api_collector.APICollector,knowledge_engine.parsers.html_table_parser.HTMLTableParser,ANNUAL,62,2026-07-25,2027-07-25,TRUE,Package005_Agriculture;Package008_MSME,6,18,67.7,Tier 3 - industry association or analyst,Annual industry reporting cycle,HTML portal page; figures are published in tables
src-269,Official NBEMS/NBE portals (natboard.edu.in / nbe.edu.in) cross-checked via Testbook and Careers360 news coverage,https://natboard.edu.in/,knowledge_engine.collectors.api_collector.APICollector,knowledge_engine.parsers.html_table_parser.HTMLTableParser,ANNUAL,55,2026-07-21,2027-07-21,TRUE,Package002_Education,1,1,86.0,Tier 3 - other public source,No faster cadence justified by observed change rate,HTML portal page; figures are published in tables
src-270,WebSearch,https://natboard.edu.in/; https://en.wikipedia.org/wiki/National_Board_of_Examinations_in_Medical_Sciences,knowledge_engine.collectors.api_collector.APICollector,knowledge_engine.parsers.html_table_parser.HTMLTableParser,ANNUAL,55,2026-07-22,2027-07-22,TRUE,Package003_Healthcare,1,1,84.0,Tier 3 - other public source,No faster cadence justified by observed change rate,HTML portal page; figures are published in tables
src-271,Official NBEMS portal (natboard.edu.in) cross-checked via Careers360 news,https://natboard.edu.in/viewnbeexam?exam=gpat,knowledge_engine.collectors.api_collector.APICollector,knowledge_engine.parsers.html_table_parser.HTMLTableParser,ANNUAL,55,2026-07-21,2027-07-21,TRUE,Package002_Education,1,1,85.0,Tier 3 - other public source,No faster cadence justified by observed change rate,HTML portal page; figures are published in tables
src-272,"Official NBEMS NEET-SS exam portal cross-checked via Doctutorials, Shiksha and Careers360 Medicine",https://natboard.edu.in/viewnbeexam?exam=neetss,knowledge_engine.collectors.api_collector.APICollector,knowledge_engine.parsers.html_table_parser.HTMLTableParser,ANNUAL,55,2026-07-22,2027-07-22,TRUE,Package002_Education,1,1,80.0,Tier 3 - other public source,No faster cadence justified by observed change rate,HTML portal page; figures are published in tables
src-273,AICTE official website; National Skills Network summary of AICTE skill-development initiatives; Assam Engineering Institute scheme page as illustrative implementation,https://nationalskillsnetwork.in/aicte-skill-development/; https://aei.ac.in/aicte-community-college-scheme/,knowledge_engine.collectors.api_collector.APICollector,knowledge_engine.parsers.html_table_parser.HTMLTableParser,ANNUAL,55,2026-07-24,2027-07-24,TRUE,Package006_Skills_and_Training,1,1,60.0,Tier 3 - other public source,No faster cadence justified by observed change rate,HTML portal page; figures are published in tables
src-274,National Bee Board,https://nbb.gov.in/,knowledge_engine.collectors.api_collector.APICollector,knowledge_engine.parsers.html_table_parser.HTMLTableParser,ANNUAL,85,2026-07-24,2027-07-24,TRUE,Package005_Agriculture,2,2,68.0,Tier 1 - Government of India domain,No faster cadence justified by observed change rate,HTML portal page; figures are published in tables
src-275,NCERT Official Website,https://ncert.nic.in/about-us.php?ln=en,knowledge_engine.collectors.api_collector.APICollector,knowledge_engine.parsers.html_table_parser.HTMLTableParser,ANNUAL,85,2026-07-22,2027-07-22,TRUE,Package002_Education,1,1,88.0,Tier 1 - Government of India domain,No faster cadence justified by observed change rate,HTML portal page; figures are published in tables
src-276,NCTE Official Website,https://ncte.gov.in/website/index.aspx,knowledge_engine.collectors.api_collector.APICollector,knowledge_engine.parsers.html_table_parser.HTMLTableParser,ANNUAL,85,2026-07-22,2027-07-22,TRUE,Package002_Education,1,1,87.0,Tier 1 - Government of India domain,No faster cadence justified by observed change rate,HTML portal page; figures are published in tables
src-277,NCVET Official Website,https://ncvet.gov.in/about-ncvet/,knowledge_engine.collectors.api_collector.APICollector,knowledge_engine.parsers.html_table_parser.HTMLTableParser,ANNUAL,85,2026-07-22,2027-07-22,TRUE,Package002_Education,1,1,88.0,Tier 1 - Government of India domain,No faster cadence justified by observed change rate,HTML portal page; figures are published in tables
src-278,NCVET National Skills Qualification Framework (NSQF) overview; ValueWeave editorial grouping,https://ncvet.gov.in/national-skills-qualification-framework/; https://ncvet.gov.in/national-skills-qualification-framework/nsqf-notification/,knowledge_engine.collectors.api_collector.APICollector,knowledge_engine.parsers.html_table_parser.HTMLTableParser,ANNUAL,85,2026-07-24,2027-07-24,TRUE,Package006_Skills_and_Training,1,24,65.0,Tier 1 - Government of India domain,No faster cadence justified by observed change rate,HTML portal page; figures are published in tables
src-279,"Retailers Association's Skill Council of India (RASCI) Qualification Packs, adopted by NCVET (Office Order: Adoption of 20 Qualifications of RASCI)",https://ncvet.gov.in/wp-content/uploads/2022/10/Office-Order-Adoption-of-20-Qualifications-of-Retailers-Associations-Skill-Council-of-India-RASCI.pdf; https://rasci.in/pdf/RASCI%20Qualifications%20Pack%200104%20-%20Retail%20Sales%20Associate.pdf; https://rasci.in/pdf/Qualification%20Pack/Qp%20Retail%20Team%20leader.pdf; https://hsdm.org.in/doc/qualification_packs/RAS_Q0107_v2.0.pdf,knowledge_engine.collectors.api_collector.APICollector,knowledge_engine.parsers.pdf_parser.PDFParser,ANNUAL,85,2026-07-24,2027-07-24,TRUE,Package006_Skills_and_Training,1,1,78.0,Tier 1 - Government of India domain,No faster cadence justified by observed change rate,URL serves a PDF document
src-280,"NCVET Final RPL Guidelines, 2023",https://ncvet.gov.in/wp-content/uploads/2023/08/Final-RPL-guidelines.pdf,knowledge_engine.collectors.api_collector.APICollector,knowledge_engine.parsers.pdf_parser.PDFParser,ANNUAL,85,2026-07-24,2027-07-24,TRUE,Package006_Skills_and_Training,1,1,76.0,Tier 1 - Government of India domain,No faster cadence justified by observed change rate,URL serves a PDF document
src-281,Official NTA NEET portal,https://neet.nta.nic.in/about-department/introduction/,knowledge_engine.collectors.api_collector.APICollector,knowledge_engine.parsers.html_table_parser.HTMLTableParser,ANNUAL,85,2026-07-21,2027-07-21,TRUE,Package002_Education,1,1,92.0,Tier 1 - Government of India domain,No faster cadence justified by observed change rate,HTML portal page; figures are published in tables
src-282,Aggregator search snippets (neetadmission.in),"https://neetadmission.in/PG/college/529/gitam-institute-of-medical-sciences-and-research,-visakhapatnam",knowledge_engine.collectors.api_collector.APICollector,knowledge_engine.parsers.html_table_parser.HTMLTableParser,ANNUAL,55,2026-07-22,2027-07-22,TRUE,Package003_Healthcare,1,1,88.0,Tier 3 - other public source,No faster cadence justified by observed change rate,HTML portal page; figures are published in tables
src-283,"neetsupport.com; rmgoe.org; medak.telangana.gov.in (WebSearch snippets only, no direct fetch)",https://neetsupport.com/college/government-medical-college-medak-comprehensive-guide-for-2026 ; https://medak.telangana.gov.in/public-utility-category/hospitals/,knowledge_engine.collectors.api_collector.APICollector,knowledge_engine.parsers.html_table_parser.HTMLTableParser,ANNUAL,55,2026-07-22,2027-07-22,TRUE,Package003_Healthcare,1,1,78.0,Tier 3 - other public source,No faster cadence justified by observed change rate,HTML portal page; figures are published in tables
src-284,Careers360 news reporting on AP government's Rs 100 crore ITI/polytechnic/skill-college modernization announcement (Nov 2023) and AP PM-SETU/Vizag ITI Cluster coverage (2026),https://news.careers360.com/andhra-pradesh-cm-launch-rs-100-crore-programme-modernise-skill-development-institutes; https://news.careers360.com/andhra-pradesh-ap-govt-knowledge-hub-of-world-provide-skill-training-over-20-million-youth-jobs,knowledge_engine.collectors.api_collector.APICollector,knowledge_engine.parsers.html_table_parser.HTMLTableParser,ANNUAL,55,2026-07-24,2027-07-24,TRUE,Package006_Skills_and_Training,1,1,58.0,Tier 3 - other public source,No faster cadence justified by observed change rate,HTML portal page; figures are published in tables
src-285,"WebSearch cross-check (multiple secondary aggregators: buddy4study.com, vajiramandravi.com, careers360.com)",https://news.careers360.com/cbse-central-sector-scheme-of-scholarship-2025-applications-open-scholarships-gov-in-csss-application,knowledge_engine.collectors.api_collector.APICollector,knowledge_engine.parsers.html_table_parser.HTMLTableParser,QUARTERLY,55,2026-07-22,2026-10-21,TRUE,Package002_Education,1,1,80.0,Tier 3 - other public source,Scheme parameters change with budget cycles and notifications,HTML portal page; figures are published in tables
src-286,"WebSearch aggregated (Careers360, TMS, sarkariyojana.com, Uttarakhand Skill Development Dept portal, PIB)",https://news.careers360.com/centre-recommends-30-percent-hike-in-stipend-under-national-apprenticeship-promotion-scheme; https://dsde.uk.gov.in/naps/; https://tmservices.co.in/national-apprenticeship-promotion-scheme-naps/; https://www.pib.gov.in/PressReleaseIframePage.aspx?PRID=2100845,knowledge_engine.collectors.api_collector.APICollector,knowledge_engine.parsers.html_table_parser.HTMLTableParser,ANNUAL,55,2026-07-24,2027-07-24,TRUE,Package006_Skills_and_Training,1,1,75.0,Tier 3 - other public source,No faster cadence justified by observed change rate,HTML portal page; figures are published in tables
src-287,"WebSearch cross-check (careers360.com news article, buddy4study.com, schemesinindia.in - consistent figures)",https://news.careers360.com/pm-yasasvi-scholarship-offers-up-rs-125-lakh-applications-open-for-obc-students-in-class-9-11,knowledge_engine.collectors.api_collector.APICollector,knowledge_engine.parsers.html_table_parser.HTMLTableParser,ANNUAL,55,2026-07-21,2027-07-21,TRUE,Package002_Education,1,1,75.0,Tier 3 - other public source,No faster cadence justified by observed change rate,HTML portal page; figures are published in tables
src-288,Ministry of Animal Husbandry,https://nfdb.gov.in/,knowledge_engine.collectors.api_collector.APICollector,knowledge_engine.parsers.html_table_parser.HTMLTableParser,ANNUAL,85,2026-07-24,2027-07-24,TRUE,Package005_Agriculture,2,2,70.0,Tier 1 - Government of India domain,No faster cadence justified by observed change rate,HTML portal page; figures are published in tables
src-289,Ministry of Health and Family Welfare,https://nha.gov.in/,knowledge_engine.collectors.api_collector.APICollector,knowledge_engine.parsers.html_table_parser.HTMLTableParser,ANNUAL,85,2026-07-25,2027-07-25,TRUE,Package007_Government_Schemes,1,1,75.0,Tier 1 - Government of India domain,No faster cadence justified by observed change rate,HTML portal page; figures are published in tables
src-290,WebSearch,https://nha.gov.in/; https://nha.gov.in/PM-JAY; https://en.wikipedia.org/wiki/National_Health_Authority,knowledge_engine.collectors.api_collector.APICollector,knowledge_engine.parsers.html_table_parser.HTMLTableParser,ANNUAL,85,2026-07-22,2027-07-22,TRUE,Package003_Healthcare,1,1,86.0,Tier 1 - Government of India domain,No faster cadence justified by observed change rate,HTML portal page; figures are published in tables
src-291,WebSearch,https://nhm.gov.in/; https://en.wikipedia.org/wiki/National_Health_Mission,knowledge_engine.collectors.api_collector.APICollector,knowledge_engine.parsers.html_table_parser.HTMLTableParser,ANNUAL,85,2026-07-21,2027-07-21,TRUE,Package003_Healthcare,1,1,85.0,Tier 1 - Government of India domain,No faster cadence justified by observed change rate,HTML portal page; figures are published in tables
src-292,"PMFME Model DPR - Maize Flour Mill Unit (NIFTEM, hosted under MoFPI's PMFME scheme); PMFME Model DPR - Wheat Flour Mill Unit (Rajasthan PMFME SNA hosting the same central model DPR); IndiaMART flour-mill/atta-chakki machinery supplier directory listings; PMFME Rajasthan SNA food-processing machinery supplier list",https://niftem.ac.in/newsite/pmfme/wp-content/uploads/2022/07/maizedpr.pdf ; https://pmfmersamb.rajasthan.gov.in/writereaddata/News/02012023122336PMModel%20DPR%20-%20Wheat%20flour%20mill.pdf ; https://dir.indiamart.com/impcat/flour-mill-machine.html ; https://dir.indiamart.com/impcat/automatic-flour-mill.html ; https://pmfmersamb.rajasthan.gov.in/writereaddata/News/02022023172644PMMachinery%20details.pdf,knowledge_engine.collectors.api_collector.APICollector,knowledge_engine.parsers.pdf_parser.PDFParser,QUARTERLY,75,2026-07-24,2026-10-23,TRUE,Package004_Industries,1,1,73.0,Tier 2 - academic institution,Scheme parameters change with budget cycles and notifications,URL serves a PDF document
src-293,NIOS Official Website (cross-checked with WebSearch summary),https://nios.ac.in/,knowledge_engine.collectors.api_collector.APICollector,knowledge_engine.parsers.html_table_parser.HTMLTableParser,ANNUAL,75,2026-07-22,2027-07-22,TRUE,Package002_Education,1,1,83.0,Tier 2 - academic institution,No faster cadence justified by observed change rate,HTML portal page; figures are published in tables
src-294,National Medicinal Plants Board,https://nmpb.nic.in/,knowledge_engine.collectors.api_collector.APICollector,knowledge_engine.parsers.html_table_parser.HTMLTableParser,ANNUAL,85,2026-07-24,2027-07-24,TRUE,Package005_Agriculture,4,7,65.0,Tier 1 - Government of India domain,No faster cadence justified by observed change rate,HTML portal page; figures are published in tables
src-295,NPTEL,https://nptel.ac.in,knowledge_engine.collectors.api_collector.APICollector,knowledge_engine.parsers.html_table_parser.HTMLTableParser,ANNUAL,75,2026-07-24,2027-07-24,TRUE,Package006_Skills_and_Training,1,1,75.0,Tier 2 - academic institution,No faster cadence justified by observed change rate,HTML portal page; figures are published in tables
src-296,ICAR-NPTEL,https://nptel.ac.in/,knowledge_engine.collectors.api_collector.APICollector,knowledge_engine.parsers.html_table_parser.HTMLTableParser,ANNUAL,75,2026-07-24,2027-07-24,TRUE,Package005_Agriculture,1,1,68.0,Tier 2 - academic institution,No faster cadence justified by observed change rate,HTML portal page; figures are published in tables
src-297,NPTEL official site; SWAYAM NPTEL certification page,https://nptel.ac.in/aboutus; https://swayam.gov.in/nc_details/NPTEL,knowledge_engine.collectors.api_collector.APICollector,knowledge_engine.parsers.html_table_parser.HTMLTableParser,ANNUAL,75,2026-07-24,2027-07-24,TRUE,Package006_Skills_and_Training,2,2,77.0,Tier 2 - academic institution,No faster cadence justified by observed change rate,HTML portal page; figures are published in tables
src-298,NSDC/Skill India Digital Hub course listings; Media & Entertainment Skills Council (MESC) Digital Marketing Manager Qualification File and Model Curriculum,https://nqr.gov.in/sites/default/files/MC_Digital_Marketing_Manager_L6_V1.pdf; https://nqr.gov.in/qualifications/1296; https://www.skillindiadigital.gov.in/courses/detail/4de88bf9-5550-4a46-a13a-1d531546d9ba,knowledge_engine.collectors.api_collector.APICollector,knowledge_engine.parsers.html_table_parser.HTMLTableParser,ANNUAL,85,2026-07-24,2027-07-24,TRUE,Package006_Skills_and_Training,1,1,56.0,Tier 1 - Government of India domain,No faster cadence justified by observed change rate,HTML portal page; figures are published in tables
src-299,Apparel Made-ups & Home Furnishing Sector Skill Council (AMHSSC) Self Employed Tailor NSQF Qualification File,https://nqr.gov.in/sites/default/files/Q%20FILES%20Self%20employed%20Tailor%20V3.pdf; https://www.psscive.ac.in/popularisation/self-employed-tailor.pdf; https://sscamh.com/approvedQPNo.php,knowledge_engine.collectors.api_collector.APICollector,knowledge_engine.parsers.html_table_parser.HTMLTableParser,ANNUAL,85,2026-07-24,2027-07-24,TRUE,Package006_Skills_and_Training,1,1,72.0,Tier 1 - Government of India domain,No faster cadence justified by observed change rate,HTML portal page; figures are published in tables
src-300,Tourism and Hospitality Skill Council (THSC) Qualification Packs for Food & Beverage Service roles,https://nqr.gov.in/sites/default/files/Q.File_Food%20&%20Beverage%20Service%20Assistant_THC_Q0307.pdf; https://hsdm.org.in/doc/qualification_packs/Food&Beverage_THC_Q0301_v1.pdf; https://thsc.in/admin/uploads/curriculum/Food%20&%20Beverage%20Service%20Manager_%20THC_Q0303.pdf,knowledge_engine.collectors.api_collector.APICollector,knowledge_engine.parsers.pdf_parser.PDFParser,ANNUAL,85,2026-07-24,2027-07-24,TRUE,Package006_Skills_and_Training,1,1,66.0,Tier 1 - Government of India domain,No faster cadence justified by observed change rate,URL serves a PDF document
src-301,MGNREGA portal; Ministry of Rural Development,https://nrega.nic.in/,knowledge_engine.collectors.api_collector.APICollector,knowledge_engine.parsers.html_table_parser.HTMLTableParser,QUARTERLY,85,2026-07-25,2026-10-24,TRUE,Package007_Government_Schemes,2,2,75.0,Tier 1 - Government of India domain,Scheme parameters change with budget cycles and notifications,HTML portal page; figures are published in tables
src-302,Ministry of Rural Development,https://nrlm.gov.in/,knowledge_engine.collectors.api_collector.APICollector,knowledge_engine.parsers.html_table_parser.HTMLTableParser,ANNUAL,85,2026-07-25,2027-07-25,TRUE,Package005_Agriculture;Package007_Government_Schemes,3,3,73.0,Tier 1 - Government of India domain,No faster cadence justified by observed change rate,HTML portal page; figures are published in tables
src-303,NSAP portal; Ministry of Rural Development,https://nsap.nic.in/,knowledge_engine.collectors.api_collector.APICollector,knowledge_engine.parsers.html_table_parser.HTMLTableParser,ANNUAL,85,2026-07-25,2027-07-25,TRUE,Package007_Government_Schemes,1,1,73.0,Tier 1 - Government of India domain,No faster cadence justified by observed change rate,HTML portal page; figures are published in tables
src-304,Ministry of Skill Development and Entrepreneurship,https://nsdcindia.org/,knowledge_engine.collectors.api_collector.APICollector,knowledge_engine.parsers.html_table_parser.HTMLTableParser,ANNUAL,55,2026-07-25,2027-07-25,TRUE,Package007_Government_Schemes,1,1,75.0,Tier 3 - other public source,No faster cadence justified by observed change rate,HTML portal page; figures are published in tables
src-305,"NSDC PMKVY course page; DGT/NCVT syllabus; Telangana State Electrical Licensing Regulations 2018 summaries (Electrical4u, Indiankanoon); PIB PM Vishwakarma trade list; Barefoot College institutional profile (Grokipedia, Emotive Program); EV charging market reports (Forvis Mazars, IBEF, Elektree); BEE Star Rating programme materials; Urban Company earnings data (Indeed.com, Al Jazeera); rooftop solar PV installer training providers (ERC India, TPSDI, kWatt Solutions)",https://nsdcindia.org/assistant-electrician ; https://www.electrical4u.net/useful-information/how-to-apply-wireman-license-in-telangana-eligibility/ ; https://indiankanoon.org/doc/101800260/ ; https://www.pib.gov.in/PressReleaseIframePage.aspx?PRID=1987716 ; https://grokipedia.com/page/Barefoot_College ; https://www.emotiveprogram.org/solution/barefoot-college/ ; https://www.forvismazars.com/in/en/insights/thought-leadership-reports/the-potential-of-ev-infrastructure-market-in-india ; https://www.ibef.org/blogs/electric-vehicle-charging-infrastructure-the-key-to-mass-ev-adoption-in-india ; https://elektree.com/electric-vehicle-charging-station-market-in-india-2026-report/ ; https://beeindia.gov.in//star-label ; https://in.indeed.com/cmp/Urban-Company-b2f66262/salaries/Electrician ; https://www.aljazeera.com/economy/2024/3/1/how-indias-urban-company-has-soured-gig-work-for-women ; https://ercindia.org/solar/how-to-become-rooftop-solar-pv-installer/,knowledge_engine.collectors.api_collector.APICollector,knowledge_engine.parsers.html_table_parser.HTMLTableParser,QUARTERLY,55,2026-07-23,2026-10-22,TRUE,Package004_Industries,1,1,82.0,Tier 3 - other public source,Scheme parameters change with budget cycles and notifications,HTML portal page; figures are published in tables
src-306,NSDC job role listing; Careers360 course listing,https://nsdcindia.org/automotive-service-technician-two-and-three-wheelers; https://www.careers360.com/courses-certifications/automotive-skills-development-council-auto-service-technician-two-wheelers-asc-q1411-nsqf-level-4-course,knowledge_engine.collectors.api_collector.APICollector,knowledge_engine.parsers.html_table_parser.HTMLTableParser,ANNUAL,55,2026-07-24,2027-07-24,TRUE,Package006_Skills_and_Training,1,1,74.0,Tier 3 - other public source,No faster cadence justified by observed change rate,HTML portal page; figures are published in tables
src-307,NSDC job role listing; Capital Goods Skill Council Qualification Pack,https://nsdcindia.org/cnc-operator-turning; https://www.buzzwuzz.com/CGSSC/wp-content/uploads/2024/04/CNC-Operator-Turning_CSC_Q0115_v3.0.pdf,knowledge_engine.collectors.api_collector.APICollector,knowledge_engine.parsers.pdf_parser.PDFParser,ANNUAL,55,2026-07-24,2027-07-24,TRUE,Package006_Skills_and_Training,1,1,74.0,Tier 3 - other public source,No faster cadence justified by observed change rate,URL serves a PDF document
src-308,NSDC job role listing; National Qualification Register (NQR) Qualification File,https://nsdcindia.org/domestic-data-entry-operator; https://nqr.gov.in/qualification/file/QF_SSC2212_Domestic%20Data%20Entry%20Operator_V3.pdf,knowledge_engine.collectors.api_collector.APICollector,knowledge_engine.parsers.pdf_parser.PDFParser,ANNUAL,55,2026-07-24,2027-07-24,TRUE,Package006_Skills_and_Training,1,1,74.0,Tier 3 - other public source,No faster cadence justified by observed change rate,URL serves a PDF document
src-309,NSDC job role listing; Healthcare Sector Skill Council Qualification Pack,https://nsdcindia.org/general-duty-assistant; https://hsdm.org.in/doc/qualification_packs/HSS_Q5101_v2.0.pdf,knowledge_engine.collectors.api_collector.APICollector,knowledge_engine.parsers.pdf_parser.PDFParser,ANNUAL,55,2026-07-24,2027-07-24,TRUE,Package006_Skills_and_Training,1,1,74.0,Tier 3 - other public source,No faster cadence justified by observed change rate,URL serves a PDF document
src-310,NSDC official website - National Occupational Standards and Model Curriculum listings,https://nsdcindia.org/national-occupational-standards-and-model-curriculum; https://nsdcindia.org/nos-listing/12,knowledge_engine.collectors.api_collector.APICollector,knowledge_engine.parsers.html_table_parser.HTMLTableParser,ANNUAL,55,2026-07-24,2027-07-24,TRUE,Package006_Skills_and_Training,1,1,72.0,Tier 3 - other public source,No faster cadence justified by observed change rate,HTML portal page; figures are published in tables
src-311,"NSDC/PMKVY course pages; DGT/NCVT ITI syllabus portals; PMMY official guidance; PM Vishwakarma official trade list (PIB); Sulekha/Justdial/Urban Company platform descriptions; Urban Company IPO earnings disclosures (Outlook Business, Indeed.com); Al Jazeera investigative report on Urban Company gig economics; India Construction Industry Report 2025 (Businesswire/ResearchAndMarkets); Knight Frank Skilled Employment in Construction report; RO Care India company materials",https://nsdcindia.org/plumber-general ; https://www.cstaricalcutta.gov.in/images/CTS%20Plumber_CTS_NSQF-4.pdf ; https://www.mudra.org.in/FAQ ; https://www.pib.gov.in/PressReleaseIframePage.aspx?PRID=1987716 ; https://www.brineweb.com/blog/urbanclap-business-model-how-urban-company-works-and-makes-money ; https://en.wikipedia.org/wiki/Sulekha ; https://en.wikipedia.org/wiki/Justdial ; https://www.outlookbusiness.com/news/urban-company-gig-worker-makes-rs-26271-a-month-on-average-ceo-abhiraj-singh-bhal ; https://in.indeed.com/cmp/Urban-Company-b2f66262/salaries/Plumber ; https://www.aljazeera.com/economy/2024/3/1/how-indias-urban-company-has-soured-gig-work-for-women ; https://www.businesswire.com/news/home/20251118406333/en/ ; https://content.knightfrank.com/research/2729/documents/en/skilled-employment-in-construction-sector-in-india-2023-10450.pdf ; https://www.rocareindia.com/,knowledge_engine.collectors.api_collector.APICollector,knowledge_engine.parsers.html_table_parser.HTMLTableParser,QUARTERLY,55,2026-07-23,2026-10-22,TRUE,Package004_Industries,1,1,74.0,Tier 3 - other public source,Scheme parameters change with budget cycles and notifications,HTML portal page; figures are published in tables
src-312,"NSDC official website (nsdcindia.org/training-partner-0, nsdcindia.org/partners); Wikipedia profile of National Skill Development Corporation",https://nsdcindia.org/training-partner-0; https://nsdcindia.org/partners; https://en.wikipedia.org/wiki/National_Skill_Development_Corporation,knowledge_engine.collectors.api_collector.APICollector,knowledge_engine.parsers.html_table_parser.HTMLTableParser,ANNUAL,55,2026-07-24,2027-07-24,TRUE,Package006_Skills_and_Training,1,1,75.0,Tier 3 - other public source,No faster cadence justified by observed change rate,HTML portal page; figures are published in tables
src-313,"PMEGP/KVIC project-profile case summary; NSDC PMKVY course page; DGT/NCVT ITI syllabus; APSSDC course listing; Ador Welding company materials; peer-reviewed occupational-health studies on Indian welders (PMC); CNC/laser-cutting service providers (Fast Cutting India, Weldarc India, Cyclotron Industries)",https://nsdcindia.org/welding-and-quality-technician ; https://www.kviconline.gov.in/pmegp/pmegpweb/docs/commonprojectprofile/ ; http://jobskills.apssdc.in/sdc/ ; https://adorwelding.com/who-we-are/ ; https://pmc.ncbi.nlm.nih.gov/articles/PMC4083517/ ; https://pmc.ncbi.nlm.nih.gov/articles/PMC5137558/ ; https://fastcuttingindia.com/ ; https://weldarcindia.com/ ; https://cyclotronindustries.com/laser-cutting-services-in-india/,knowledge_engine.collectors.api_collector.APICollector,knowledge_engine.parsers.html_table_parser.HTMLTableParser,QUARTERLY,55,2026-07-23,2026-10-22,TRUE,Package004_Industries,1,1,74.0,Tier 3 - other public source,Scheme parameters change with budget cycles and notifications,HTML portal page; figures are published in tables
src-314,WebSearch aggregation (secondary/portal cross-check; official site inaccessible via WebFetch this session),https://nsktu.ac.in/; https://en.wikipedia.org/wiki/National_Sanskrit_University,knowledge_engine.collectors.api_collector.APICollector,knowledge_engine.parsers.html_table_parser.HTMLTableParser,ANNUAL,75,2026-07-22,2027-07-22,TRUE,Package002_Education,1,1,62.0,Tier 2 - academic institution,No faster cadence justified by observed change rate,HTML portal page; figures are published in tables
src-315,"DGT and NSTI institutional websites (nstiwhyderabad.dgt.gov.in, nstihyderabad2.dgt.gov.in, dgt.gov.in) via search snippets",https://nstiwhyderabad.dgt.gov.in/en/about-us; https://nstihyderabad2.dgt.gov.in/en/about-us; https://dgt.gov.in/en/node/688,knowledge_engine.collectors.api_collector.APICollector,knowledge_engine.parsers.html_table_parser.HTMLTableParser,ANNUAL,85,2026-07-24,2027-07-24,TRUE,Package006_Skills_and_Training,1,1,74.0,Tier 1 - Government of India domain,No faster cadence justified by observed change rate,HTML portal page; figures are published in tables
src-316,DPIIT; ONDC,https://ondc.org/,knowledge_engine.collectors.api_collector.APICollector,knowledge_engine.parsers.html_table_parser.HTMLTableParser,SEMI_ANNUAL,55,2026-07-25,2027-01-23,TRUE,Package008_MSME,1,1,62.0,Tier 3 - other public source,Market platform coverage and participation expand continuously,HTML portal page; figures are published in tables
src-317,WebSearch,https://onlinetsmc.in/; https://onlinetsmc.in/about-us/our-history/,knowledge_engine.collectors.api_collector.APICollector,knowledge_engine.parsers.html_table_parser.HTMLTableParser,ANNUAL,55,2026-07-21,2027-07-21,TRUE,Package003_Healthcare,1,1,82.0,Tier 3 - other public source,No faster cadence justified by observed change rate,HTML portal page; figures are published in tables
src-318,WebSearch aggregation (secondary/portal cross-check; official site inaccessible via WebFetch this session),https://palamuruuniversity.ac.in/; https://mahabubnagar.telangana.gov.in/public-utility/palamuruuniversity/,knowledge_engine.collectors.api_collector.APICollector,knowledge_engine.parsers.html_table_parser.HTMLTableParser,ANNUAL,75,2026-07-22,2027-07-22,TRUE,Package002_Education,1,1,78.0,Tier 2 - academic institution,No faster cadence justified by observed change rate,HTML portal page; figures are published in tables
src-319,Ministry of Panchayati Raj,https://panchayat.gov.in/,knowledge_engine.collectors.api_collector.APICollector,knowledge_engine.parsers.html_table_parser.HTMLTableParser,ANNUAL,85,2026-07-25,2027-07-25,TRUE,Package007_Government_Schemes,1,1,70.0,Tier 1 - Government of India domain,No faster cadence justified by observed change rate,HTML portal page; figures are published in tables
src-320,WebSearch,https://pci.gov.in/en/; https://en.wikipedia.org/wiki/Pharmacy_Council_of_India,knowledge_engine.collectors.api_collector.APICollector,knowledge_engine.parsers.html_table_parser.HTMLTableParser,ANNUAL,85,2026-07-21,2027-07-21,TRUE,Package003_Healthcare,1,1,84.0,Tier 1 - Government of India domain,No faster cadence justified by observed change rate,HTML portal page; figures are published in tables
src-321,"peddapalli.telangana.gov.in; thehansindia.com (WebSearch snippets only, no direct fetch)",https://peddapalli.telangana.gov.in/public-utility-category/hospitals/ ; https://www.thehansindia.com/telangana/peddapalli-hospital-tops-in-aarogyasri-bags-multiple-awards-1063940,knowledge_engine.collectors.api_collector.APICollector,knowledge_engine.parsers.html_table_parser.HTMLTableParser,ANNUAL,85,2026-07-22,2027-07-22,TRUE,Package003_Healthcare,1,1,82.0,Tier 1 - Government of India domain,No faster cadence justified by observed change rate,HTML portal page; figures are published in tables
src-322,Official TGCHE PGECET portal cross-checked via Careerpower and Sarvgyan,https://pgecet.tgche.ac.in/,knowledge_engine.collectors.api_collector.APICollector,knowledge_engine.parsers.html_table_parser.HTMLTableParser,ANNUAL,75,2026-07-21,2027-07-21,TRUE,Package002_Education,1,1,85.0,Tier 2 - academic institution,No faster cadence justified by observed change rate,HTML portal page; figures are published in tables
src-323,WebSearch,https://pharmacycouncil.telangana.gov.in/site/aboutus; https://pci.gov.in/en/all-state-pharma-council/telangana-state-pharmacy-council/; https://www.thehansindia.com/posts/index/Telangana/2018-07-06/TS-State-Pharmacy-Council-constituted/395865,knowledge_engine.collectors.api_collector.APICollector,knowledge_engine.parsers.html_table_parser.HTMLTableParser,ANNUAL,85,2026-07-22,2027-07-22,TRUE,Package003_Healthcare,1,1,86.0,Tier 1 - Government of India domain,No faster cadence justified by observed change rate,HTML portal page; figures are published in tables
src-324,Ministry of Agriculture,https://pib.gov.in/,knowledge_engine.collectors.api_collector.APICollector,knowledge_engine.parsers.html_table_parser.HTMLTableParser,ANNUAL,85,2026-07-24,2027-07-24,TRUE,Package005_Agriculture,3,5,72.4,Tier 1 - Government of India domain,No faster cadence justified by observed change rate,HTML portal page; figures are published in tables
src-325,PMAY-U portal; Ministry of Housing and Urban Affairs,https://pmay-urban.gov.in/,knowledge_engine.collectors.api_collector.APICollector,knowledge_engine.parsers.html_table_parser.HTMLTableParser,QUARTERLY,85,2026-07-25,2026-10-24,TRUE,Package007_Government_Schemes,1,1,74.0,Tier 1 - Government of India domain,Scheme parameters change with budget cycles and notifications,HTML portal page; figures are published in tables
src-326,PMAY-G portal; Ministry of Rural Development,https://pmayg.nic.in/,knowledge_engine.collectors.api_collector.APICollector,knowledge_engine.parsers.html_table_parser.HTMLTableParser,QUARTERLY,85,2026-07-25,2026-10-24,TRUE,Package007_Government_Schemes,1,1,75.0,Tier 1 - Government of India domain,Scheme parameters change with budget cycles and notifications,HTML portal page; figures are published in tables
src-327,Ministry of Agriculture,https://pmfby.gov.in/,knowledge_engine.collectors.api_collector.APICollector,knowledge_engine.parsers.html_table_parser.HTMLTableParser,QUARTERLY,85,2026-07-25,2026-10-24,TRUE,Package005_Agriculture;Package007_Government_Schemes,2,2,75.5,Tier 1 - Government of India domain,Scheme parameters change with budget cycles and notifications,HTML portal page; figures are published in tables
src-328,PMFME portal; Ministry of Food Processing Industries,https://pmfme.mofpi.gov.in/,knowledge_engine.collectors.api_collector.APICollector,knowledge_engine.parsers.html_table_parser.HTMLTableParser,QUARTERLY,85,2026-07-25,2026-10-24,TRUE,Package007_Government_Schemes,1,1,73.0,Tier 1 - Government of India domain,Scheme parameters change with budget cycles and notifications,HTML portal page; figures are published in tables
src-329,National Health Authority; PM-JAY portal,https://pmjay.gov.in/,knowledge_engine.collectors.api_collector.APICollector,knowledge_engine.parsers.html_table_parser.HTMLTableParser,QUARTERLY,85,2026-07-25,2026-10-24,TRUE,Package007_Government_Schemes,1,1,77.0,Tier 1 - Government of India domain,Scheme parameters change with budget cycles and notifications,HTML portal page; figures are published in tables
src-330,PMJDY scheme portal; Department of Financial Services,https://pmjdy.gov.in/,knowledge_engine.collectors.api_collector.APICollector,knowledge_engine.parsers.html_table_parser.HTMLTableParser,ANNUAL,85,2026-07-25,2027-07-25,TRUE,Package007_Government_Schemes,1,1,78.0,Tier 1 - Government of India domain,No faster cadence justified by observed change rate,HTML portal page; figures are published in tables
src-331,Ministry of Agriculture,https://pmkisan.gov.in/,knowledge_engine.collectors.api_collector.APICollector,knowledge_engine.parsers.html_table_parser.HTMLTableParser,QUARTERLY,85,2026-07-25,2026-10-24,TRUE,Package005_Agriculture;Package007_Government_Schemes,2,2,78.0,Tier 1 - Government of India domain,Scheme parameters change with budget cycles and notifications,HTML portal page; figures are published in tables
src-332,Ministry of Jal Shakti,https://pmksy.gov.in/,knowledge_engine.collectors.api_collector.APICollector,knowledge_engine.parsers.html_table_parser.HTMLTableParser,ANNUAL,85,2026-07-25,2027-07-25,TRUE,Package005_Agriculture;Package007_Government_Schemes,3,3,72.7,Tier 1 - Government of India domain,No faster cadence justified by observed change rate,HTML portal page; figures are published in tables
src-333,PM-KUSUM portal; Ministry of New and Renewable Energy,https://pmkusum.mnre.gov.in/,knowledge_engine.collectors.api_collector.APICollector,knowledge_engine.parsers.html_table_parser.HTMLTableParser,ANNUAL,85,2026-07-25,2027-07-25,TRUE,Package007_Government_Schemes,1,1,72.0,Tier 1 - Government of India domain,No faster cadence justified by observed change rate,HTML portal page; figures are published in tables
src-334,PMMVY portal; Ministry of Women and Child Development,https://pmmvy.wcd.gov.in/,knowledge_engine.collectors.api_collector.APICollector,knowledge_engine.parsers.html_table_parser.HTMLTableParser,ANNUAL,85,2026-07-25,2027-07-25,TRUE,Package007_Government_Schemes,1,1,73.0,Tier 1 - Government of India domain,No faster cadence justified by observed change rate,HTML portal page; figures are published in tables
src-335,PM POSHAN portal; Ministry of Education,https://pmposhan.education.gov.in/,knowledge_engine.collectors.api_collector.APICollector,knowledge_engine.parsers.html_table_parser.HTMLTableParser,ANNUAL,85,2026-07-25,2027-07-25,TRUE,Package007_Government_Schemes,1,1,74.0,Tier 1 - Government of India domain,No faster cadence justified by observed change rate,HTML portal page; figures are published in tables
src-336,PM Surya Ghar portal; Ministry of New and Renewable Energy,https://pmsuryaghar.gov.in/,knowledge_engine.collectors.api_collector.APICollector,knowledge_engine.parsers.html_table_parser.HTMLTableParser,ANNUAL,85,2026-07-25,2027-07-25,TRUE,Package007_Government_Schemes,1,1,71.0,Tier 1 - Government of India domain,No faster cadence justified by observed change rate,HTML portal page; figures are published in tables
src-337,PM Vishwakarma portal,https://pmvishwakarma.gov.in/,knowledge_engine.collectors.api_collector.APICollector,knowledge_engine.parsers.html_table_parser.HTMLTableParser,QUARTERLY,85,2026-07-25,2026-10-24,TRUE,Package007_Government_Schemes,1,1,73.0,Tier 1 - Government of India domain,Scheme parameters change with budget cycles and notifications,HTML portal page; figures are published in tables
src-338,Official SBTET Telangana POLYCET portal cross-checked via Sakshi Education and Collegedunia,https://polycet.sbtet.telangana.gov.in/,knowledge_engine.collectors.api_collector.APICollector,knowledge_engine.parsers.html_table_parser.HTMLTableParser,ANNUAL,85,2026-07-21,2027-07-21,TRUE,Package002_Education,1,1,86.0,Tier 1 - Government of India domain,No faster cadence justified by observed change rate,HTML portal page; figures are published in tables
src-339,Aggregator search snippets; institution group website,https://prathimaeducation.org/ ; https://careermarg.com/college/prathima-institute-of-medical-sciences,knowledge_engine.collectors.api_collector.APICollector,knowledge_engine.parsers.html_table_parser.HTMLTableParser,ANNUAL,55,2026-07-22,2027-07-22,TRUE,Package003_Healthcare,1,1,88.0,Tier 3 - other public source,No faster cadence justified by observed change rate,HTML portal page; figures are published in tables
src-340,Siemens official press release on India skill-upgradation initiatives,https://press.siemens.com/in/en/pressrelease/siemens-drive-skill-gradation-across-industries-india,knowledge_engine.collectors.api_collector.APICollector,knowledge_engine.parsers.html_table_parser.HTMLTableParser,ANNUAL,55,2026-07-24,2027-07-24,TRUE,Package006_Skills_and_Training,1,1,58.0,Tier 3 - other public source,No faster cadence justified by observed change rate,HTML portal page; figures are published in tables
src-341,Spoken Tutorial official process/verification pages,https://process.spoken-tutorial.org/index.php/Software-Training; https://spoken-tutorial.org/training/verify-ilwtest-certificate/,knowledge_engine.collectors.api_collector.APICollector,knowledge_engine.parsers.html_table_parser.HTMLTableParser,ANNUAL,55,2026-07-24,2027-07-24,TRUE,Package006_Skills_and_Training,1,1,66.0,Tier 3 - other public source,No faster cadence justified by observed change rate,HTML portal page; figures are published in tables
src-342,"WebSearch (secondary aggregation of government/NASSCOM sources, industry AI-adoption and market reports, freelance-marketplace/gig-economy data, and portal blogs); direct WebFetch to .gov.in domains blocked by session egress policy",https://programs.t-hub.co/rubrix-cohort-4/ | https://wehub.telangana.gov.in/ | https://www.futureskillsprime.in/,knowledge_engine.collectors.api_collector.APICollector,knowledge_engine.parsers.html_table_parser.HTMLTableParser,ANNUAL,55,2026-07-23,2027-07-23,TRUE,Package004_Industries,1,1,78.0,Tier 3 - other public source,No faster cadence justified by observed change rate,HTML portal page; figures are published in tables
src-343,"WebSearch (secondary aggregation of government/NASSCOM sources, industry AI-adoption and market reports, freelance-marketplace/gig-economy data, and portal blogs); direct WebFetch to .gov.in domains blocked by session egress policy",https://programs.t-hub.co/rubrix-cohort-4/ | https://www.futureskillsprime.in/ | https://it.telangana.gov.in/initiatives/task/ | https://azure.microsoft.com/en-us/products/copilot,knowledge_engine.collectors.api_collector.APICollector,knowledge_engine.parsers.html_table_parser.HTMLTableParser,ANNUAL,55,2026-07-23,2027-07-23,TRUE,Package004_Industries,1,1,79.0,Tier 3 - other public source,No faster cadence justified by observed change rate,HTML portal page; figures are published in tables
src-344,"WebSearch (secondary aggregation of government/NASSCOM sources, industry AI-adoption and market reports, freelance-marketplace/gig-economy data, and portal blogs); direct WebFetch to .gov.in domains blocked by session egress policy",https://programs.t-hub.co/rubrix-cohort-4/ | https://www.skillindiadigital.gov.in/free-online-courses/ | https://www.futureskillsprime.in/ | https://tracxn.com/d/explore/cybersecurity-startups-in-hyderabad-india/,knowledge_engine.collectors.api_collector.APICollector,knowledge_engine.parsers.html_table_parser.HTMLTableParser,ANNUAL,55,2026-07-23,2027-07-23,TRUE,Package004_Industries,1,1,78.0,Tier 3 - other public source,No faster cadence justified by observed change rate,HTML portal page; figures are published in tables
src-345,IT-ITeS Sector Skill Council (NASSCOM) Technical Support Executive/Engineer Qualification Packs; MeitY-cleared cloud computing Qualification Packs referenced in IT-ITeS SSC emerging-technology offerings,https://pursuite-production.s3.amazonaws.com/media/courseware/facilitator_guide/56489NASSCOM_Technical%20Support%20Engineer_FG.pdf; https://pursuite-production.s3.amazonaws.com/media/qp_nsqffiles/IT-ITeS_Q8303_Cloud_Application_Developer_Final.pdf; https://udyogvikas.com/wp-content/uploads/2025/02/QP_Technical-Support-Executive.pdf,knowledge_engine.collectors.api_collector.APICollector,knowledge_engine.parsers.pdf_parser.PDFParser,ANNUAL,55,2026-07-24,2027-07-24,TRUE,Package006_Skills_and_Training,1,1,58.0,Tier 3 - other public source,Annual industry reporting cycle,URL serves a PDF document
src-346,IT-ITeS Sector Skill Council (NASSCOM) Technical Support Executive and Technical Support Engineer Qualification Packs and Participant Handbooks,https://pursuite-production.s3.amazonaws.com/media/courseware/handbook/48989SSC_Q5101_Technical%20Support%20Engineer_V2.0_PHB.pdf; https://udyogvikas.com/wp-content/uploads/2025/02/QP_Technical-Support-Executive.pdf; https://pursuite-production.s3.amazonaws.com/media/courseware/facilitator_guide/56489NASSCOM_Technical%20Support%20Engineer_FG.pdf,knowledge_engine.collectors.api_collector.APICollector,knowledge_engine.parsers.pdf_parser.PDFParser,ANNUAL,55,2026-07-24,2027-07-24,TRUE,Package006_Skills_and_Training,1,1,56.0,Tier 3 - other public source,Annual industry reporting cycle,URL serves a PDF document
src-347,WebSearch,https://rajivaarogyasri.telangana.gov.in/ASRI2.0/; https://reports.aarogyasri.telangana.gov.in/,knowledge_engine.collectors.api_collector.APICollector,knowledge_engine.parsers.html_table_parser.HTMLTableParser,ANNUAL,85,2026-07-22,2027-07-22,TRUE,Package003_Healthcare,1,1,85.0,Tier 1 - Government of India domain,No faster cadence justified by observed change rate,HTML portal page; figures are published in tables
src-348,WebSearch aggregation (secondary/portal cross-check; official site inaccessible via WebFetch this session),https://rguktong.ac.in/; https://rgukt.in/about/,knowledge_engine.collectors.api_collector.APICollector,knowledge_engine.parsers.html_table_parser.HTMLTableParser,ANNUAL,75,2026-07-22,2027-07-22,TRUE,Package002_Education,1,1,58.0,Tier 2 - academic institution,No faster cadence justified by observed change rate,HTML portal page; figures are published in tables
src-349,WebSearch aggregation (secondary/portal cross-check; official site inaccessible via WebFetch this session),https://rguktsklm.ac.in/; https://rgukt.in/about/,knowledge_engine.collectors.api_collector.APICollector,knowledge_engine.parsers.html_table_parser.HTMLTableParser,ANNUAL,75,2026-07-22,2027-07-22,TRUE,Package002_Education,1,1,58.0,Tier 2 - academic institution,No faster cadence justified by observed change rate,HTML portal page; figures are published in tables
src-350,Ministry of Agriculture,https://rkvy.nic.in/,knowledge_engine.collectors.api_collector.APICollector,knowledge_engine.parsers.html_table_parser.HTMLTableParser,ANNUAL,85,2026-07-24,2027-07-24,TRUE,Package005_Agriculture,1,1,71.0,Tier 1 - Government of India domain,No faster cadence justified by observed change rate,HTML portal page; figures are published in tables
src-351,"WebSearch aggregated (rural.gov.in press release, PIB press release, DD India feature)",https://rural.gov.in/en/press-release/implementation-rural-self-employment-training-institute; https://www.pib.gov.in/PressReleseDetailm.aspx?PRID=2082686; https://ddindia.co.in/2026/07/journeys-of-grit-pathways-of-growth-how-rural-self-employment-training-institutes-are-transforming-aspirations-into-sustainable-enterprises/,knowledge_engine.collectors.api_collector.APICollector,knowledge_engine.parsers.html_table_parser.HTMLTableParser,ANNUAL,85,2026-07-24,2027-07-24,TRUE,Package006_Skills_and_Training,1,1,76.0,Tier 1 - Government of India domain,No faster cadence justified by observed change rate,HTML portal page; figures are published in tables
src-352,Ministry of Rural Development,https://rural.nic.in/,knowledge_engine.collectors.api_collector.APICollector,knowledge_engine.parsers.html_table_parser.HTMLTableParser,ANNUAL,85,2026-07-25,2027-07-25,TRUE,Package007_Government_Schemes;Package008_MSME,3,3,73.3,Tier 1 - Government of India domain,No faster cadence justified by observed change rate,HTML portal page; figures are published in tables
src-353,Samagra Shiksha portal; Ministry of Education,https://samagra.education.gov.in/,knowledge_engine.collectors.api_collector.APICollector,knowledge_engine.parsers.html_table_parser.HTMLTableParser,ANNUAL,85,2026-07-25,2027-07-25,TRUE,Package007_Government_Schemes,1,1,73.0,Tier 1 - Government of India domain,No faster cadence justified by observed change rate,HTML portal page; figures are published in tables
src-354,Official college website; aggregator cross-check,https://santhirammedicalcollege.com/ ; https://www.themedicalcounselling.com/doctor/santhiram-medical-college-nandyal,knowledge_engine.collectors.api_collector.APICollector,knowledge_engine.parsers.html_table_parser.HTMLTableParser,ANNUAL,55,2026-07-22,2027-07-22,TRUE,Package003_Healthcare,1,1,86.0,Tier 3 - other public source,No faster cadence justified by observed change rate,HTML portal page; figures are published in tables
src-355,SCERT AP Portal / secondary news source on 2025 office relocation,https://scert.ap.gov.in/SCERT/,knowledge_engine.collectors.api_collector.APICollector,knowledge_engine.parsers.html_table_parser.HTMLTableParser,ANNUAL,85,2026-07-21,2027-07-21,TRUE,Package002_Education,1,1,68.0,Tier 1 - Government of India domain,No faster cadence justified by observed change rate,HTML portal page; figures are published in tables
src-356,SCERT Telangana Portal (via WebSearch cross-check),https://scert.telangana.gov.in/,knowledge_engine.collectors.api_collector.APICollector,knowledge_engine.parsers.html_table_parser.HTMLTableParser,ANNUAL,85,2026-07-21,2027-07-21,TRUE,Package002_Education,1,1,72.0,Tier 1 - Government of India domain,No faster cadence justified by observed change rate,HTML portal page; figures are published in tables
src-357,WebSearch aggregated (multiple scheme-tracker sites; original launch Sept 17 2023),https://schemesinindia.in/central/pm-vishwakarma-yojana; https://www.egovtschemes.com/pm-vishwakarma-yojana/,knowledge_engine.collectors.api_collector.APICollector,knowledge_engine.parsers.html_table_parser.HTMLTableParser,ANNUAL,55,2026-07-22,2027-07-22,TRUE,Package004_Industries,1,1,80.0,Tier 3 - other public source,No faster cadence justified by observed change rate,HTML portal page; figures are published in tables
src-358,National Scholarship Portal; Package002_Education reconciliation,https://scholarships.gov.in/,knowledge_engine.collectors.api_collector.APICollector,knowledge_engine.parsers.html_table_parser.HTMLTableParser,QUARTERLY,85,2026-07-25,2026-10-24,TRUE,Package007_Government_Schemes,4,8,74.0,Tier 1 - Government of India domain,Scheme parameters change with budget cycles and notifications,HTML portal page; figures are published in tables
src-359,Startup India Seed Fund portal,https://seedfund.startupindia.gov.in/,knowledge_engine.collectors.api_collector.APICollector,knowledge_engine.parsers.html_table_parser.HTMLTableParser,QUARTERLY,85,2026-07-25,2026-10-24,TRUE,Package007_Government_Schemes,1,1,72.0,Tier 1 - Government of India domain,Scheme parameters change with budget cycles and notifications,HTML portal page; figures are published in tables
src-360,"WebSearch aggregation: Shikshan.org, Youth4work, IndiaCollegesHub",https://shikshan.org/courses-colleges/government-polytechnic-for-women-kakinada/,knowledge_engine.collectors.api_collector.APICollector,knowledge_engine.parsers.html_table_parser.HTMLTableParser,ANNUAL,55,2026-07-24,2027-07-24,TRUE,Package006_Skills_and_Training,1,1,58.0,Tier 3 - other public source,No faster cadence justified by observed change rate,HTML portal page; figures are published in tables
src-361,Government of Telangana Horticulture/MIDH scheme page (shm.tg.nic.in); TSSOCA (Telangana State Seed & Organic Certification Authority); seednet.gov.in (Dept. of Agriculture & Farmers Welfare seed schemes portal); TradeIndia (Prince Agro Industries seed cleaning/grading plant listing); Agro Asian Industries seed-processing-plant product page; TSSDCL (Telangana State Seeds Development Corporation Ltd) official 'about' page,https://shm.tg.nic.in/Scheme.html ; https://tssoca.telangana.gov.in/indian-seed-processing-units/ ; https://seednet.gov.in/material/prog-schemes.htm ; https://www.tradeindia.com/products/seed-cleaning-and-grading-plant-6072946.html ; https://www.agroasianindustries.com/seed-processing-plant.html ; https://www.tssdcl.org/about.php ; https://www.tssdcl.telangana.gov.in/,knowledge_engine.collectors.api_collector.APICollector,knowledge_engine.parsers.html_table_parser.HTMLTableParser,ANNUAL,85,2026-07-24,2027-07-24,TRUE,Package004_Industries,1,1,56.0,Tier 1 - Government of India domain,No faster cadence justified by observed change rate,HTML portal page; figures are published in tables
src-362,Ministry of Skills,https://skillsindia.gov.in/,knowledge_engine.collectors.api_collector.APICollector,knowledge_engine.parsers.html_table_parser.HTMLTableParser,QUARTERLY,85,2026-07-24,2026-10-23,TRUE,Package005_Agriculture,1,1,64.0,Tier 1 - Government of India domain,Scheme parameters change with budget cycles and notifications,HTML portal page; figures are published in tables
src-363,Ministry of Social Justice and Empowerment,https://socialjustice.gov.in/,knowledge_engine.collectors.api_collector.APICollector,knowledge_engine.parsers.html_table_parser.HTMLTableParser,ANNUAL,85,2026-07-25,2027-07-25,TRUE,Package007_Government_Schemes,2,5,73.8,Tier 1 - Government of India domain,No faster cadence justified by observed change rate,HTML portal page; figures are published in tables
src-364,"WebSearch aggregated (Ministry of Social Justice and Empowerment PDF, Drishti IAS, Sanskriti IAS, schemesinindia.in)",https://socialjustice.gov.in/public/ckeditor/upload/43161654148172.pdf; https://www.drishtiias.com/daily-updates/daily-news-analysis/pm-daksh-scheme; https://www.sanskritiias.com/current-affairs/pm-daksh-scheme-evaluating-skill-development-outcomes-for-marginalised-communities,knowledge_engine.collectors.api_collector.APICollector,knowledge_engine.parsers.html_table_parser.HTMLTableParser,ANNUAL,85,2026-07-24,2027-07-24,TRUE,Package006_Skills_and_Training,1,1,76.0,Tier 1 - Government of India domain,No faster cadence justified by observed change rate,HTML portal page; figures are published in tables
src-365,WebSearch cross-check (socialjustice.gov.in generic pre-matric scheme description; jnanabhumi.ap.gov.in and teachersbadi.in for AP-specific application details),https://socialjustice.gov.in/schemes/23,knowledge_engine.collectors.api_collector.APICollector,knowledge_engine.parsers.html_table_parser.HTMLTableParser,ANNUAL,85,2026-07-21,2027-07-21,TRUE,Package002_Education,1,1,60.0,Tier 1 - Government of India domain,No faster cadence justified by observed change rate,HTML portal page; figures are published in tables
src-366,"WebSearch cross-check (socialjustice.gov.in, tcs.dosje.gov.in, india.gov.in listed among results; corroborated by buddy4study.com, indiascholarships.in)",https://socialjustice.gov.in/schemes/27,knowledge_engine.collectors.api_collector.APICollector,knowledge_engine.parsers.html_table_parser.HTMLTableParser,ANNUAL,85,2026-07-21,2027-07-21,TRUE,Package002_Education,1,1,80.0,Tier 1 - Government of India domain,No faster cadence justified by observed change rate,HTML portal page; figures are published in tables
src-367,"WebSearch cross-check (nosmsje.gov.in and socialjustice.gov.in listed among results; corroborated by buddy4study.com, gyandhan.com, wemakescholars.com)",https://socialjustice.gov.in/schemes/28,knowledge_engine.collectors.api_collector.APICollector,knowledge_engine.parsers.html_table_parser.HTMLTableParser,ANNUAL,85,2026-07-22,2027-07-22,TRUE,Package002_Education,1,1,86.0,Tier 1 - Government of India domain,No faster cadence justified by observed change rate,HTML portal page; figures are published in tables
src-368,"WebSearch cross-check (socialjustice.gov.in and nsfdc.nic.in listed among results; corroborated by buddy4study.com, schemesinindia.in)",https://socialjustice.gov.in/schemes/29,knowledge_engine.collectors.api_collector.APICollector,knowledge_engine.parsers.html_table_parser.HTMLTableParser,ANNUAL,85,2026-07-22,2027-07-22,TRUE,Package002_Education,1,1,88.0,Tier 1 - Government of India domain,No faster cadence justified by observed change rate,HTML portal page; figures are published in tables
src-369,Soil Health Card portal,https://soilhealth.dac.gov.in/,knowledge_engine.collectors.api_collector.APICollector,knowledge_engine.parsers.html_table_parser.HTMLTableParser,ANNUAL,85,2026-07-25,2027-07-25,TRUE,Package007_Government_Schemes,1,1,74.0,Tier 1 - Government of India domain,No faster cadence justified by observed change rate,HTML portal page; figures are published in tables
src-370,spsnellore.ap.gov.in; mbbscouncil.com (via WebSearch snippets),https://spsnellore.ap.gov.in/government-general-hospital/ ; https://spsnellore.ap.gov.in/public-utility/acsr-govt-general-hospital-nellore/,knowledge_engine.collectors.api_collector.APICollector,knowledge_engine.parsers.html_table_parser.HTMLTableParser,ANNUAL,85,2026-07-22,2027-07-22,TRUE,Package003_Healthcare,1,1,84.0,Tier 1 - Government of India domain,No faster cadence justified by observed change rate,HTML portal page; figures are published in tables
src-371,srikakulam.ap.gov.in (via WebSearch snippet),https://srikakulam.ap.gov.in/public-utility/rims-district-general-hospital-srikakulam/,knowledge_engine.collectors.api_collector.APICollector,knowledge_engine.parsers.html_table_parser.HTMLTableParser,ANNUAL,85,2026-07-22,2027-07-22,TRUE,Package003_Healthcare,1,1,87.0,Tier 1 - Government of India domain,No faster cadence justified by observed change rate,HTML portal page; figures are published in tables
src-372,WebSearch aggregation (secondary/portal cross-check; official site inaccessible via WebFetch this session),https://suh.edu.in/; https://www.collegebatch.com/19475-sreenidhi-university-in-hyderabad,knowledge_engine.collectors.api_collector.APICollector,knowledge_engine.parsers.html_table_parser.HTMLTableParser,ANNUAL,55,2026-07-22,2027-07-22,TRUE,Package002_Education,1,1,63.0,Tier 3 - other public source,No faster cadence justified by observed change rate,HTML portal page; figures are published in tables
src-373,"WebSearch aggregated (Delhi State Urban Livelihoods Mission, FICSI, ASCI, NULM training module PDF)",https://sulm.delhi.gov.in/sulm/employment-through-skills-training-placement-estp; https://www.ficsi.in/day-nulm-scheme; https://nulm.gov.in/pdf/user_manual/final_estp_training_module.pdf,knowledge_engine.collectors.api_collector.APICollector,knowledge_engine.parsers.pdf_parser.PDFParser,ANNUAL,85,2026-07-24,2027-07-24,TRUE,Package006_Skills_and_Training,1,1,78.0,Tier 1 - Government of India domain,No faster cadence justified by observed change rate,URL serves a PDF document
src-374,National Institute of Solar Energy (NISE) Suryamitra Skill Development Programme; Ministry of New and Renewable Energy (MNRE) Skill Development Programme page; NSDC Solar PV Installer (Suryamitra) listing,https://suryamitra.nise.res.in/; https://mnre.gov.in/en/skill-development-programme/; https://nsdcindia.org/solar-pv-installer-suryamitra,knowledge_engine.collectors.api_collector.APICollector,knowledge_engine.parsers.html_table_parser.HTMLTableParser,ANNUAL,55,2026-07-24,2027-07-24,TRUE,Package006_Skills_and_Training,1,1,64.0,Tier 3 - other public source,No faster cadence justified by observed change rate,HTML portal page; figures are published in tables
src-375,suryapet.telangana.gov.in (via WebSearch snippet),https://suryapet.telangana.gov.in/government-general-hospital/,knowledge_engine.collectors.api_collector.APICollector,knowledge_engine.parsers.html_table_parser.HTMLTableParser,ANNUAL,85,2026-07-22,2027-07-22,TRUE,Package003_Healthcare,1,1,88.0,Tier 1 - Government of India domain,No faster cadence justified by observed change rate,HTML portal page; figures are published in tables
src-376,Suryapet district government portal; aggregator snippets,https://suryapet.telangana.gov.in/government-medical-college/,knowledge_engine.collectors.api_collector.APICollector,knowledge_engine.parsers.html_table_parser.HTMLTableParser,ANNUAL,85,2026-07-22,2027-07-22,TRUE,Package003_Healthcare,1,1,88.0,Tier 1 - Government of India domain,No faster cadence justified by observed change rate,HTML portal page; figures are published in tables
src-377,WebSearch aggregation (secondary/portal cross-check; official site inaccessible via WebFetch this session),https://svimstpt.ap.nic.in/; https://en.wikipedia.org/wiki/Sri_Venkateswara_Institute_of_Medical_Sciences,knowledge_engine.collectors.api_collector.APICollector,knowledge_engine.parsers.html_table_parser.HTMLTableParser,ANNUAL,85,2026-07-22,2027-07-22,TRUE,Package002_Education,1,1,60.0,Tier 1 - Government of India domain,No faster cadence justified by observed change rate,HTML portal page; figures are published in tables
src-378,SWAYAM official portal; SWAYAM exam process guide,https://swayam.gov.in/about; https://www.prosyllabus.com/hub/swayam-exam-process-certification-guide,knowledge_engine.collectors.api_collector.APICollector,knowledge_engine.parsers.html_table_parser.HTMLTableParser,ANNUAL,85,2026-07-24,2027-07-24,TRUE,Package006_Skills_and_Training,1,1,74.0,Tier 1 - Government of India domain,No faster cadence justified by observed change rate,HTML portal page; figures are published in tables
src-379,Government of Telangana,https://t-hub.co/,knowledge_engine.collectors.api_collector.APICollector,knowledge_engine.parsers.html_table_parser.HTMLTableParser,ANNUAL,55,2026-07-25,2027-07-25,TRUE,Package008_MSME,1,1,70.0,Tier 3 - other public source,No faster cadence justified by observed change rate,HTML portal page; figures are published in tables
src-380,"ITI 'Pump Operator cum Mechanic' course-detail aggregator pages citing DGT/NCVT CTS structure; Kirloskar/Texmo/CRI dealer listings (IndiaMART, Motors and Motor); PM-KUSUM official scheme materials (PIB, MNRE-linked guides)",https://targetstudy.com/iti/trade/101-pump-operator-cum-mechanic/ ; https://syllabus.iti.directory/index.php/pump-operator-cum-mechanic ; https://motorsandmotor.in/ ; https://www.pib.gov.in/Pressreleaseshare.aspx?PRID=1639414&reg=48&lang=2 ; https://ornatesolar.com/blog/solar-water-pump-and-pm-kusum-yojna-2021,knowledge_engine.collectors.api_collector.APICollector,knowledge_engine.parsers.html_table_parser.HTMLTableParser,ANNUAL,55,2026-07-23,2027-07-23,TRUE,Package004_Industries,1,1,64.0,Tier 3 - other public source,No faster cadence justified by observed change rate,HTML portal page; figures are published in tables
src-381,Tea Board of India,https://teaboard.gov.in/,knowledge_engine.collectors.api_collector.APICollector,knowledge_engine.parsers.html_table_parser.HTMLTableParser,ANNUAL,85,2026-07-24,2027-07-24,TRUE,Package005_Agriculture,1,1,75.0,Tier 1 - Government of India domain,Agronomic guidance is stable between research cycles,HTML portal page; figures are published in tables
src-382,"WebSearch cross-check (studentcover.in, teachersbadi.in describing this as the BC-category successor naming after 2024 rebrand)",https://teachersbadi.in/ap-videshi-vidyadharana-scheme-overseas-vidya-nidhi-scholarship-study-bc-students/,knowledge_engine.collectors.api_collector.APICollector,knowledge_engine.parsers.html_table_parser.HTMLTableParser,ANNUAL,55,2026-07-22,2027-07-22,TRUE,Package002_Education,1,1,72.0,Tier 3 - other public source,No faster cadence justified by observed change rate,HTML portal page; figures are published in tables
src-383,"WebSearch cross-check (telanganaepass.cgg.gov.in listed among results; corroborated by teachersbadi.in, collegemanzil.com, indiascholarships.in)",https://teachersbadi.in/ts-ambedkar-overseas-vidya-nidhi-scholarship-sc-st-minority-students/,knowledge_engine.collectors.api_collector.APICollector,knowledge_engine.parsers.html_table_parser.HTMLTableParser,ANNUAL,55,2026-07-22,2027-07-22,TRUE,Package002_Education,1,1,73.0,Tier 3 - other public source,No faster cadence justified by observed change rate,HTML portal page; figures are published in tables
src-384,WebSearch cross-check (telanganaepass.cgg.gov.in referenced; corroborated by teachersbadi.in listing of the three TG overseas schemes by name),https://teachersbadi.in/ts-overseas-scholarships-online-application-form-sc-st-bc-minority-students-overseas-vidya-nidhi-chief-ministers-mahatma-jyothiba-phule/,knowledge_engine.collectors.api_collector.APICollector,knowledge_engine.parsers.html_table_parser.HTMLTableParser,QUARTERLY,55,2026-07-22,2026-10-21,TRUE,Package002_Education,1,1,70.0,Tier 3 - other public source,Scheme parameters change with budget cycles and notifications,HTML portal page; figures are published in tables
src-385,"WebSearch cross-check (telanganaepass.cgg.gov.in listed among results; corroborated by teachersbadi.in, buddy4study.com, leverageedu.com)",https://telanganaepass.cgg.gov.in/,knowledge_engine.collectors.api_collector.APICollector,knowledge_engine.parsers.html_table_parser.HTMLTableParser,ANNUAL,85,2026-07-22,2027-07-22,TRUE,Package002_Education,1,2,72.0,Tier 1 - Government of India domain,No faster cadence justified by observed change rate,HTML portal page; figures are published in tables
src-386,"RESOLVED in RC2 enrichment: official GATE 2027 notification released by IIT Madras on 20 July 2026 at gate2027.iitm.ac.in, cross-checked via Testbook and PW Live news coverage of the same notification",https://testbook.com/news/gate-2027-official-website/,knowledge_engine.collectors.api_collector.APICollector,knowledge_engine.parsers.html_table_parser.HTMLTableParser,ANNUAL,55,2026-07-22,2027-07-22,TRUE,Package002_Education,1,1,80.0,Tier 3 - other public source,No faster cadence justified by observed change rate,HTML portal page; figures are published in tables
src-387,Ministry of Textiles,https://texmin.nic.in/,knowledge_engine.collectors.api_collector.APICollector,knowledge_engine.parsers.html_table_parser.HTMLTableParser,ANNUAL,85,2026-07-25,2027-07-25,TRUE,Package008_MSME,3,7,68.7,Tier 1 - Government of India domain,No faster cadence justified by observed change rate,HTML portal page; figures are published in tables
src-388,TSCHE Official Website (History page),https://tgche.ac.in/history/,knowledge_engine.collectors.api_collector.APICollector,knowledge_engine.parsers.html_table_parser.HTMLTableParser,ANNUAL,75,2026-07-22,2027-07-22,TRUE,Package002_Education,1,1,78.0,Tier 2 - academic institution,No faster cadence justified by observed change rate,HTML portal page; figures are published in tables
src-389,"Aggregator search snippets (thecareerassistance.com, getmyuniversity.com)",https://thecareerassistance.com/konaseema-institute-of-medical-sciences-and-research-foundation-amalapuram/,knowledge_engine.collectors.api_collector.APICollector,knowledge_engine.parsers.html_table_parser.HTMLTableParser,ANNUAL,55,2026-07-22,2027-07-22,TRUE,Package003_Healthcare,1,1,84.0,Tier 3 - other public source,No faster cadence justified by observed change rate,HTML portal page; figures are published in tables
src-390,Third-party certification cost aggregators referencing AWS/Pearson VUE pricing,https://thisisanitsupportgroup.com/blog/aws-cloud-practitioner-certification-cost-complete-guide/; https://certpath.dev/blog/how-much-does-aws-cloud-practitioner-cost,knowledge_engine.collectors.api_collector.APICollector,knowledge_engine.parsers.html_table_parser.HTMLTableParser,ANNUAL,55,2026-07-24,2027-07-24,TRUE,Package006_Skills_and_Training,1,1,56.0,Tier 3 - other public source,No faster cadence justified by observed change rate,HTML portal page; figures are published in tables
src-391,APSSDC official/district government page; National Skills Network article on APSSDC-NSDA NSQF workshop,https://tirupati.ap.gov.in/apssdc/; https://nationalskillsnetwork.in/apssdc-nsda-workshop/,knowledge_engine.collectors.api_collector.APICollector,knowledge_engine.parsers.html_table_parser.HTMLTableParser,ANNUAL,85,2026-07-24,2027-07-24,TRUE,Package006_Skills_and_Training,1,1,58.0,Tier 1 - Government of India domain,No faster cadence justified by observed change rate,HTML portal page; figures are published in tables
src-392,Tobacco Board of India,https://tobaccoboard.gov.in/,knowledge_engine.collectors.api_collector.APICollector,knowledge_engine.parsers.html_table_parser.HTMLTableParser,ANNUAL,85,2026-07-24,2027-07-24,TRUE,Package005_Agriculture,1,1,72.0,Tier 1 - Government of India domain,No faster cadence justified by observed change rate,HTML portal page; figures are published in tables
src-393,Ministry of Tourism,https://tourism.gov.in/,knowledge_engine.collectors.api_collector.APICollector,knowledge_engine.parsers.html_table_parser.HTMLTableParser,ANNUAL,85,2026-07-25,2027-07-25,TRUE,Package008_MSME,2,2,68.0,Tier 1 - Government of India domain,No faster cadence justified by observed change rate,HTML portal page; figures are published in tables
src-394,WebSearch aggregation of state tourism department announcements and news coverage; WebSearch aggregation of Telangana rural-tourism-project sources (2026-07-24 pass),https://tourism.telangana.gov.in/storage/app/media/HOMESTAY%20GUDELINES.pdf; https://www.travelandtourworld.com/news/article/telangana-government-launches-game-changing-homestay-scheme-to-promote-authentic-regional-stays-boost-rural-tourism-and-provide-unforgettable-local-experiences/; https://www.yovizag.com/visakhapatnam-locals-can-now-register-their-homes-as-homestays-tourism-dept/; https://www.telangana360.com/2024/02/telangana-tourism.html; https://warangal.telangana.gov.in/accommodation/; https://www.telangana360.com/2024/03/adilabad-district.html,knowledge_engine.collectors.api_collector.APICollector,knowledge_engine.parsers.html_table_parser.HTMLTableParser,ANNUAL,85,2026-07-22; 2026-07-24 (v2 enrichment),PENDING_VERIFICATION,TRUE,Package004_Industries,1,1,85.0,Tier 1 - Government of India domain,No faster cadence justified by observed change rate,HTML portal page; figures are published in tables
src-395,Ministry of Tribal Affairs,https://tribal.nic.in/,knowledge_engine.collectors.api_collector.APICollector,knowledge_engine.parsers.html_table_parser.HTMLTableParser,ANNUAL,85,2026-07-25,2027-07-25,TRUE,Package007_Government_Schemes,1,1,76.0,Tier 1 - Government of India domain,No faster cadence justified by observed change rate,HTML portal page; figures are published in tables
src-396,"WebSearch cross-check (tribal.nic.in and pib.gov.in listed among results; corroborated by galaxyeduworld.com, scholarshipsinindia.com)",https://tribal.nic.in/topclass/,knowledge_engine.collectors.api_collector.APICollector,knowledge_engine.parsers.html_table_parser.HTMLTableParser,ANNUAL,85,2026-07-21,2027-07-21,TRUE,Package002_Education,1,1,76.0,Tier 1 - Government of India domain,No faster cadence justified by observed change rate,HTML portal page; figures are published in tables
src-397,TRIFED; Ministry of Tribal Affairs; State Forest Departments,https://trifed.tribal.gov.in/,knowledge_engine.collectors.api_collector.APICollector,knowledge_engine.parsers.html_table_parser.HTMLTableParser,ANNUAL,85,2026-07-24,2027-07-24,TRUE,Package005_Agriculture,1,1,66.0,Tier 1 - Government of India domain,No faster cadence justified by observed change rate,HTML portal page; figures are published in tables
src-398,State revenue departments; MeeSeva,https://ts.meeseva.telangana.gov.in/,knowledge_engine.collectors.api_collector.APICollector,knowledge_engine.parsers.html_table_parser.HTMLTableParser,ANNUAL,85,2026-07-25,2027-07-25,TRUE,Package007_Government_Schemes,2,4,71.5,Tier 1 - Government of India domain,No faster cadence justified by observed change rate,HTML portal page; figures are published in tables
src-399,TSBIE Official Website (via WebSearch cross-check),https://tsbie.cgg.gov.in/home.do,knowledge_engine.collectors.api_collector.APICollector,knowledge_engine.parsers.html_table_parser.HTMLTableParser,ANNUAL,85,2026-07-21,2027-07-21,TRUE,Package002_Education,1,1,75.0,Tier 1 - Government of India domain,No faster cadence justified by observed change rate,HTML portal page; figures are published in tables
src-400,"Ministry of Micro, Small and Medium Enterprises",https://udyamregistration.gov.in/,knowledge_engine.collectors.api_collector.APICollector,knowledge_engine.parsers.html_table_parser.HTMLTableParser,SEMI_ANNUAL,85,2026-07-25,2027-01-23,TRUE,Package007_Government_Schemes;Package008_MSME,2,2,77.0,Tier 1 - Government of India domain,Compliance thresholds and product lists are revised periodically,HTML portal page; figures are published in tables
src-401,Official NTA UGC-NET portal,https://ugcnet.nta.nic.in/,knowledge_engine.collectors.api_collector.APICollector,knowledge_engine.parsers.html_table_parser.HTMLTableParser,ANNUAL,85,2026-07-21,2027-07-21,TRUE,Package002_Education,1,1,90.0,Tier 1 - Government of India domain,No faster cadence justified by observed change rate,HTML portal page; figures are published in tables
src-402,UIDAI,https://uidai.gov.in/,knowledge_engine.collectors.api_collector.APICollector,knowledge_engine.parsers.html_table_parser.HTMLTableParser,ANNUAL,85,2026-07-25,2027-07-25,TRUE,Package007_Government_Schemes,1,1,78.0,Tier 1 - Government of India domain,No faster cadence justified by observed change rate,HTML portal page; figures are published in tables
src-403,WebSearch aggregation (secondary/portal cross-check; official site inaccessible via WebFetch this session),https://uohyd.ac.in/; https://www.shiksha.com/articles/university-of-hyderabad-ranking-2024-nirf-qs-world-university-rankings-us-news-the-week-blogId-153549,knowledge_engine.collectors.api_collector.APICollector,knowledge_engine.parsers.html_table_parser.HTMLTableParser,ANNUAL,75,2026-07-22,2027-07-22,TRUE,Package002_Education,1,1,82.0,Tier 2 - academic institution,No faster cadence justified by observed change rate,HTML portal page; figures are published in tables
src-404,"WebSearch aggregated (Vajiram & Ravi, BankBazaar, National Skills Network, Indian Bank)",https://vajiramandravi.com/current-affairs/skill-loan-scheme/; https://www.bankbazaar.com/education-loan/skill-loan-scheme.html; https://nationalskillsnetwork.in/how-to-apply-for-a-skill-loan-to-enroll-in-skill-development-courses/,knowledge_engine.collectors.api_collector.APICollector,knowledge_engine.parsers.html_table_parser.HTMLTableParser,ANNUAL,55,2026-07-24,2027-07-24,TRUE,Package006_Skills_and_Training,1,1,64.0,Tier 3 - other public source,No faster cadence justified by observed change rate,HTML portal page; figures are published in tables
src-405,WebSearch,https://vvp.telangana.gov.in/; https://en.wikipedia.org/wiki/Telangana_Vaidya_Vidhana_Parishad,knowledge_engine.collectors.api_collector.APICollector,knowledge_engine.parsers.html_table_parser.HTMLTableParser,ANNUAL,85,2026-07-21,2027-07-21,TRUE,Package003_Healthcare,1,1,82.0,Tier 1 - Government of India domain,No faster cadence justified by observed change rate,HTML portal page; figures are published in tables
src-406,"wanaparthy.telangana.gov.in; medicalneetug.com; edufever.com (WebSearch snippets only, no direct fetch)",https://wanaparthy.telangana.gov.in/government-general-hospital/ ; https://medicalneetug.com/college/government-medical-college-wanaparthy,knowledge_engine.collectors.api_collector.APICollector,knowledge_engine.parsers.html_table_parser.HTMLTableParser,ANNUAL,85,2026-07-22,2027-07-22,TRUE,Package003_Healthcare,1,1,80.0,Tier 1 - Government of India domain,No faster cadence justified by observed change rate,HTML portal page; figures are published in tables
src-407,Wanaparthy district government portal; aggregator snippets,https://wanaparthy.telangana.gov.in/government-medical-college/,knowledge_engine.collectors.api_collector.APICollector,knowledge_engine.parsers.html_table_parser.HTMLTableParser,ANNUAL,85,2026-07-22,2027-07-22,TRUE,Package003_Healthcare,1,1,88.0,Tier 1 - Government of India domain,No faster cadence justified by observed change rate,HTML portal page; figures are published in tables
src-408,Ministry of Women and Child Development,https://wcd.gov.in/,knowledge_engine.collectors.api_collector.APICollector,knowledge_engine.parsers.html_table_parser.HTMLTableParser,ANNUAL,85,2026-07-25,2027-07-25,TRUE,Package007_Government_Schemes,1,1,75.0,Tier 1 - Government of India domain,No faster cadence justified by observed change rate,HTML portal page; figures are published in tables
src-409,Government of Telangana,https://wehub.telangana.gov.in/,knowledge_engine.collectors.api_collector.APICollector,knowledge_engine.parsers.html_table_parser.HTMLTableParser,ANNUAL,85,2026-07-25,2027-07-25,TRUE,Package008_MSME,1,1,70.0,Tier 1 - Government of India domain,No faster cadence justified by observed change rate,HTML portal page; figures are published in tables
src-410,"WebSearch (secondary aggregation of government/NASSCOM sources, industry AI-adoption and market reports, freelance-marketplace/gig-economy data, and portal blogs); direct WebFetch to .gov.in domains blocked by session egress policy",https://wehub.telangana.gov.in/ | https://www.skillindiadigital.gov.in/free-online-courses/,knowledge_engine.collectors.api_collector.APICollector,knowledge_engine.parsers.html_table_parser.HTMLTableParser,ANNUAL,85,2026-07-23,2027-07-23,TRUE,Package004_Industries,1,1,70.0,Tier 1 - Government of India domain,No faster cadence justified by observed change rate,HTML portal page; figures are published in tables
src-411,"WebSearch (secondary aggregation of government/NASSCOM sources, industry AI-adoption and market reports, freelance-marketplace/gig-economy data, and portal blogs); direct WebFetch to .gov.in domains blocked by session egress policy",https://wehub.telangana.gov.in/ | https://www.skillindiadigital.gov.in/free-online-courses/ | https://community.nasscom.in/communities/sales-marketing/leveraging-ai-digital-marketing | https://rakeshranks.com/,knowledge_engine.collectors.api_collector.APICollector,knowledge_engine.parsers.html_table_parser.HTMLTableParser,ANNUAL,85,2026-07-23,2027-07-23,TRUE,Package004_Industries,1,1,73.0,Tier 1 - Government of India domain,Annual industry reporting cycle,HTML portal page; figures are published in tables
src-412,"WebSearch aggregated (WE-HUB official site, KP IAS Academy, News on Air)",https://wehub.telangana.gov.in/; https://www.newsonair.gov.in/telangana-launches-ramp-programme-to-boost-45-women-led-msmes-with-world-bank-support,knowledge_engine.collectors.api_collector.APICollector,knowledge_engine.parsers.html_table_parser.HTMLTableParser,ANNUAL,85,2026-07-22,2027-07-22,TRUE,Package004_Industries,1,1,82.0,Tier 1 - Government of India domain,No faster cadence justified by observed change rate,HTML portal page; figures are published in tables
src-413,westgodavari.ap.gov.in (via WebSearch snippet),https://westgodavari.ap.gov.in/ap-vaidhya-vidhana-parishaddchs/,knowledge_engine.collectors.api_collector.APICollector,knowledge_engine.parsers.html_table_parser.HTMLTableParser,ANNUAL,85,2026-07-22,2027-07-22,TRUE,Package003_Healthcare,1,4,84.2,Tier 1 - Government of India domain,No faster cadence justified by observed change rate,HTML portal page; figures are published in tables
src-414,westgodavari.ap.gov.in; Mappls; ayushmancardhospitals.com (via WebSearch snippets),https://westgodavari.ap.gov.in/public-utility-category/hospitals/,knowledge_engine.collectors.api_collector.APICollector,knowledge_engine.parsers.html_table_parser.HTMLTableParser,ANNUAL,85,2026-07-22,2027-07-22,TRUE,Package003_Healthcare,1,1,88.0,Tier 1 - Government of India domain,No faster cadence justified by observed change rate,HTML portal page; figures are published in tables
src-415,WebSearch aggregation summarizing secondary/aggregator sources; several aggregator sites still reference the pre-2024 trust name,https://www.adityabirlacapital.com/abc-of-money/employee-health-scheme-government-andhra-pradesh ; https://www.acko.com/health-insurance/employee-health-scheme-government-andhra-pradesh/ ; https://ehs.ap.gov.in/ ; https://www.bajajfinserv.in/insurance/employee-health-scheme-government-andhra-pradesh,knowledge_engine.collectors.api_collector.APICollector,knowledge_engine.parsers.html_table_parser.HTMLTableParser,ANNUAL,55,2026-07-22,2027-07-22,TRUE,Package003_Healthcare,1,1,85.0,Tier 3 - other public source,No faster cadence justified by observed change rate,HTML portal page; figures are published in tables
src-416,Ministry of Agriculture,https://www.agricoop.nic.in,knowledge_engine.collectors.api_collector.APICollector,knowledge_engine.parsers.html_table_parser.HTMLTableParser,ANNUAL,85,2026-07-24,2027-07-24,TRUE,Package006_Skills_and_Training,1,2,66.5,Tier 1 - Government of India domain,No faster cadence justified by observed change rate,HTML portal page; figures are published in tables
src-417,AICTE Official Website,https://www.aicte-india.org/about-us/history,knowledge_engine.collectors.api_collector.APICollector,knowledge_engine.parsers.html_table_parser.HTMLTableParser,ANNUAL,55,2026-07-22,2027-07-22,TRUE,Package002_Education,1,1,88.0,Tier 3 - other public source,No faster cadence justified by observed change rate,HTML portal page; figures are published in tables
src-418,AICTE official SWAYAM bureau page; SWAYAM official website,https://www.aicte-india.org/bureaus/swayam; https://swayam.gov.in/,knowledge_engine.collectors.api_collector.APICollector,knowledge_engine.parsers.html_table_parser.HTMLTableParser,ANNUAL,55,2026-07-24,2027-07-24,TRUE,Package006_Skills_and_Training,1,1,78.0,Tier 3 - other public source,No faster cadence justified by observed change rate,HTML portal page; figures are published in tables
src-419,Official college website (aiimsmangalagiri.edu.in); aggregator cross-check,https://www.aiimsmangalagiri.edu.in/ ; https://bodmaseducation.com/aiims-mangalagiri ; https://www.aiimsmangalagiri.edu.in/wp-content/uploads/2025/07/MBBS-Prospectus-2025-26.pdf,knowledge_engine.collectors.api_collector.APICollector,knowledge_engine.parsers.pdf_parser.PDFParser,ANNUAL,55,2026-07-22,2027-07-22,TRUE,Package003_Healthcare,1,1,85.0,Tier 3 - other public source,No faster cadence justified by observed change rate,URL serves a PDF document
src-420,Generic PMFME/AP Food Processing Policy scheme facts (see other rows); Coconut Board of India coconut-scenario article; India Stat Districts coconut production data (East Godavari); ResearchGate economic-analysis paper on West Godavari coconut cultivation; Entrepreneur India (Coco Soul/ITC D2C reporting); Svaadh Foods coconut-oil-brands comparison article,https://www.apexports.ap.gov.in/assets/gallery/AP%20Food%20Processing%20Policy%20(4.0)%20%202024-29.pdf ; https://coconutboard.in/images/Articles/coconut-scenario-AP-vasanth.pdf ; https://www.indiastatdistricts.com/andhrapradesh/eastgodavari/agriculture/coconut/data-year/2012-2021 ; https://www.researchgate.net/publication/318083202_Economic_Analysis_of_Coconut_in_West_Godavari_District_of_Andhra_Pradesh ; https://india.entrepreneur.com/news-and-trends/why-are-fmcg-giants-adding-d2c-to-its-cart/450123 ; https://svaadhfoods.com/blogs/article/coconut-oil-brands-in-india,knowledge_engine.collectors.api_collector.APICollector,knowledge_engine.parsers.html_table_parser.HTMLTableParser,ANNUAL,85,2026-07-24,2027-07-24,TRUE,Package004_Industries,1,1,58.0,Tier 1 - Government of India domain,Agronomic guidance is stable between research cycles,HTML portal page; figures are published in tables
src-421,Apprenticeship India portal; DGT,https://www.apprenticeshipindia.gov.in/,knowledge_engine.collectors.api_collector.APICollector,knowledge_engine.parsers.html_table_parser.HTMLTableParser,QUARTERLY,85,2026-07-25,2026-10-24,TRUE,Package007_Government_Schemes,1,1,75.0,Tier 1 - Government of India domain,Scheme parameters change with budget cycles and notifications,HTML portal page; figures are published in tables
src-422,APSSDC official website (via search snippet); Government of Andhra Pradesh district portal (tirupati.ap.gov.in/apssdc); India.gov.in National Portal service listing,https://www.apssdc.in/home/; https://tirupati.ap.gov.in/apssdc/; https://services.india.gov.in/service/detail/apssdc-registration-for-skill-training-and-placement-in-andhra-pradesh,knowledge_engine.collectors.api_collector.APICollector,knowledge_engine.parsers.html_table_parser.HTMLTableParser,QUARTERLY,55,2026-07-24,2026-10-23,TRUE,Package006_Skills_and_Training,1,1,71.0,Tier 3 - other public source,Scheme parameters change with budget cycles and notifications,HTML portal page; figures are published in tables
src-423,Arduino,https://www.arduino.cc,knowledge_engine.collectors.api_collector.APICollector,knowledge_engine.parsers.html_table_parser.HTMLTableParser,ANNUAL,55,2026-07-24,2027-07-24,TRUE,Package006_Skills_and_Training,1,1,68.0,Tier 3 - other public source,No faster cadence justified by observed change rate,HTML portal page; figures are published in tables
src-424,ARM,https://www.arm.com,knowledge_engine.collectors.api_collector.APICollector,knowledge_engine.parsers.html_table_parser.HTMLTableParser,ANNUAL,55,2026-07-24,2027-07-24,TRUE,Package006_Skills_and_Training,1,1,68.0,Tier 3 - other public source,No faster cadence justified by observed change rate,HTML portal page; figures are published in tables
src-425,Official college website; aggregator cross-check,https://www.asram.in/ ; https://collegedunia.com/college/10242-alluri-sitarama-raju-academy-of-medical-sciences-asram-eluru,knowledge_engine.collectors.api_collector.APICollector,knowledge_engine.parsers.html_table_parser.HTMLTableParser,ANNUAL,55,2026-07-22,2027-07-22,TRUE,Package003_Healthcare,1,1,88.0,Tier 3 - other public source,No faster cadence justified by observed change rate,HTML portal page; figures are published in tables
src-426,Autodesk,https://www.autodesk.com,knowledge_engine.collectors.api_collector.APICollector,knowledge_engine.parsers.html_table_parser.HTMLTableParser,ANNUAL,55,2026-07-24,2027-07-24,TRUE,Package006_Skills_and_Training,1,1,72.0,Tier 3 - other public source,No faster cadence justified by observed change rate,HTML portal page; figures are published in tables
src-427,"WebSearch aggregated (schemesinindia.in, Bajaj Finserv, alp.consulting, govtschemesindia.com)",https://www.bajajfinserv.in/nats-apprenticeships; https://schemesinindia.in/central/nats-national-apprenticeship-training-scheme; https://alp.consulting/nats-vs-naps-apprenticeship-scheme/,knowledge_engine.collectors.api_collector.APICollector,knowledge_engine.parsers.html_table_parser.HTMLTableParser,ANNUAL,55,2026-07-24,2027-07-24,TRUE,Package006_Skills_and_Training,1,1,72.0,Tier 3 - other public source,No faster cadence justified by observed change rate,HTML portal page; figures are published in tables
src-428,"WebSearch cross-check (bajajfinserv.in, nsphelp.in, yojanagyan.in, anantamias.com - multiple aggregators consistent)",https://www.bajajfinserv.in/prime-minister-pm-scholarship-scheme,knowledge_engine.collectors.api_collector.APICollector,knowledge_engine.parsers.html_table_parser.HTMLTableParser,ANNUAL,55,2026-07-21,2027-07-21,TRUE,Package002_Education,1,1,70.0,Tier 3 - other public source,No faster cadence justified by observed change rate,HTML portal page; figures are published in tables
src-429,"Aggregator search snippets (banodoctor.com, targetneet.com)",https://www.banodoctor.com/college/fathima-institute-of-medical-scienceskadapa-andhra-pradesh,knowledge_engine.collectors.api_collector.APICollector,knowledge_engine.parsers.html_table_parser.HTMLTableParser,ANNUAL,55,2026-07-22,2027-07-22,TRUE,Package003_Healthcare,1,1,82.0,Tier 3 - other public source,No faster cadence justified by observed change rate,HTML portal page; figures are published in tables
src-430,Bureau of Indian Standards,https://www.bis.gov.in/,knowledge_engine.collectors.api_collector.APICollector,knowledge_engine.parsers.html_table_parser.HTMLTableParser,SEMI_ANNUAL,85,2026-07-25,2027-01-23,TRUE,Package008_MSME,1,1,73.0,Tier 1 - Government of India domain,Compliance thresholds and product lists are revised periodically,HTML portal page; figures are published in tables
src-431,WebSearch aggregation (secondary/portal cross-check; official site inaccessible via WebFetch this session),"https://www.bits-pilani.ac.in/hyderabad/about-us/; https://en.wikipedia.org/wiki/Birla_Institute_of_Technology_and_Science,_Pilani_%E2%80%93_Hyderabad_Campus",knowledge_engine.collectors.api_collector.APICollector,knowledge_engine.parsers.html_table_parser.HTMLTableParser,ANNUAL,75,2026-07-22,2027-07-22,TRUE,Package002_Education,1,1,78.0,Tier 2 - academic institution,No faster cadence justified by observed change rate,HTML portal page; figures are published in tables
src-432,WebSearch aggregation: britishschooloflanguages.com and Justdial business listings referencing this PMKK,https://www.britishschooloflanguages.com/synchroserve-pradhan-mantri-kaushal-kendra-pmkk-nizamabad,knowledge_engine.collectors.api_collector.APICollector,knowledge_engine.parsers.html_table_parser.HTMLTableParser,ANNUAL,55,2026-07-24,2027-07-24,TRUE,Package006_Skills_and_Training,1,1,52.0,Tier 3 - other public source,No faster cadence justified by observed change rate,HTML portal page; figures are published in tables
src-433,"WebSearch cross-check (buddy4study.com, teachersbadi.in, schemesinindia.in, mahadevmaitri.org)",https://www.buddy4study.com/article/saksham-scholarship-scheme,knowledge_engine.collectors.api_collector.APICollector,knowledge_engine.parsers.html_table_parser.HTMLTableParser,ANNUAL,55,2026-07-22,2027-07-22,TRUE,Package002_Education,1,1,82.0,Tier 3 - other public source,No faster cadence justified by observed change rate,HTML portal page; figures are published in tables
src-434,"WebSearch cross-check (buddy4study.com, indiascholarships.in, multiple aggregators consistent on Rs 50,000 figure)",https://www.buddy4study.com/scholarship/aicte-pragati-scholarship-for-girls,knowledge_engine.collectors.api_collector.APICollector,knowledge_engine.parsers.html_table_parser.HTMLTableParser,ANNUAL,55,2026-07-22,2027-07-22,TRUE,Package002_Education,1,1,82.0,Tier 3 - other public source,No faster cadence justified by observed change rate,HTML portal page; figures are published in tables
src-435,Official college website (caims.in); aggregator cross-check,https://www.caims.in/ ; https://www.careers360.com/colleges/chalmeda-ananda-rao-institute-of-medical-sciences-karimnagar,knowledge_engine.collectors.api_collector.APICollector,knowledge_engine.parsers.html_table_parser.HTMLTableParser,ANNUAL,55,2026-07-22,2027-07-22,TRUE,Package003_Healthcare,1,1,88.0,Tier 3 - other public source,No faster cadence justified by observed change rate,HTML portal page; figures are published in tables
src-436,"WebSearch aggregation: Shikshan.org, Careers360, Collegedunia listings",https://www.careers360.com/colleges/government-polytechnic-warangal,knowledge_engine.collectors.api_collector.APICollector,knowledge_engine.parsers.html_table_parser.HTMLTableParser,ANNUAL,55,2026-07-24,2027-07-24,TRUE,Package006_Skills_and_Training,1,1,60.0,Tier 3 - other public source,No faster cadence justified by observed change rate,HTML portal page; figures are published in tables
src-437,Aggregator search snippets (careers360.com),https://www.careers360.com/colleges/great-eastern-medical-school-and-hospital-srikakulam/compare,knowledge_engine.collectors.api_collector.APICollector,knowledge_engine.parsers.html_table_parser.HTMLTableParser,ANNUAL,55,2026-07-22,2027-07-22,TRUE,Package003_Healthcare,1,1,81.0,Tier 3 - other public source,No faster cadence justified by observed change rate,HTML portal page; figures are published in tables
src-438,WebSearch aggregation: careers360.com listing title only; full course/address detail not retrieved before this session's WebSearch quota was exhausted,https://www.careers360.com/colleges/sv-government-polytechnic-tirupati,knowledge_engine.collectors.api_collector.APICollector,knowledge_engine.parsers.html_table_parser.HTMLTableParser,ANNUAL,55,2026-07-24,2027-07-24,TRUE,Package006_Skills_and_Training,1,1,50.0,Tier 3 - other public source,No faster cadence justified by observed change rate,HTML portal page; figures are published in tables
src-439,"WebSearch aggregated (Cashfree, Sarkari Yojana, HDFC Bank, District Industries Centre Puducherry)",https://www.cashfree.com/blog/pmegp-scheme-subsidy-rates-eligibility-how-to-apply/; https://sarkariyojana.com/prime-minister-employment-generation-programme-pmegp/,knowledge_engine.collectors.api_collector.APICollector,knowledge_engine.parsers.html_table_parser.HTMLTableParser,ANNUAL,55,2026-07-22,2027-07-22,TRUE,Package004_Industries,1,1,80.0,Tier 3 - other public source,No faster cadence justified by observed change rate,HTML portal page; figures are published in tables
src-440,CBSE Official Website,https://www.cbse.gov.in/cbsenew/history.html,knowledge_engine.collectors.api_collector.APICollector,knowledge_engine.parsers.html_table_parser.HTMLTableParser,ANNUAL,85,2026-07-21,2027-07-21,TRUE,Package002_Education,1,1,80.0,Tier 1 - Government of India domain,No faster cadence justified by observed change rate,HTML portal page; figures are published in tables
src-441,CGTMSE,https://www.cgtmse.in/,knowledge_engine.collectors.api_collector.APICollector,knowledge_engine.parsers.html_table_parser.HTMLTableParser,ANNUAL,55,2026-07-25,2027-07-25,TRUE,Package007_Government_Schemes;Package008_MSME,2,2,74.0,Tier 3 - other public source,No faster cadence justified by observed change rate,HTML portal page; figures are published in tables
src-442,"WebSearch aggregated (CGTMSE official site, Vajiram & Ravi, BankBazaar, Ministry of MSME PDF)",https://www.cgtmse.in/; https://msme.gov.in/sites/default/files/CredirGuranteeFundScheme_1.pdf,knowledge_engine.collectors.api_collector.APICollector,knowledge_engine.parsers.pdf_parser.PDFParser,ANNUAL,55,2026-07-22,2027-07-22,TRUE,Package004_Industries,1,1,80.0,Tier 3 - other public source,No faster cadence justified by observed change rate,URL serves a PDF document
src-443,Coursera / Google Career Certificates official program pages,https://www.coursera.org/professional-certificates/google-it-support; https://grow.google/certificates/it-support/,knowledge_engine.collectors.api_collector.APICollector,knowledge_engine.parsers.html_table_parser.HTMLTableParser,ANNUAL,55,2026-07-24,2027-07-24,TRUE,Package006_Skills_and_Training,1,1,62.0,Tier 3 - other public source,No faster cadence justified by observed change rate,HTML portal page; figures are published in tables
src-444,"CSDCI/NSDC Tile Mason qualification pack and NQR qualification file; Kajaria Ceramics and Gresbond company/product materials; Somany Tile Master CSR programme documentation (CSRBox, India Masons); tile-laying-machine/robot industry-technology sources",https://www.csdcindia.org/wp-content/uploads/2024/02/NOS_Tile-Mason-Basic.pdf ; https://www.nqr.gov.in/qualifications/9286 ; https://nsdcindia.org/mason-tiling ; https://www.gresbondbykajaria.com/ ; https://www.kajariaceramics.com/where-to-buy ; https://csrbox.org/India_CSR_Project_Somany-Ceramics-Limited-Training-to-Mason-%E2%80%93-Tile-Master-Program-Delhi_20536 ; https://www.indiamasons.com/highlights.html ; https://www.indiamart.com/cognisite-technologies/semi-automatic-tile-laying-machine.html,knowledge_engine.collectors.api_collector.APICollector,knowledge_engine.parsers.html_table_parser.HTMLTableParser,ANNUAL,55,2026-07-23,2027-07-23,TRUE,Package004_Industries,1,1,78.0,Tier 3 - other public source,No faster cadence justified by observed change rate,HTML portal page; figures are published in tables
src-445,CSDCI/NSDC Assistant False Ceiling and Drywall Installer and Foreman qualification packs; Saint-Gobain Gyproc company and product materials; Startuppedia profile of Ceiling Banao/Manoj Kumar Mishra; Bangalore Insider profile of MyCeiling Pvt Ltd,https://www.csdcindia.org/wp-content/uploads/2025/09/CON-Q1104.pdf ; https://www.csdcindia.org/wp-content/uploads/2024/07/FG_English_Assistant-False-Ceiling-_-Dry-Wall-Installer_CONQ1103_v3.0_Level-3.pdf ; https://s3.ap-south-1.amazonaws.com/nsdcproddocuments/qpPdf/CON_Q1107_v4.0.pdf ; https://www.gyproc.in/ ; https://www.gyproc.in/blog/gypsum-or-pop-the-best-ceiling-for-your-spaces ; https://startuppedia.in/smbs/meet-indias-first-digital-platform-for-the-false-ceiling-industry-unifies-customers-contractors-retailers-manufacturers-10638681 ; https://www.bangaloreinsider.com/thanks-to-this-innovative-startup-installing-a-false-ceiling-is-so-easy/,knowledge_engine.collectors.api_collector.APICollector,knowledge_engine.parsers.html_table_parser.HTMLTableParser,ANNUAL,55,2026-07-23,2027-07-23,TRUE,Package004_Industries,1,1,78.0,Tier 3 - other public source,No faster cadence justified by observed change rate,HTML portal page; figures are published in tables
src-446,Ministry of Animal Husbandry,https://www.dahd.nic.in/,knowledge_engine.collectors.api_collector.APICollector,knowledge_engine.parsers.html_table_parser.HTMLTableParser,ANNUAL,85,2026-07-24,2027-07-24,TRUE,Package005_Agriculture,1,1,71.0,Tier 1 - Government of India domain,No faster cadence justified by observed change rate,HTML portal page; figures are published in tables
src-447,Databricks,https://www.databricks.com,knowledge_engine.collectors.api_collector.APICollector,knowledge_engine.parsers.html_table_parser.HTMLTableParser,ANNUAL,55,2026-07-24,2027-07-24,TRUE,Package006_Skills_and_Training,1,1,67.0,Tier 3 - other public source,No faster cadence justified by observed change rate,HTML portal page; figures are published in tables
src-448,WebSearch cross-check (jnanabhumi.ap.gov.in referenced across many results; renaming confirmed via GO No. 4 dated 18-Jun-2024 per Deccan Chronicle and other news coverage),https://www.deccanchronicle.com/southern-states/andhra-pradesh/andhra-pradesh-naidu-government-renames-welfare-schemes-899727,knowledge_engine.collectors.api_collector.APICollector,knowledge_engine.parsers.html_table_parser.HTMLTableParser,ANNUAL,55,2026-07-21,2027-07-21,TRUE,Package002_Education,1,1,72.0,Tier 3 - other public source,No faster cadence justified by observed change rate,HTML portal page; figures are published in tables
src-449,WebSearch cross-check (telanganaepass.cgg.gov.in referenced; corroborated by deccanchronicle.com news article and teachersbadi.in),https://www.deccanchronicle.com/southern-states/telangana/telangana-invites-minority-students-for-overseas-scholarship-scheme-2026-1960478,knowledge_engine.collectors.api_collector.APICollector,knowledge_engine.parsers.html_table_parser.HTMLTableParser,ANNUAL,55,2026-07-22,2027-07-22,TRUE,Package002_Education,1,1,74.0,Tier 3 - other public source,No faster cadence justified by observed change rate,HTML portal page; figures are published in tables
src-450,WebSearch aggregation summarizing DESW/ECHS official material via secondary sources,https://www.desw.gov.in/about-echs ; https://schemesinindia.in/central/echs-ex-servicemen-health-scheme ; https://navpen.indiannavy.gov.in/sites/default/files/WhatsNewFiles/Revised%20Rates%20of%20ECHS%20Contribution.pdf,knowledge_engine.collectors.api_collector.APICollector,knowledge_engine.parsers.pdf_parser.PDFParser,ANNUAL,85,2026-07-22,2027-07-22,TRUE,Package003_Healthcare,1,1,87.0,Tier 1 - Government of India domain,No faster cadence justified by observed change rate,URL serves a PDF document
src-451,"WebSearch aggregated (Devdiscourse, IndiaFilings, Vikaspedia, PIB)",https://www.devdiscourse.com/article/law-order/3820195-msde-reviews-jan-shikshan-sansthan-rollout-pushes-livelihood-reforms; https://www.indiafilings.com/learn/jan-shikshan-sansthan-jss; https://vikaspedia.in/social-welfare/skill-development/jan-shikshan-sansthan; https://www.pib.gov.in/PressReleaseIframePage.aspx?PRID=2100845,knowledge_engine.collectors.api_collector.APICollector,knowledge_engine.parsers.html_table_parser.HTMLTableParser,ANNUAL,55,2026-07-24,2027-07-24,TRUE,Package006_Skills_and_Training,1,1,72.0,Tier 3 - other public source,No faster cadence justified by observed change rate,HTML portal page; figures are published in tables
src-452,DGCA,https://www.dgca.gov.in,knowledge_engine.collectors.api_collector.APICollector,knowledge_engine.parsers.html_table_parser.HTMLTableParser,ANNUAL,85,2026-07-24,2027-07-24,TRUE,Package006_Skills_and_Training,1,1,65.0,Tier 1 - Government of India domain,No faster cadence justified by observed change rate,HTML portal page; figures are published in tables
src-453,Ministry of Civil Aviation (DGCA); Ministry of Agriculture,https://www.dgca.gov.in/,knowledge_engine.collectors.api_collector.APICollector,knowledge_engine.parsers.html_table_parser.HTMLTableParser,ANNUAL,85,2026-07-25,2027-07-25,TRUE,Package008_MSME,2,2,64.0,Tier 1 - Government of India domain,No faster cadence justified by observed change rate,HTML portal page; figures are published in tables
src-454,Directorate General of Foreign Trade,https://www.dgft.gov.in/,knowledge_engine.collectors.api_collector.APICollector,knowledge_engine.parsers.html_table_parser.HTMLTableParser,SEMI_ANNUAL,85,2026-07-25,2027-01-23,TRUE,Package008_MSME,2,2,72.5,Tier 1 - Government of India domain,Compliance thresholds and product lists are revised periodically,HTML portal page; figures are published in tables
src-455,National Academic Depository; DigiLocker,https://www.digilocker.gov.in/,knowledge_engine.collectors.api_collector.APICollector,knowledge_engine.parsers.html_table_parser.HTMLTableParser,ANNUAL,85,2026-07-25,2027-07-25,TRUE,Package007_Government_Schemes,1,1,72.0,Tier 1 - Government of India domain,No faster cadence justified by observed change rate,HTML portal page; figures are published in tables
src-456,"WebSearch aggregated (Drishti IAS, Insights on India, Delhi govt district portal, World Bank press release)",https://www.drishtiias.com/daily-updates/daily-news-analysis/sankalp-scheme-1; https://www.insightsonindia.com/2026/02/21/sankalp-scheme/; https://www.worldbank.org/en/news/press-release/2026/02/02/world-bank-supports-india-s-ambitious-skills-program-to-better-prepare-youth-for-the-job-market,knowledge_engine.collectors.api_collector.APICollector,knowledge_engine.parsers.html_table_parser.HTMLTableParser,ANNUAL,55,2026-07-24,2027-07-24,TRUE,Package006_Skills_and_Training,1,1,65.0,Tier 3 - other public source,No faster cadence justified by observed change rate,HTML portal page; figures are published in tables
src-457,EC-Council,https://www.eccouncil.org,knowledge_engine.collectors.api_collector.APICollector,knowledge_engine.parsers.html_table_parser.HTMLTableParser,ANNUAL,55,2026-07-24,2027-07-24,TRUE,Package006_Skills_and_Training,1,1,70.0,Tier 3 - other public source,No faster cadence justified by observed change rate,HTML portal page; figures are published in tables
src-458,Package002_Education and Package006 reconciliation,https://www.education.gov.in/,knowledge_engine.collectors.api_collector.APICollector,knowledge_engine.parsers.html_table_parser.HTMLTableParser,ANNUAL,85,2026-07-25,2027-07-25,TRUE,Package007_Government_Schemes;Package008_MSME,5,19,68.8,Tier 1 - Government of India domain,No faster cadence justified by observed change rate,HTML portal page; figures are published in tables
src-459,"WebSearch cross-check (education.gov.in, myscheme.gov.in listed among results; content summarized via secondary aggregators buddy4study.com and sabscholarship.com)",https://www.education.gov.in/en/nmms,knowledge_engine.collectors.api_collector.APICollector,knowledge_engine.parsers.html_table_parser.HTMLTableParser,ANNUAL,85,2026-07-22,2027-07-22,TRUE,Package002_Education,1,1,86.0,Tier 1 - Government of India domain,No faster cadence justified by observed change rate,HTML portal page; figures are published in tables
src-460,"Aggregator search snippets (edufever, collegedunia)",https://www.edufever.com/aiims-bibinagar/,knowledge_engine.collectors.api_collector.APICollector,knowledge_engine.parsers.html_table_parser.HTMLTableParser,ANNUAL,55,2026-07-22,2027-07-22,TRUE,Package003_Healthcare,1,1,88.0,Tier 3 - other public source,No faster cadence justified by observed change rate,HTML portal page; figures are published in tables
src-461,"Aggregator search snippets (edufever, careermarg, moksh16)",https://www.edufever.com/government-medical-college-kamareddy/ ; https://www.careermarg.com/college/government-medical-college-kamareddy,knowledge_engine.collectors.api_collector.APICollector,knowledge_engine.parsers.html_table_parser.HTMLTableParser,ANNUAL,55,2026-07-22,2027-07-22,TRUE,Package003_Healthcare,1,1,80.0,Tier 3 - other public source,No faster cadence justified by observed change rate,HTML portal page; figures are published in tables
src-462,"Aggregator search snippets (edufever, collegedunia)",https://www.edufever.com/rgims-ongole/,knowledge_engine.collectors.api_collector.APICollector,knowledge_engine.parsers.html_table_parser.HTMLTableParser,ANNUAL,55,2026-07-22,2027-07-22,TRUE,Package003_Healthcare,1,1,88.0,Tier 3 - other public source,No faster cadence justified by observed change rate,HTML portal page; figures are published in tables
src-463,"Aggregator search snippets (edufever, collegedunia)",https://www.edufever.com/svsmc-mahbubnagar/,knowledge_engine.collectors.api_collector.APICollector,knowledge_engine.parsers.html_table_parser.HTMLTableParser,ANNUAL,55,2026-07-22,2027-07-22,TRUE,Package003_Healthcare,1,1,86.0,Tier 3 - other public source,No faster cadence justified by observed change rate,HTML portal page; figures are published in tables
src-464,"SBTET/Telangana Electrical Licensing Board procedure summaries (Electrical4u, Wikiprocedure); Telangana State Electrical Licensing Regulations, 2018 (secondary summary); EV charging market reports (IBEF, Elektree); Knight Frank Skilled Employment in Construction report; BEE Star Rating programme materials",https://www.electrical4u.net/useful-information/how-to-apply-electrical-supervisor-license-telangana/ ; https://www.wikiprocedure.com/index.php/Telangana_-_Apply_for_Electrical_Supervisor_Certificate_(Workmen_Permit) ; https://indiankanoon.org/doc/101800260/ ; https://www.ibef.org/blogs/electric-vehicle-charging-infrastructure-the-key-to-mass-ev-adoption-in-india ; https://elektree.com/electric-vehicle-charging-station-market-in-india-2026-report/ ; https://content.knightfrank.com/research/2729/documents/en/skilled-employment-in-construction-sector-in-india-2023-10450.pdf ; https://beeindia.gov.in//star-label,knowledge_engine.collectors.api_collector.APICollector,knowledge_engine.parsers.html_table_parser.HTMLTableParser,QUARTERLY,55,2026-07-23,2026-10-22,TRUE,Package004_Industries,1,1,79.0,Tier 3 - other public source,Scheme parameters change with budget cycles and notifications,HTML portal page; figures are published in tables
src-465,ESSCI Qualification Pack; NSDC job role listing,https://www.essc-india.org/images/QPs/Field%20Technician%20-%20Computing%20&%20Peripherals%20-%20ELE_Q4601_v3.0.pdf; https://nsdcindia.org/field-technician-computing-and-peripherals,knowledge_engine.collectors.api_collector.APICollector,knowledge_engine.parsers.html_table_parser.HTMLTableParser,ANNUAL,55,2026-07-24,2027-07-24,TRUE,Package006_Skills_and_Training,1,1,75.0,Tier 3 - other public source,No faster cadence justified by observed change rate,HTML portal page; figures are published in tables
src-466,FANUC,https://www.fanuc.co.in,knowledge_engine.collectors.api_collector.APICollector,knowledge_engine.parsers.html_table_parser.HTMLTableParser,ANNUAL,55,2026-07-24,2027-07-24,TRUE,Package006_Skills_and_Training,1,1,70.0,Tier 3 - other public source,No faster cadence justified by observed change rate,HTML portal page; figures are published in tables
src-467,FANUC America CERT program page; FANUC India Academy page,https://www.fanucamerica.com/CERT-old; https://www.fanucindia.com/academy,knowledge_engine.collectors.api_collector.APICollector,knowledge_engine.parsers.html_table_parser.HTMLTableParser,ANNUAL,55,2026-07-24,2027-07-24,TRUE,Package006_Skills_and_Training,1,1,52.0,Tier 3 - other public source,No faster cadence justified by observed change rate,HTML portal page; figures are published in tables
src-468,Food Industry Capacity & Skill Initiative (FICSI) Multi-Skill Technician (Food Processing) NCVET-approved Qualification File; NABARD paper on Farmer Producer Organisations (Status & Issues),https://www.ficsi.in/upload/ncvet_approved_sub/01fe134e4436ecf2f6a715d4b9e582fa.pdf; https://www.nqr.gov.in/qualifications/12656; https://www.nabard.org/auth/writereaddata/careernotices/3108183411Paper%20on%20FPOs%20-%20Status%20&%20Issues.pdf,knowledge_engine.collectors.api_collector.APICollector,knowledge_engine.parsers.pdf_parser.PDFParser,ANNUAL,55,2026-07-24,2027-07-24,TRUE,Package006_Skills_and_Training,1,1,55.0,Tier 3 - other public source,No faster cadence justified by observed change rate,URL serves a PDF document
src-469,FSSAI,https://www.fssai.gov.in/,knowledge_engine.collectors.api_collector.APICollector,knowledge_engine.parsers.html_table_parser.HTMLTableParser,SEMI_ANNUAL,85,2026-07-25,2027-01-23,TRUE,Package008_MSME,1,1,75.0,Tier 1 - Government of India domain,Compliance thresholds and product lists are revised periodically,HTML portal page; figures are published in tables
src-470,"FutureSkills Prime official website (About Us, Govt of India Incentives pages); Digital India (MeitY) initiative page; NIELIT official reference",https://www.futureskillsprime.in/about-us/; https://www.digitalindia.gov.in/initiative/futureskills-prime/; https://www.nielit.gov.in/content/future-skills-prime-0,knowledge_engine.collectors.api_collector.APICollector,knowledge_engine.parsers.html_table_parser.HTMLTableParser,QUARTERLY,55,2026-07-24,2026-10-23,TRUE,Package006_Skills_and_Training,1,1,71.0,Tier 3 - other public source,Scheme parameters change with budget cycles and notifications,HTML portal page; figures are published in tables
src-471,WebSearch aggregation (secondary/portal cross-check; official site inaccessible via WebFetch this session),https://www.gitam.edu/about/accrediation/nirf; https://iqac.gitam.edu/nirf,knowledge_engine.collectors.api_collector.APICollector,knowledge_engine.parsers.html_table_parser.HTMLTableParser,ANNUAL,55,2026-07-22,2027-07-22,TRUE,Package002_Education,1,1,80.0,Tier 3 - other public source,No faster cadence justified by observed change rate,HTML portal page; figures are published in tables
src-472,Official college website (gmcknr.com); aggregator corroboration,https://www.gmcknr.com/about-us.html ; https://www.gmcknr.com/,knowledge_engine.collectors.api_collector.APICollector,knowledge_engine.parsers.html_table_parser.HTMLTableParser,ANNUAL,55,2026-07-22,2027-07-22,TRUE,Package003_Healthcare,1,1,88.0,Tier 3 - other public source,No faster cadence justified by observed change rate,HTML portal page; figures are published in tables
src-473,"gmcnandyal-ap-gov.com; gmcnandyalaap-govt.in; nyraeducation.in (WebSearch snippets only, no direct fetch)",https://www.gmcnandyal-ap-gov.com/hospital-information/ ; https://gmcnandyalaap-govt.in/contact-us/,knowledge_engine.collectors.api_collector.APICollector,knowledge_engine.parsers.html_table_parser.HTMLTableParser,ANNUAL,55,2026-07-22,2027-07-22,TRUE,Package003_Healthcare,1,1,83.0,Tier 3 - other public source,No faster cadence justified by observed change rate,HTML portal page; figures are published in tables
src-474,gmcongole.org (via WebSearch snippet),https://www.gmcongole.org/about-us-2/,knowledge_engine.collectors.api_collector.APICollector,knowledge_engine.parsers.html_table_parser.HTMLTableParser,ANNUAL,55,2026-07-22,2027-07-22,TRUE,Package003_Healthcare,1,1,88.0,Tier 3 - other public source,No faster cadence justified by observed change rate,HTML portal page; figures are published in tables
src-475,Aggregator search snippets; Deccan Herald news coverage,https://www.gmcramagundam.in/ ; https://www.deccanherald.com/india/classes-begin-at-eight-new-medical-colleges-in-telangana-1162664.html,knowledge_engine.collectors.api_collector.APICollector,knowledge_engine.parsers.html_table_parser.HTMLTableParser,ANNUAL,55,2026-07-22,2027-07-22,TRUE,Package003_Healthcare,1,1,82.0,Tier 3 - other public source,No faster cadence justified by observed change rate,HTML portal page; figures are published in tables
src-476,"WebSearch aggregation: institution's own domain (govtpolyvisakhapatnam.in) surfaced in results; corroborated by Shikshan.org, Kollegeapply, TestPrepKart",https://www.govtpolyvisakhapatnam.in/,knowledge_engine.collectors.api_collector.APICollector,knowledge_engine.parsers.html_table_parser.HTMLTableParser,ANNUAL,55,2026-07-24,2027-07-24,TRUE,Package006_Skills_and_Training,1,1,72.0,Tier 3 - other public source,No faster cadence justified by observed change rate,HTML portal page; figures are published in tables
src-477,GSTN,https://www.gst.gov.in/,knowledge_engine.collectors.api_collector.APICollector,knowledge_engine.parsers.html_table_parser.HTMLTableParser,SEMI_ANNUAL,85,2026-07-25,2027-01-23,TRUE,Package007_Government_Schemes;Package008_MSME,3,3,74.0,Tier 1 - Government of India domain,Compliance thresholds and product lists are revised periodically,HTML portal page; figures are published in tables
src-478,"WebSearch aggregated (Legal Service India, IBEF, IIFL, News on Air)",https://www.ibef.org/government-schemes/stand-up-india; https://www.newsonair.gov.in/fm-nirmala-sitharaman-announces-revamped-stand-up-india-scheme-for-sc-st-and-women-entrepreneurs,knowledge_engine.collectors.api_collector.APICollector,knowledge_engine.parsers.html_table_parser.HTMLTableParser,ANNUAL,55,2026-07-22,2027-07-22,TRUE,Package004_Industries,1,1,80.0,Tier 3 - other public source,No faster cadence justified by observed change rate,HTML portal page; figures are published in tables
src-479,"WebSearch aggregation of seller-guide and platform documentation sources; WebSearch aggregation of seller-earnings, AI-tooling, GST-compliance and market-size sources (2026-07-24 pass)",https://www.icarry.in/pages/blog/meesho-seller-guide.html; https://www.fretron.com/guides/sell-on-flipkart/; https://sell.amazon.in/sell-online/seller-registration-guide; https://nealschaffer.com/instagram-shopping-features/; https://www.growthjockey.com/blogs/meesho-reseller-guide; https://startuptalky.com/meesho-business-model/; https://listmyproduct.in/; https://meemaster.com/; https://about.fb.com/news/2026/05/introducing-business-ai-on-whatsapp-for-small-businesses-in-india/; https://aitechnews.in/ai-tools-indian-small-business-2026-whatsapp-gst-automation/; https://trackvid.in/blogs/rto-in-ecommerce-india.html; https://bwretailworld.com/sector/e-commerce-marketplaces/meesho-festive-sale-2025-records-206-cr-visits; https://www.mordorintelligence.com/industry-reports/india-social-commerce-market; https://www.registerkaro.in/gst-registration-for-ecommerce-sellers; https://www.digitalvidya.com/blog/google-digital-marketing-course/; https://www.cashfree.com/blog/pmegp-scheme-subsidy-rates-eligibility-how-to-apply/; https://cleartax.in/s/udyam-registration-certificate,knowledge_engine.collectors.api_collector.APICollector,knowledge_engine.parsers.html_table_parser.HTMLTableParser,ANNUAL,55,2026-07-22; 2026-07-24 (v2 enrichment),PENDING_VERIFICATION,TRUE,Package004_Industries,1,1,85.0,Tier 3 - other public source,No faster cadence justified by observed change rate,HTML portal page; figures are published in tables
src-480,WebSearch,https://www.icmr.gov.in/; https://www.icmr.gov.in/history; https://en.wikipedia.org/wiki/Indian_Council_of_Medical_Research,knowledge_engine.collectors.api_collector.APICollector,knowledge_engine.parsers.html_table_parser.HTMLTableParser,ANNUAL,85,2026-07-21,2027-07-21,TRUE,Package003_Healthcare,1,1,85.0,Tier 1 - Government of India domain,No faster cadence justified by observed change rate,HTML portal page; figures are published in tables
src-481,ICSDC,https://www.icsdc.org,knowledge_engine.collectors.api_collector.APICollector,knowledge_engine.parsers.html_table_parser.HTMLTableParser,ANNUAL,55,2026-07-24,2027-07-24,TRUE,Package006_Skills_and_Training,1,3,72.3,Tier 3 - other public source,No faster cadence justified by observed change rate,HTML portal page; figures are published in tables
src-482,WebSearch aggregation (secondary/portal cross-check; official site inaccessible via WebFetch this session),https://www.ifheindia.org/about-university; https://en.wikipedia.org/wiki/ICFAI_Foundation_for_Higher_Education,knowledge_engine.collectors.api_collector.APICollector,knowledge_engine.parsers.html_table_parser.HTMLTableParser,ANNUAL,55,2026-07-22,2027-07-22,TRUE,Package002_Education,1,1,76.0,Tier 3 - other public source,No faster cadence justified by observed change rate,HTML portal page; figures are published in tables
src-483,IHM,https://www.ihmindia.ac.in,knowledge_engine.collectors.api_collector.APICollector,knowledge_engine.parsers.html_table_parser.HTMLTableParser,ANNUAL,75,2026-07-24,2027-07-24,TRUE,Package006_Skills_and_Training,1,2,70.0,Tier 2 - academic institution,No faster cadence justified by observed change rate,HTML portal page; figures are published in tables
src-484,WebSearch aggregation (secondary/portal cross-check; official site inaccessible via WebFetch this session),https://www.iith.ac.in/about/aboutiith/; https://www.careerplanb.co/iit-hyderabad-nirf-ranking-2025/,knowledge_engine.collectors.api_collector.APICollector,knowledge_engine.parsers.html_table_parser.HTMLTableParser,ANNUAL,75,2026-07-22,2027-07-22,TRUE,Package002_Education,1,1,82.0,Tier 2 - academic institution,No faster cadence justified by observed change rate,HTML portal page; figures are published in tables
src-485,WebSearch aggregation of policy-analysis and scheme-portal sources; WebSearch aggregation of CSC-VLE income/success-story and ODOP district-product sources (2026-07-24 pass),https://www.impriindia.com/insights/common-services-centres-scheme-india/; https://csc.gov.in/vle; https://tsfps.telangana.gov.in/pmfme/one-district-one-product-approach/; https://www.pmfmeap.org/content-page/one-district-one-product; https://currentaffairs.adda247.com/government-csc-registration-2026-how-to-open-a-common-service-center-eligibility-registration-process-and-monthly-income/; https://www.cscvlemorcha.com/2025/06/vles-stories-of-success-and.html; https://bapatla.ap.gov.in/odop/; https://tirupati.ap.gov.in/one-district-one-product/; https://eastgodavari.ap.gov.in/one-district-one-product/; https://www.mofpi.gov.in/sites/default/files/final_revised_odop_list_of_713_districts_with_om.pdf,knowledge_engine.collectors.api_collector.APICollector,knowledge_engine.parsers.pdf_parser.PDFParser,QUARTERLY,55,2026-07-22; 2026-07-24 (v2 enrichment),PENDING_VERIFICATION,TRUE,Package004_Industries,1,1,67.0,Tier 3 - other public source,Scheme parameters change with budget cycles and notifications,URL serves a PDF document
src-486,Income Tax Department,https://www.incometax.gov.in/,knowledge_engine.collectors.api_collector.APICollector,knowledge_engine.parsers.html_table_parser.HTMLTableParser,ANNUAL,85,2026-07-25,2027-07-25,TRUE,Package007_Government_Schemes,1,1,76.0,Tier 1 - Government of India domain,No faster cadence justified by observed change rate,HTML portal page; figures are published in tables
src-487,State governments,https://www.india.gov.in/,knowledge_engine.collectors.api_collector.APICollector,knowledge_engine.parsers.html_table_parser.HTMLTableParser,QUARTERLY,85,2026-07-25,2026-10-24,TRUE,Package007_Government_Schemes,1,1,68.0,Tier 1 - Government of India domain,Scheme parameters change with budget cycles and notifications,HTML portal page; figures are published in tables
src-488,"Aggregator search snippets (indiaccess.com, careers360)",https://www.indiaccess.com/colleges/medical/telangana/government/,knowledge_engine.collectors.api_collector.APICollector,knowledge_engine.parsers.html_table_parser.HTMLTableParser,ANNUAL,55,2026-07-22,2027-07-22,TRUE,Package003_Healthcare,1,1,88.0,Tier 3 - other public source,No faster cadence justified by observed change rate,HTML portal page; figures are published in tables
src-489,"Telangana Water, Land and Trees Act, 2002 (India Code, secondary summary); Wikiprocedure Telangana borewell-registration summary; CGWA guidance; commercial rig-pricing listings (TradeIndia, IndiaMART, Ganesh Drillers Hyderabad); groundwater-depletion research (MDPI Bengaluru case study, Deccan Herald Karnataka reporting); Jal Sanchay Jan Bhagidari and Atal Bhujal Yojana government initiatives (PIB/SANDRP)",https://www.indiacode.nic.in/bitstream/123456789/8587/1/act_10_of_2002.pdf ; https://www.wikiprocedure.com/index.php/Telangana_-_Register_Tubewells_Or_Borewells_(Boreholes) ; https://cgwa.mowr.gov.in/ ; https://www.tradeindia.com/products/borewell-drilling-rig-depth-upto-300-meters-6516775.html ; https://ganeshdrillers.com/borewell-drilling-cost-price-per-feet-hyderabad-2026-no-hidden-charges/ ; https://www.mdpi.com/2071-1050/13/21/12149 ; https://www.deccanherald.com/amp/story/india%2Fkarnataka%2Fofficials-told-regulate-sinking-borewells-2082767 ; https://www.prokerala.com/news/articles/a1721042.html ; https://sandrp.in/2026/04/01/groundwater-govts-actions-to-recharge-regulate-in-2025-in-india/,knowledge_engine.collectors.api_collector.APICollector,knowledge_engine.parsers.html_table_parser.HTMLTableParser,ANNUAL,85,2026-07-23,2027-07-23,TRUE,Package004_Industries,1,1,70.0,Tier 1 - Government of India domain,No faster cadence justified by observed change rate,HTML portal page; figures are published in tables
src-490,WebSearch,https://www.indiannursingcouncil.org/; https://en.wikipedia.org/wiki/Indian_Nursing_Council,knowledge_engine.collectors.api_collector.APICollector,knowledge_engine.parsers.html_table_parser.HTMLTableParser,ANNUAL,55,2026-07-21,2027-07-21,TRUE,Package003_Healthcare,1,1,84.0,Tier 3 - other public source,No faster cadence justified by observed change rate,HTML portal page; figures are published in tables
src-491,WebSearch aggregation of industry/commerce blog sources; WebSearch aggregation of WhatsApp-commerce and kirana-automation sources (2026-07-24 pass),https://www.indianretailer.com/article/retail-business/retail-trends/how-whatsapp-commerce-fuelling-direct-consumer-sales-india; https://watease.com/whatsapp-commerce-india; https://www.aol.com/news/mark-zuckerberg-dreams-building-super-075931712.html; https://play.google.com/store/apps/details?id=club.kirana&hl=en_IN; https://wa.expert/pages/whatsapp-for-grocery-kirana,knowledge_engine.collectors.api_collector.APICollector,knowledge_engine.parsers.html_table_parser.HTMLTableParser,ANNUAL,55,2026-07-22; 2026-07-24 (v2 enrichment),PENDING_VERIFICATION,TRUE,Package004_Industries,1,1,63.0,Tier 3 - other public source,No faster cadence justified by observed change rate,HTML portal page; figures are published in tables
src-492,ICAR-IISR; Spices Board of India,https://www.indianspices.com/,knowledge_engine.collectors.api_collector.APICollector,knowledge_engine.parsers.html_table_parser.HTMLTableParser,ANNUAL,80,2026-07-25,2027-07-25,TRUE,Package005_Agriculture;Package008_MSME,6,16,73.2,Tier 1 - statutory commodity board or ICAR,Agronomic guidance is stable between research cycles,HTML portal page; figures are published in tables
src-493,IREDA,https://www.ireda.nise.res.in,knowledge_engine.collectors.api_collector.APICollector,knowledge_engine.parsers.html_table_parser.HTMLTableParser,ANNUAL,55,2026-07-24,2027-07-24,TRUE,Package006_Skills_and_Training,1,1,72.0,Tier 3 - other public source,No faster cadence justified by observed change rate,HTML portal page; figures are published in tables
src-494,Indian Banks' Association model scheme; Department of Financial Services,https://www.jansamarth.in/,knowledge_engine.collectors.api_collector.APICollector,knowledge_engine.parsers.html_table_parser.HTMLTableParser,ANNUAL,55,2026-07-25,2027-07-25,TRUE,Package007_Government_Schemes,1,1,70.0,Tier 3 - other public source,No faster cadence justified by observed change rate,HTML portal page; figures are published in tables
src-495,Official college website; aggregator cross-check,https://www.kimsmedicalcollege.org/affiliation.htm,knowledge_engine.collectors.api_collector.APICollector,knowledge_engine.parsers.html_table_parser.HTMLTableParser,ANNUAL,55,2026-07-22,2027-07-22,TRUE,Package003_Healthcare,1,1,88.0,Tier 3 - other public source,No faster cadence justified by observed change rate,HTML portal page; figures are published in tables
src-496,WebSearch aggregation (secondary/portal cross-check; official site inaccessible via WebFetch this session),https://www.kluniversity.in/accr.aspx; https://propelld.com/site/college/kl-university,knowledge_engine.collectors.api_collector.APICollector,knowledge_engine.parsers.html_table_parser.HTMLTableParser,ANNUAL,55,2026-07-22,2027-07-22,TRUE,Package002_Education,1,1,75.0,Tier 3 - other public source,No faster cadence justified by observed change rate,HTML portal page; figures are published in tables
src-497,kmcwgl.com; Mappls; thewarangal.com (via WebSearch snippets),https://www.kmcwgl.com/mgmh.html,knowledge_engine.collectors.api_collector.APICollector,knowledge_engine.parsers.html_table_parser.HTMLTableParser,ANNUAL,55,2026-07-22,2027-07-22,TRUE,Package003_Healthcare,1,1,87.0,Tier 3 - other public source,No faster cadence justified by observed change rate,HTML portal page; figures are published in tables
src-498,Third-party certification cost aggregators referencing Microsoft/Pearson VUE pricing,https://www.knowledgehut.com/blog/cloud-computing/az-900-certification-cost; https://www.examcert.app/blog/az-900-exam-cost-2026/,knowledge_engine.collectors.api_collector.APICollector,knowledge_engine.parsers.html_table_parser.HTMLTableParser,ANNUAL,55,2026-07-24,2027-07-24,TRUE,Package006_Skills_and_Training,1,1,58.0,Tier 3 - other public source,No faster cadence justified by observed change rate,HTML portal page; figures are published in tables
src-499,Ministry of MSME,https://www.kvic.gov.in/,knowledge_engine.collectors.api_collector.APICollector,knowledge_engine.parsers.html_table_parser.HTMLTableParser,ANNUAL,85,2026-07-25,2027-07-25,TRUE,Package007_Government_Schemes,1,1,74.0,Tier 1 - Government of India domain,No faster cadence justified by observed change rate,HTML portal page; figures are published in tables
src-500,"KVIC/PMEGP project profile 'Red Chilli Powder Production Unit' (kviconline.gov.in); PMFME Model DPR - Byadgi Chilli Processing Unit (NIFTEM); MSME-DI Hyderabad Brief Industrial Profile; ThePrint reporting on Guntur chilli exports and China trade; gunturmirchi.in market-yard data; PMFME Telangana Common Infrastructure page (Chilli Incubation Centre, RARS Warangal); organicmandya.com and Tribune India coverage of chilli-powder adulteration/recalls",https://www.kviconline.gov.in/pmegp/pmegpweb/docs/commonprojectprofile/ChilliPowder.pdf ; https://niftem.ac.in/newsite/pmfme/wp-content/uploads/2022/08/byadgichillidpr.pdf ; https://www.apexports.ap.gov.in/assets/gallery/AP%20Food%20Processing%20Policy%20(4.0)%20%202024-29.pdf ; https://theprint.in/opinion/china-loves-guntur-chilis-andhra-district-spicy-global-product/834285/ ; https://gunturmirchi.in/ ; https://gunturfarmlands.in/ ; https://umadifoods.com/product/guntur-chilli-powder/ ; https://tsfps.telangana.gov.in/pmfme/common-infrastructure/ ; https://www.tribuneindia.com/news/patanjali-foods-recalls-4-tonnes-of-red-chilli-powder,knowledge_engine.collectors.api_collector.APICollector,knowledge_engine.parsers.html_table_parser.HTMLTableParser,QUARTERLY,85,2026-07-24,2026-10-23,TRUE,Package004_Industries,1,1,66.0,Tier 1 - Government of India domain,Scheme parameters change with budget cycles and notifications,HTML portal page; figures are published in tables
src-501,"KVIC/PMEGP common project profiles: Handmade Pickle, Lime Pickle (kviconline.gov.in); Government of Telangana MSME Policy Order; e-commerce-seller market commentary on regional packaged foods (2026)",https://www.kviconline.gov.in/pmegp/pmegpweb/docs/commonprojectprofile/HandmadePickle.pdf ; https://www.kviconline.gov.in/pmegp/pmegpweb/docs/commonprojectprofile/LimePickle.pdf ; https://muvsi.in/pickle-manufacturing-business/,knowledge_engine.collectors.api_collector.APICollector,knowledge_engine.parsers.html_table_parser.HTMLTableParser,QUARTERLY,85,2026-07-24,2026-10-23,TRUE,Package004_Industries,1,1,56.0,Tier 1 - Government of India domain,Scheme parameters change with budget cycles and notifications,HTML portal page; figures are published in tables
src-502,"KVIC/PMEGP common project profiles: Handmade Pickle, Lime Pickle, Tomato Products and Pickles (kviconline.gov.in); RSETI training press coverage; AP Food Processing Policy 4.0; 30stades.com (Bhogaraju Foods success story); ffreedom.com pickle-business course listing; e-commerce-seller market commentary on regional packaged foods (2026)",https://www.kviconline.gov.in/pmegp/pmegpweb/docs/commonprojectprofile/HandmadePickle.pdf ; https://www.kviconline.gov.in/pmegp/pmegpweb/docs/commonprojectprofile/LimePickle.pdf ; https://www.kviconline.gov.in/pmegp/pmegpweb/docs/commonprojectprofile/PROJECT%20PROFILE%20ON%20TOMATO%20PRODUCTS%20AND%20PICKLES.pdf ; https://30stades.com/enterprise/how-this-daughter-turned-mothers-pickle-home-business-into-rs-2-crore-enterprise-bhogaraju-foods-4420341 ; https://ffreedom.com/course/pickle-business?lang=en ; https://muvsi.in/pickle-manufacturing-business/,knowledge_engine.collectors.api_collector.APICollector,knowledge_engine.parsers.html_table_parser.HTMLTableParser,QUARTERLY,85,2026-07-24,2026-10-23,TRUE,Package004_Industries,1,1,60.0,Tier 1 - Government of India domain,Scheme parameters change with budget cycles and notifications,HTML portal page; figures are published in tables
src-503,KVIC (Khadi and Village Industries Commission) / PMEGP official common project profile: 'MASALA MAKING UNIT (MEDIUM)'; Brandz Magazine (Badshah Masala success story); IIFL Finance spice-business start-up guide; IndiaMART (Confider Industries LLP pulverizer listing); Udyogwardhini spice-processing course listing,https://www.kviconline.gov.in/pmegp/pmegpweb/docs/commonprojectprofile/MASALA%20MAKING%20UNIT%20(MEDIUM).pdf ; https://brandzmagazine.com/badshah-masala-owner-success-story/ ; https://www.iifl.com/blogs/gold-loan/how-to-start-a-spice-powder-masala-unit-business ; https://dir.indiamart.com/impcat/turmeric-grinding-machine.html ; https://www.udyogwardhini.com/course/spiceprocessingonlinecourse,knowledge_engine.collectors.api_collector.APICollector,knowledge_engine.parsers.html_table_parser.HTMLTableParser,QUARTERLY,85,2026-07-24,2026-10-23,TRUE,Package004_Industries,1,1,83.0,Tier 1 - Government of India domain,Scheme parameters change with budget cycles and notifications,HTML portal page; figures are published in tables
src-504,"KVIC (Khadi and Village Industries Commission) / PMEGP official common project profile: 'MASALA MAKING UNIT (SMALL)'; Brandz Magazine (Badshah Masala success story); IIFL Finance spice-business start-up guide; IndiaMART (Kumawat Engineering Works pulveriser listing); Udyogwardhini spice-processing course listing; YouTube (home-based masala/spice-business tutorials, titles cited in field)",https://www.kviconline.gov.in/pmegp/pmegpweb/docs/commonprojectprofile/MASALA%20MAKING%20UNIT%20(SMALL).pdf ; https://brandzmagazine.com/badshah-masala-owner-success-story/ ; https://www.iifl.com/blogs/gold-loan/how-to-start-a-spice-powder-masala-unit-business ; https://m.indiamart.com/kumawat-engineering-works-jaipur/ms-pulverizer.html ; https://www.udyogwardhini.com/course/spiceprocessingonlinecourse ; https://www.youtube.com/watch?v=2ly6C5YzTIo ; https://www.youtube.com/watch?v=-WQLqOLgDAA,knowledge_engine.collectors.api_collector.APICollector,knowledge_engine.parsers.html_table_parser.HTMLTableParser,QUARTERLY,85,2026-07-24,2026-10-23,TRUE,Package004_Industries,1,1,83.0,Tier 1 - Government of India domain,Scheme parameters change with budget cycles and notifications,HTML portal page; figures are published in tables
src-505,"KVIC (Khadi and Village Industries Commission) / PMEGP official common project profile: 'PROJECT PROFILE ON GROUNDNUT OIL AND OIL CAKE MANUFACTURING'; Tata Simply Better, Earthen Story, Little Farmer India, KachiGhaani.com, Avitus Foods (D2C brand websites); SiliconIndia '10 Best Cold Pressed Oil Brand Startups' ranking; Deccan Chronicle (Anantapur groundnut decline reporting); PMC/NCBI review on cold-pressed oilseed cakes",https://www.kviconline.gov.in/pmegp/pmegpweb/docs/commonprojectprofile/PROJECT%20PROFILE%20ON%20GROUNDNUT%20OIL%20AND%20OIL%20CAKE%20MANUAFCURING.pdf ; https://www.tatasimplybetter.com/blogs/seo/tata-simply-better-kachi-ghani-groundnut-oil-in-india ; https://www.earthenstory.com/products/groundnut-oil ; https://littlefarmerindia.com/product/cold-pressed-groundnut-oil-kachi-ghani-bull-pressed-chemical-free/ ; https://kachighaani.com/ ; https://www.siliconindia.com/startup/ranking/10-best-cold-pressed-oil-brand-startups-2023-rid-1797.html ; https://www.deccanchronicle.com/southern-states/andhra-pradesh/groundnut-cultivation-declines-in-anantapur-1893960 ; https://pmc.ncbi.nlm.nih.gov/articles/PMC9914438/,knowledge_engine.collectors.api_collector.APICollector,knowledge_engine.parsers.html_table_parser.HTMLTableParser,QUARTERLY,85,2026-07-24,2026-10-23,TRUE,Package004_Industries,1,1,80.0,Tier 1 - Government of India domain,Scheme parameters change with budget cycles and notifications,HTML portal page; figures are published in tables
src-506,"KVIC/PMEGP common project profiles (kviconline.gov.in): Masala Making Unit, Spice Grinding Unit, Cumin Powder; MSME-DI Hyderabad Brief Industrial Profile (turmeric-producer fact); PIB/DD News/Agro Spectrum India coverage of the National Turmeric Board inauguration (July 2025); Swarajya Mag and related coverage on spice adulteration; Investing.com/Kedia Advisory turmeric price-seasonality reporting; IndiaMART turmeric-processing-machine listings; Udyogwardhini spice-processing course listing",https://www.kviconline.gov.in/pmegp/pmegpweb/docs/commonprojectprofile/SpiceGrindingUnit.pdf ; https://www.kviconline.gov.in/pmegp/pmegpweb/docs/commonprojectprofile/cuminpowderfinal.pdf ; https://msmedihyderabad.gov.in/ ; https://www.pib.gov.in/PressReleasePage.aspx?PRID=2140623 ; https://agrospectrumindia.com/2025/07/02/national-turmeric-board-inaugurated-in-telangana-eyes-1-bn-in-exports.html ; https://swarajyamag.com/science/spice-adulteration-in-india-concerned-citizens-reveal-findings-from-recent-testing ; https://in.investing.com/news/commodities-news/turmeric-drops-amid-farmer-selling-pressure-during-peak-harvest-season-now-5463346 ; https://dir.indiamart.com/impcat/turmeric-processing-plant.html ; https://www.udyogwardhini.com/course/spiceprocessingonlinecourse,knowledge_engine.collectors.api_collector.APICollector,knowledge_engine.parsers.html_table_parser.HTMLTableParser,QUARTERLY,85,2026-07-24,2026-10-23,TRUE,Package004_Industries,1,1,66.0,Tier 1 - Government of India domain,Scheme parameters change with budget cycles and notifications,HTML portal page; figures are published in tables
src-507,PMEGP e-portal; KVIC,https://www.kviconline.gov.in/pmegpeportal/,knowledge_engine.collectors.api_collector.APICollector,knowledge_engine.parsers.html_table_parser.HTMLTableParser,QUARTERLY,85,2026-07-25,2026-10-24,TRUE,Package007_Government_Schemes;Package008_MSME,2,2,75.0,Tier 1 - Government of India domain,Scheme parameters change with budget cycles and notifications,HTML portal page; figures are published in tables
src-508,"WebSearch aggregated (Legal Service India, myHQ, Vakilsearch, RegisterKaro, Patron Accounting)",https://www.legalserviceindia.com/Legal-Articles/startup-india-registration-benefits-2026/; https://vakilsearch.com/article/startup-india-dpiit-registration/,knowledge_engine.collectors.api_collector.APICollector,knowledge_engine.parsers.html_table_parser.HTMLTableParser,ANNUAL,55,2026-07-22,2027-07-22,TRUE,Package004_Industries,1,1,78.0,Tier 3 - other public source,No faster cadence justified by observed change rate,HTML portal page; figures are published in tables
src-509,DGCA drone licensing process as described by industry RPTO training providers (primary DGCA/eGCA government pages could not be directly fetched due to access restrictions on .gov.in domains),https://www.leher.ag/feeds/blog/dgca-drone-license; https://www.flapone.com/drone/drone-pilot-training/small-remote-pilot-certificate; https://dronexindia.com/admission-dgca-certified-drone-pilot-course,knowledge_engine.collectors.rss_collector.RSSCollector,knowledge_engine.parsers.rss_parser.RSSParser,ANNUAL,55,2026-07-24,2027-07-24,TRUE,Package006_Skills_and_Training,1,1,52.0,Tier 3 - other public source,No faster cadence justified by observed change rate,URL serves a syndication feed
src-510,Cross-checked via Manabadi and Shiksha; convenor contact confirms Acharya Nagarjuna University as conducting institution,https://www.manabadi.co.in/entrance-exams/ap-edcet-notification/,knowledge_engine.collectors.api_collector.APICollector,knowledge_engine.parsers.html_table_parser.HTMLTableParser,ANNUAL,55,2026-07-21,2027-07-21,TRUE,Package002_Education,1,1,78.0,Tier 3 - other public source,No faster cadence justified by observed change rate,HTML portal page; figures are published in tables
src-511,Maruti Suzuki official CSR/ITI-upgradation page; CSRBox news coverage of the ASEC initiative,https://www.marutisuzuki.com/corporate/about-us/csr/iti-upgradation-sdd; https://csrbox.org/Impact/description/India_CSR_news_Maruti-to-set-up-auto-skill-enhancement-centres-at-15-ITIs_50,knowledge_engine.collectors.api_collector.APICollector,knowledge_engine.parsers.html_table_parser.HTMLTableParser,ANNUAL,55,2026-07-24,2027-07-24,TRUE,Package006_Skills_and_Training,1,1,58.0,Tier 3 - other public source,No faster cadence justified by observed change rate,HTML portal page; figures are published in tables
src-512,Maruti Suzuki official corporate website; Youth4work institutional profile,https://www.marutisuzuki.com/corporate/careers/training-academy; https://www.university.youth4work.com/Maruti-Suzuki-Training-Academy,knowledge_engine.collectors.api_collector.APICollector,knowledge_engine.parsers.html_table_parser.HTMLTableParser,ANNUAL,55,2026-07-24,2027-07-24,TRUE,Package006_Skills_and_Training,1,1,58.0,Tier 3 - other public source,No faster cadence justified by observed change rate,HTML portal page; figures are published in tables
src-513,Ministry of Corporate Affairs,https://www.mca.gov.in/,knowledge_engine.collectors.api_collector.APICollector,knowledge_engine.parsers.html_table_parser.HTMLTableParser,ANNUAL,85,2026-07-24,2027-07-24,TRUE,Package005_Agriculture,1,1,70.0,Tier 1 - Government of India domain,No faster cadence justified by observed change rate,HTML portal page; figures are published in tables
src-514,McKinsey,https://www.mckinsey.com,knowledge_engine.collectors.api_collector.APICollector,knowledge_engine.parsers.html_table_parser.HTMLTableParser,ANNUAL,62,2026-07-24,2027-07-24,TRUE,Package006_Skills_and_Training,1,1,70.0,Tier 3 - industry association or analyst,Annual industry reporting cycle,HTML portal page; figures are published in tables
src-515,MeitY; industry associations,https://www.meity.gov.in/,knowledge_engine.collectors.api_collector.APICollector,knowledge_engine.parsers.html_table_parser.HTMLTableParser,ANNUAL,85,2026-07-25,2027-07-25,TRUE,Package007_Government_Schemes;Package008_MSME,4,7,64.0,Tier 1 - Government of India domain,No faster cadence justified by observed change rate,HTML portal page; figures are published in tables
src-516,"WebSearch aggregation of platform/industry sources; WebSearch aggregation of Dukaan seller-story, Meta AI-tooling and market-size sources (2026-07-24 pass)",https://www.messagecentral.com/blog/whatsapp-business-api-complete-guide; https://inc42.com/startups/how-dukaans-mobile-first-approach-led-to-building-a-shopify-rival-for-indian-smbs/; https://mydukaan.io/; https://www.cbinsights.com/compare/dukaan-vs-instamojo; https://qz.com/india/2179080/shopifys-indian-rival-dukaan-is-going-global; https://about.fb.com/news/2026/05/introducing-business-ai-on-whatsapp-for-small-businesses-in-india/; https://www.mordorintelligence.com/industry-reports/india-social-commerce-market,knowledge_engine.collectors.api_collector.APICollector,knowledge_engine.parsers.html_table_parser.HTMLTableParser,ANNUAL,55,2026-07-22; 2026-07-24 (v2 enrichment),PENDING_VERIFICATION,TRUE,Package004_Industries,1,1,74.0,Tier 3 - other public source,No faster cadence justified by observed change rate,HTML portal page; figures are published in tables
src-517,"WebSearch cross-check (minorityaffairs.gov.in and indiascienceandtechnology.gov.in listed among results; corroborated by buddy4study.com, india.gov.in)",https://www.minorityaffairs.gov.in/show_content.php?lang=1&level=1&ls_id=775&lid=827,knowledge_engine.collectors.api_collector.APICollector,knowledge_engine.parsers.html_table_parser.HTMLTableParser,ANNUAL,85,2026-07-22,2027-07-22,TRUE,Package002_Education,1,1,80.0,Tier 1 - Government of India domain,No faster cadence justified by observed change rate,HTML portal page; figures are published in tables
src-518,"WebSearch cross-check (minorityaffairs.gov.in and indiascienceandtechnology.gov.in listed among results; corroborated by testbook.com, mahadevmaitri.org, indiascholarships.in)",https://www.minorityaffairs.gov.in/show_content.php?lang=1&level=2&ls_id=163&lid=165,knowledge_engine.collectors.api_collector.APICollector,knowledge_engine.parsers.html_table_parser.HTMLTableParser,ANNUAL,85,2026-07-22,2027-07-22,TRUE,Package002_Education,1,1,80.0,Tier 1 - Government of India domain,No faster cadence justified by observed change rate,HTML portal page; figures are published in tables
src-519,FSSAI,https://www.mofpi.gov.in,knowledge_engine.collectors.api_collector.APICollector,knowledge_engine.parsers.html_table_parser.HTMLTableParser,ANNUAL,85,2026-07-24,2027-07-24,TRUE,Package006_Skills_and_Training,1,2,69.0,Tier 1 - Government of India domain,No faster cadence justified by observed change rate,HTML portal page; figures are published in tables
src-520,WebSearch aggregation (NHA/MoHFW press material summarized by secondary sources; no direct .gov.in fetch this session),https://www.mohfw.gov.in/?q=en/pressrelease/update-ayushman-bharat-pradhan-mantri-jan-arogya-yojana-ab-pm-jay ; https://schemesinindia.in/central/ayushman-bharat-yojana ; https://www.ibef.org/government-schemes/ayushman-bharat ; https://smcinsurance.com/health-insurance/articles/ayushman-bharat-hospital-list ; https://www.bajajfinserv.in/insurance/ayushman-bharat-hospital-list,knowledge_engine.collectors.api_collector.APICollector,knowledge_engine.parsers.html_table_parser.HTMLTableParser,ANNUAL,85,2026-07-22,2027-07-22,TRUE,Package003_Healthcare,1,1,88.0,Tier 1 - Government of India domain,No faster cadence justified by observed change rate,HTML portal page; figures are published in tables
src-521,"Aggregator college-listing sites (moksh16.com, careers360.com) via WebSearch snippets",https://www.moksh16.com/government-medical-college-jagtial,knowledge_engine.collectors.api_collector.APICollector,knowledge_engine.parsers.html_table_parser.HTMLTableParser,ANNUAL,55,2026-07-22,2027-07-22,TRUE,Package003_Healthcare,1,1,85.0,Tier 3 - other public source,No faster cadence justified by observed change rate,HTML portal page; figures are published in tables
src-522,"Aggregator search snippets (moksh16.com, rmgoe.org)",https://www.moksh16.com/government-medical-college-khammam,knowledge_engine.collectors.api_collector.APICollector,knowledge_engine.parsers.html_table_parser.HTMLTableParser,ANNUAL,55,2026-07-22,2027-07-22,TRUE,Package003_Healthcare,1,1,87.0,Tier 3 - other public source,No faster cadence justified by observed change rate,HTML portal page; figures are published in tables
src-523,MSDE official PMKK scheme page; IMPRI India policy-update brief on PMKKs (2025); YouthPower India institutional listing for Hyderabad PMKK,https://www.msde.gov.in/schemes-initiatives/schemes-initiatives-through-nsdc/pradhan-mantri-kaushal-kendras-PMKK; https://www.impriindia.com/insights/policy-update/pradhan-mantri-kaushal-kendras-pmkks/; https://nsdcindia.org/pmkk,knowledge_engine.collectors.api_collector.APICollector,knowledge_engine.parsers.html_table_parser.HTMLTableParser,ANNUAL,85,2026-07-24,2027-07-24,TRUE,Package006_Skills_and_Training,1,1,66.0,Tier 1 - Government of India domain,No faster cadence justified by observed change rate,HTML portal page; figures are published in tables
src-524,"WebSearch aggregated (MSDE official site, PIB, MyScheme, YouthPower India, YuvaSathi)",https://www.msde.gov.in/static/uploads/2024/02/PMKVY-4.0-Guidelines_final-copy.pdf; https://www.myscheme.gov.in/schemes/pmkvy-rpl; https://youthpower.in/scheme/pmkvy-rpl; https://www.pib.gov.in/PressReleaseIframePage.aspx?PRID=2100845,knowledge_engine.collectors.api_collector.APICollector,knowledge_engine.parsers.html_table_parser.HTMLTableParser,QUARTERLY,85,2026-07-24,2026-10-23,TRUE,Package006_Skills_and_Training,1,1,80.0,Tier 1 - Government of India domain,Scheme parameters change with budget cycles and notifications,HTML portal page; figures are published in tables
src-525,MSDE PMKVY 4.0 Guidelines; myScheme government scheme portal,https://www.msde.gov.in/static/uploads/2024/02/PMKVY-4.0-Guidelines_final-copy.pdf; https://www.myscheme.gov.in/schemes/pmkvy-stt,knowledge_engine.collectors.api_collector.APICollector,knowledge_engine.parsers.html_table_parser.HTMLTableParser,QUARTERLY,85,2026-07-24,2026-10-23,TRUE,Package006_Skills_and_Training,1,1,78.0,Tier 1 - Government of India domain,Scheme parameters change with budget cycles and notifications,HTML portal page; figures are published in tables
src-526,MSME-DI Thrissur project profile on Aluminium Fabrication; KVIC PMEGP common project profile documents (search-snippet level); Jindal Aluminium and Hindalco company materials; Entrepreneur Street profile of Aluguard Systems; NIIR aluminium-fabrication business-idea industry summary,https://www.msmedithrissur.gov.in/pdf/Aluminumfabrication.pdf ; https://www.kviconline.gov.in/pmegp/pmegpweb/docs/commonprojectprofile/AluminiumFabrictaion.pdf ; https://jindalaluminium.com/ ; https://www.hindalco.com/businesses/aluminium/extrusions ; https://entrepreneurstreet.in/9154-2/ ; https://www.niir.org/blog/aluminium-manufacturing-business/,knowledge_engine.collectors.api_collector.APICollector,knowledge_engine.parsers.html_table_parser.HTMLTableParser,QUARTERLY,85,2026-07-23,2026-10-22,TRUE,Package004_Industries,1,1,66.0,Tier 1 - Government of India domain,Scheme parameters change with budget cycles and notifications,HTML portal page; figures are published in tables
src-527,MUDRA; Department of Financial Services,https://www.mudra.org.in/,knowledge_engine.collectors.api_collector.APICollector,knowledge_engine.parsers.html_table_parser.HTMLTableParser,QUARTERLY,55,2026-07-25,2026-10-24,TRUE,Package007_Government_Schemes;Package008_MSME,2,2,76.5,Tier 3 - other public source,Scheme parameters change with budget cycles and notifications,HTML portal page; figures are published in tables
src-528,Package001_Geography district master; scheme guidelines,https://www.myscheme.gov.in/,knowledge_engine.collectors.api_collector.APICollector,knowledge_engine.parsers.html_table_parser.HTMLTableParser,QUARTERLY,85,2026-07-25,2026-10-24,TRUE,Package007_Government_Schemes;Package008_MSME,7,556,70.8,Tier 1 - Government of India domain,Scheme parameters change with budget cycles and notifications,HTML portal page; figures are published in tables
src-529,NABARD,https://www.nabard.org/,knowledge_engine.collectors.api_collector.APICollector,knowledge_engine.parsers.html_table_parser.HTMLTableParser,ANNUAL,82,2026-07-25,2027-07-25,TRUE,Package005_Agriculture;Package007_Government_Schemes;Package008_MSME,5,8,73.4,Tier 1 - statutory financial or development institution,No faster cadence justified by observed change rate,HTML portal page; figures are published in tables
src-530,NASSCOM,https://www.nasscom.in,knowledge_engine.collectors.api_collector.APICollector,knowledge_engine.parsers.html_table_parser.HTMLTableParser,ANNUAL,62,2026-07-24,2027-07-24,TRUE,Package006_Skills_and_Training,1,6,66.8,Tier 3 - industry association or analyst,Annual industry reporting cycle,HTML portal page; figures are published in tables
src-531,"NASSCOM Industry Skills Mapping, LinkedIn Jobs Report",https://www.nasscom.in/knowledge-center,knowledge_engine.collectors.api_collector.APICollector,knowledge_engine.parsers.html_table_parser.HTMLTableParser,ANNUAL,62,2026-07-24,2027-07-24,TRUE,Package006_Skills_and_Training,1,40,68.0,Tier 3 - industry association or analyst,Annual industry reporting cycle,HTML portal page; figures are published in tables
src-532,WebSearch cross-check (NBA official site + Ministry of Education page),https://www.nbaind.org/,knowledge_engine.collectors.api_collector.APICollector,knowledge_engine.parsers.html_table_parser.HTMLTableParser,ANNUAL,55,2026-07-21,2027-07-21,TRUE,Package002_Education,1,1,72.0,Tier 3 - other public source,No faster cadence justified by observed change rate,HTML portal page; figures are published in tables
src-533,NDDB; Department of Animal Husbandry & Dairying,https://www.nddb.coop/,knowledge_engine.collectors.api_collector.APICollector,knowledge_engine.parsers.html_table_parser.HTMLTableParser,ANNUAL,55,2026-07-24,2027-07-24,TRUE,Package005_Agriculture,1,1,75.0,Tier 3 - other public source,No faster cadence justified by observed change rate,HTML portal page; figures are published in tables
src-534,MoHFW,https://www.nha.gov.in,knowledge_engine.collectors.api_collector.APICollector,knowledge_engine.parsers.html_table_parser.HTMLTableParser,ANNUAL,85,2026-07-24,2027-07-24,TRUE,Package006_Skills_and_Training,1,1,67.0,Tier 1 - Government of India domain,No faster cadence justified by observed change rate,HTML portal page; figures are published in tables
src-535,NIELIT official website (Hyderabad centre page),https://www.nielit.gov.in/hyderabad/index.php,knowledge_engine.collectors.api_collector.APICollector,knowledge_engine.parsers.html_table_parser.HTMLTableParser,ANNUAL,85,2026-07-24,2027-07-24,TRUE,Package006_Skills_and_Training,1,1,73.0,Tier 1 - Government of India domain,No faster cadence justified by observed change rate,HTML portal page; figures are published in tables
src-536,NIELIT official 'A' Level page; NIELIT NSQF-aligned courses annexure,https://www.nielit.in/content/%E2%80%99-level-it; https://www.nielit.gov.in/sites/default/files/general/NSQF_Annexure%20IX%20-%20Details%20of%20NSQF%20aligned%20NIELIT%20Courses.pdf,knowledge_engine.collectors.api_collector.APICollector,knowledge_engine.parsers.pdf_parser.PDFParser,ANNUAL,55,2026-07-24,2027-07-24,TRUE,Package006_Skills_and_Training,1,1,76.0,Tier 3 - other public source,No faster cadence justified by observed change rate,URL serves a PDF document
src-537,NIELIT official course page; NIELIT exam FAQ aggregator,https://www.nielit.in/content/course-computer-concepts-ccc; https://examjila.in/content/ccc-course-faqs/,knowledge_engine.collectors.api_collector.APICollector,knowledge_engine.parsers.html_table_parser.HTMLTableParser,ANNUAL,55,2026-07-24,2027-07-24,TRUE,Package006_Skills_and_Training,1,1,74.0,Tier 3 - other public source,No faster cadence justified by observed change rate,HTML portal page; figures are published in tables
src-538,NIELIT official 'O' Level page; National Qualification Register (NQR),https://www.nielit.in/content/o%E2%80%99-level-it; https://nqr.gov.in/qualifications-register/search?field_qualification_title__value=o+level,knowledge_engine.collectors.api_collector.APICollector,knowledge_engine.parsers.html_table_parser.HTMLTableParser,ANNUAL,55,2026-07-24,2027-07-24,TRUE,Package006_Skills_and_Training,1,1,72.0,Tier 3 - other public source,No faster cadence justified by observed change rate,HTML portal page; figures are published in tables
src-539,NIIT official corporate website; NIIT Foundation official website,https://www.niit.com/india/training; https://niitfoundation.org/skill-development-centres/,knowledge_engine.collectors.api_collector.APICollector,knowledge_engine.parsers.html_table_parser.HTMLTableParser,ANNUAL,55,2026-07-24,2027-07-24,TRUE,Package006_Skills_and_Training,1,1,55.0,Tier 3 - other public source,No faster cadence justified by observed change rate,HTML portal page; figures are published in tables
src-540,DGT/NCVT Turner and Machinist CTS Qualification Files; CNC Machinist 3-Axis Short-Term Course Qualification File; Bharat Skills CITS Machinist & Operator Advance Machine Tool curriculum,https://www.nimilearningonline.in/shortterm_pdf/CNC%20Machinist%203-Axis_STC_NSQF-5.pdf; https://bharatskills.gov.in/pdf/QF_Curriculum/Machinist&OperatorAdvanceMachineToolc.pdf; https://syllabus.iti.directory/cts/turner,knowledge_engine.collectors.api_collector.APICollector,knowledge_engine.parsers.html_table_parser.HTMLTableParser,ANNUAL,55,2026-07-24,2027-07-24,TRUE,Package006_Skills_and_Training,1,1,70.0,Tier 3 - other public source,No faster cadence justified by observed change rate,HTML portal page; figures are published in tables
src-541,NIRF Official Website,https://www.nirfindia.org/Home/About,knowledge_engine.collectors.api_collector.APICollector,knowledge_engine.parsers.html_table_parser.HTMLTableParser,ANNUAL,55,2026-07-22,2027-07-22,TRUE,Package002_Education,1,1,88.0,Tier 3 - other public source,No faster cadence justified by observed change rate,HTML portal page; figures are published in tables
src-542,WebSearch,https://www.nmc.org.in/; https://en.wikipedia.org/wiki/National_Medical_Commission,knowledge_engine.collectors.api_collector.APICollector,knowledge_engine.parsers.html_table_parser.HTMLTableParser,ANNUAL,55,2026-07-21,2027-07-21,TRUE,Package003_Healthcare,1,1,85.0,Tier 3 - other public source,No faster cadence justified by observed change rate,HTML portal page; figures are published in tables
src-543,DGT/NCVT Plumber CTS and ATS Qualification Files (multiple curriculum versions at different NSQF levels),https://www.nqr.gov.in/sites/default/files/Plumber_ATS_NSQF-5_0.pdf; https://www.cstaricalcutta.gov.in/images/ATS-Plumber-NSQF-5.pdf; https://dgt.gov.in,knowledge_engine.collectors.api_collector.APICollector,knowledge_engine.parsers.html_table_parser.HTMLTableParser,ANNUAL,85,2026-07-24,2027-07-24,TRUE,Package006_Skills_and_Training,1,1,58.0,Tier 1 - Government of India domain,No faster cadence justified by observed change rate,HTML portal page; figures are published in tables
src-544,National Qualification Register (NQR) Qualification File; B&WSSC official site,https://www.nqr.gov.in/sites/default/files/Q-File_Trainee%20Beautician_V1.0.pdf; https://www.bwssc.in/,knowledge_engine.collectors.api_collector.APICollector,knowledge_engine.parsers.html_table_parser.HTMLTableParser,ANNUAL,85,2026-07-24,2027-07-24,TRUE,Package006_Skills_and_Training,1,1,64.0,Tier 1 - Government of India domain,No faster cadence justified by observed change rate,HTML portal page; figures are published in tables
src-545,DGT/NCVET Electrician CTS 2.0 Qualification File; DGT apprenticeship (NAPS) framework; IASC Sector Skill Council PLC Technician QP; ESSCI Qualification Packs,https://www.nqr.gov.in/sites/default/files/QF_Electrician_CTS2.0_NSQF-4.pdf; https://iascsectorskillcouncil.in/wp-content/uploads/2022/01/QPNOS_PLCTechnician.pdf; https://www.essc-india.org/qualification-packs.php; https://dgt.gov.in,knowledge_engine.collectors.api_collector.APICollector,knowledge_engine.parsers.html_table_parser.HTMLTableParser,ANNUAL,85,2026-07-24,2027-07-24,TRUE,Package006_Skills_and_Training,1,1,68.0,Tier 1 - Government of India domain,No faster cadence justified by observed change rate,HTML portal page; figures are published in tables
src-546,"WebSearch aggregated (NSDC official site, Vajiram & Ravi, BankBazaar, Newkerala)",https://www.nsdcindia.org/; https://www.newkerala.com/news/a/over-650-youth-compete-indiaskills-national-competition-263.htm,knowledge_engine.collectors.api_collector.APICollector,knowledge_engine.parsers.html_table_parser.HTMLTableParser,ANNUAL,55,2026-07-22,2027-07-22,TRUE,Package004_Industries,1,1,78.0,Tier 3 - other public source,No faster cadence justified by observed change rate,HTML portal page; figures are published in tables
src-547,"NSDC 'Construction Painter and Decorator' participant handbook/QP; National Qualifications Register (NQR) qualification file; Asian Paints dealership-model and app materials (Khatabook, StartupTalky, Asian Paints official app-store listings); paint-industry seasonal-demand analysis (Adgully, DKSH Insights, Business Standard)",https://www.nsdcindia.org/scmp/assets/image/1622654326-Construction_painter_and_Decorator.pdf ; https://nqr.gov.in/qualifications/9775 ; https://www.csdcindia.org/qualification-packs-model-curriculums/ ; https://khatabook.com/blog/how-to-get-asian-paints-dealership-in-india/ ; https://www.asianpaints.com/resources/tools/mobile-app.html ; https://www.adgully.com/post/6464/festival-season-fuels-demand-rebound-in-indias-paint-sector-what-brands-are-doing-differently ; https://www.dksh.com/global-en/home/insights/exploring-the-timeless-indian-tradition-of-painting-houses-during-diwali,knowledge_engine.collectors.api_collector.APICollector,knowledge_engine.parsers.html_table_parser.HTMLTableParser,ANNUAL,55,2026-07-23,2027-07-23,TRUE,Package004_Industries,1,1,76.0,Tier 3 - other public source,No faster cadence justified by observed change rate,HTML portal page; figures are published in tables
src-548,"Ministry of Micro, Small and Medium Enterprises",https://www.nsic.co.in/,knowledge_engine.collectors.api_collector.APICollector,knowledge_engine.parsers.html_table_parser.HTMLTableParser,ANNUAL,82,2026-07-25,2027-07-25,TRUE,Package007_Government_Schemes;Package008_MSME,2,2,71.0,Tier 1 - statutory financial or development institution,No faster cadence justified by observed change rate,HTML portal page; figures are published in tables
src-549,"WebSearch cross-check (dst.gov.in and indiascienceandtechnology.gov.in listed among results; corroborated by buddy4study.com, sabscholarship.com)",https://www.online-inspire.gov.in/Content/SHEFAQs.pdf,knowledge_engine.collectors.api_collector.APICollector,knowledge_engine.parsers.pdf_parser.PDFParser,ANNUAL,85,2026-07-22,2027-07-22,TRUE,Package002_Education,1,1,88.0,Tier 1 - Government of India domain,No faster cadence justified by observed change rate,URL serves a PDF document
src-550,Oracle,https://www.oracle.com,knowledge_engine.collectors.api_collector.APICollector,knowledge_engine.parsers.html_table_parser.HTMLTableParser,ANNUAL,55,2026-07-24,2027-07-24,TRUE,Package006_Skills_and_Training,1,1,70.0,Tier 3 - other public source,No faster cadence justified by observed change rate,HTML portal page; figures are published in tables
src-551,PFRDA; NPS Trust,https://www.pfrda.org.in/,knowledge_engine.collectors.api_collector.APICollector,knowledge_engine.parsers.html_table_parser.HTMLTableParser,ANNUAL,55,2026-07-25,2027-07-25,TRUE,Package007_Government_Schemes,1,1,74.0,Tier 3 - other public source,No faster cadence justified by observed change rate,HTML portal page; figures are published in tables
src-552,Ministry of Agriculture,https://www.pib.gov.in/,knowledge_engine.collectors.api_collector.APICollector,knowledge_engine.parsers.html_table_parser.HTMLTableParser,ANNUAL,85,2026-07-24,2027-07-24,TRUE,Package005_Agriculture,1,2,71.0,Tier 1 - Government of India domain,No faster cadence justified by observed change rate,HTML portal page; figures are published in tables
src-553,Ministry of Agriculture,https://www.pib.gov.in/PressReleaseIframePage.aspx?PRID=1598373,knowledge_engine.collectors.api_collector.APICollector,knowledge_engine.parsers.html_table_parser.HTMLTableParser,ANNUAL,85,2026-07-24,2027-07-24,TRUE,Package005_Agriculture,1,1,74.0,Tier 1 - Government of India domain,No faster cadence justified by observed change rate,HTML portal page; figures are published in tables
src-554,PMFME Model DPR - Ragi/Small Millets Processing Unit (hosted on state PMFME portals); PIB/Agro Spectrum India coverage of Telangana's PJTSAU Millet Incubation Centre; Telangana Today news report on Chelpur unit; IIMR FPO-support data; The Better India (Troo Good and Health Sutra founder profiles); Future Market Insights / 6Wresearch / Ken Research millet-market-size reporting; OpenPR India millets-production data,https://www.pib.gov.in/PressReleaseIframePage.aspx?PRID=1947884 ; https://agrospectrumindia.com/2023/09/17/telangana-inaugurates-the-first-of-its-kind-millet-incubation-centre-at-hyderabad.html ; https://telanganatoday.com/telangana-bhupalpally-swears-by-millets-as-farmers-turn-to-cereal-grains ; https://thebetterindia.com/325105/hyderabad-entrepreneur-raju-bhupati-makes-affordable-troo-good-millet-snacks/ ; https://thebetterindia.com/338546/millet-startup-revenue-in-crores-ready-to-eat-food-health-sutra-hyderabad/ ; https://www.futuremarketinsights.com/reports/millet-market ; https://www.6wresearch.com/market-takeaways-view/millet-market-size-in-india ; https://www.openpr.com/news/4506296/india-millets-market-surpasses-17-25-million-metric-tons,knowledge_engine.collectors.api_collector.APICollector,knowledge_engine.parsers.html_table_parser.HTMLTableParser,ANNUAL,85,2026-07-24,2027-07-24,TRUE,Package004_Industries,1,1,73.0,Tier 1 - Government of India domain,No faster cadence justified by observed change rate,HTML portal page; figures are published in tables
src-555,PIB press release on IIMR's millet-promotion/FPO-support activities; ICAR official feature on the Dhimsa FPO/Killoguda Custom Hiring Centre; Krishi Jagran coverage of ICAR-IIMR millet-processing-unit rollout for FPOs; millets.res.in IIMR FPO Profiles document,https://www.pib.gov.in/PressReleaseIframePage.aspx?PRID=1947884 ; https://www.icar.gov.in/en/icar-iimr-establishes-millet-processing-custom-hiring-centre-boost-tribal-livelihoods-killoguda ; https://krishijagran.com/agriculture-world/icar-iimr-sets-up-millet-processing-unit-for-farmers-fpos/ ; https://www.millets.res.in/pdf/success_stories/IIMR_FPO_Profiles.pdf,knowledge_engine.collectors.api_collector.APICollector,knowledge_engine.parsers.pdf_parser.PDFParser,ANNUAL,85,2026-07-24,2027-07-24,TRUE,Package004_Industries,1,1,56.0,Tier 1 - Government of India domain,No faster cadence justified by observed change rate,URL serves a PDF document
src-556,PIB press release on PM Vishwakarma Yojana; DGT/NCVT ITI Carpenter syllabus (Bharat Skills/NSQF); KVIC PMEGP Wooden Furniture project profile; YourStory profile of Priti Ajay Hinge; Umaboy CNC router company materials; Archidply Industries company materials; Knight Frank Skilled Employment in Construction report,https://www.pib.gov.in/PressReleaseIframePage.aspx?PRID=1987716 ; https://bharatskills.gov.in/pdf/QF_Curriculum/CarpenterCITSc.pdf ; https://www.kviconline.gov.in/pmegp/pmegpweb/docs/commonprojectprofile/PROJECT%20PROFILE%20ON%20WOODEN%20FURNITURE.pdf ; https://yourstory.com/socialstory/2022/04/woman-successful-entrepreneur-village-monday-motivation ; https://www.umaboy.com/product-category/cnc-router/ ; https://www.indiamart.com/archid-ply-industries/ ; https://content.knightfrank.com/research/2729/documents/en/skilled-employment-in-construction-sector-in-india-2023-10450.pdf,knowledge_engine.collectors.api_collector.APICollector,knowledge_engine.parsers.pdf_parser.PDFParser,QUARTERLY,85,2026-07-23,2026-10-22,TRUE,Package004_Industries,1,1,85.0,Tier 1 - Government of India domain,Scheme parameters change with budget cycles and notifications,URL serves a PDF document
src-557,PIB (Press Information Bureau) official press release on Skill India Digital Hub; India.gov.in National Portal service listing,https://www.pib.gov.in/PressReleasePage.aspx?PRID=2222120&reg=3&lang=1; https://www.india.gov.in/services/details/skill-india-digital-hub,knowledge_engine.collectors.api_collector.APICollector,knowledge_engine.parsers.html_table_parser.HTMLTableParser,QUARTERLY,85,2026-07-24,2026-10-23,TRUE,Package006_Skills_and_Training,1,1,74.0,Tier 1 - Government of India domain,Scheme parameters change with budget cycles and notifications,HTML portal page; figures are published in tables
src-558,WebSearch aggregation (secondary/portal cross-check; official site inaccessible via WebFetch this session),https://www.pjtsau.edu.in/historical-background.html; https://en.wikipedia.org/wiki/Professor_Jayashankar_Telangana_State_Agricultural_University,knowledge_engine.collectors.api_collector.APICollector,knowledge_engine.parsers.html_table_parser.HTMLTableParser,ANNUAL,55,2026-07-22,2027-07-22,TRUE,Package002_Education,1,1,76.0,Tier 3 - other public source,No faster cadence justified by observed change rate,HTML portal page; figures are published in tables
src-559,Ministry of Agriculture,https://www.pmsmsby.gov.in/,knowledge_engine.collectors.api_collector.APICollector,knowledge_engine.parsers.html_table_parser.HTMLTableParser,ANNUAL,85,2026-07-24,2027-07-24,TRUE,Package005_Agriculture,1,1,75.0,Tier 1 - Government of India domain,No faster cadence justified by observed change rate,HTML portal page; figures are published in tables
src-560,"Cross-checked via PW Live, Apollo University blog and AP Teachers portal (application portal cets.apsche.ap.gov.in/ICET)",https://www.pw.live/mba/exams/ap-icet-2026,knowledge_engine.collectors.api_collector.APICollector,knowledge_engine.parsers.html_table_parser.HTMLTableParser,ANNUAL,55,2026-07-22,2027-07-22,TRUE,Package002_Education,1,1,86.0,Tier 3 - other public source,No faster cadence justified by observed change rate,HTML portal page; figures are published in tables
src-561,Reserve Bank of India,https://www.rbi.org.in/,knowledge_engine.collectors.api_collector.APICollector,knowledge_engine.parsers.html_table_parser.HTMLTableParser,ANNUAL,82,2026-07-25,2027-07-25,TRUE,Package007_Government_Schemes;Package008_MSME,3,9,71.7,Tier 1 - statutory financial or development institution,No faster cadence justified by observed change rate,HTML portal page; figures are published in tables
src-562,Red Hat official NSDC training and certification partnership page,https://www.redhat.com/en/services/training-and-certification/nsdc,knowledge_engine.collectors.api_collector.APICollector,knowledge_engine.parsers.html_table_parser.HTMLTableParser,ANNUAL,55,2026-07-24,2027-07-24,TRUE,Package006_Skills_and_Training,1,1,58.0,Tier 3 - other public source,No faster cadence justified by observed change rate,HTML portal page; figures are published in tables
src-563,WebSearch aggregation (secondary/portal cross-check; official site inaccessible via WebFetch this session),https://www.rguktrkv.ac.in/; https://rgukt.in/about/,knowledge_engine.collectors.api_collector.APICollector,knowledge_engine.parsers.html_table_parser.HTMLTableParser,ANNUAL,75,2026-07-22,2027-07-22,TRUE,Package002_Education,1,1,60.0,Tier 2 - academic institution,No faster cadence justified by observed change rate,HTML portal page; figures are published in tables
src-564,Official college website; aggregator cross-check,https://www.rimssrikakulam.org/ ; https://collegekaka.com/rims-srikakulam/,knowledge_engine.collectors.api_collector.APICollector,knowledge_engine.parsers.html_table_parser.HTMLTableParser,ANNUAL,55,2026-07-22,2027-07-22,TRUE,Package003_Healthcare,1,1,88.0,Tier 3 - other public source,No faster cadence justified by observed change rate,HTML portal page; figures are published in tables
src-565,"WebSearch aggregation: institution's own domain (sdivisakh.in) surfaced in results; corroborated by nationalskillsnetwork.in, Ministry of Petroleum & Natural Gas refining/skill-development page, Devex",https://www.sdivisakh.in/atglance.html,knowledge_engine.collectors.api_collector.APICollector,knowledge_engine.parsers.html_table_parser.HTMLTableParser,ANNUAL,55,2026-07-24,2027-07-24,TRUE,Package006_Skills_and_Training,1,1,75.0,Tier 3 - other public source,No faster cadence justified by observed change rate,HTML portal page; figures are published in tables
src-566,Schneider Electric India EcoXpert partner program pages,https://www.se.com/in/en/partners/ecoxpert/; https://www.se.com/in/en/partners/ecoxpert/discover/certifications-and-specializations.jsp,knowledge_engine.collectors.api_collector.APICollector,knowledge_engine.parsers.html_table_parser.HTMLTableParser,ANNUAL,55,2026-07-24,2027-07-24,TRUE,Package006_Skills_and_Training,1,1,56.0,Tier 3 - other public source,No faster cadence justified by observed change rate,HTML portal page; figures are published in tables
src-567,Official Consortium of NLUs website cross-checked via Careers360 Law and Shiksha,https://www.shiksha.com/law/articles/consortiumofnlus-ac-in-clat-official-website-blogId-188634,knowledge_engine.collectors.api_collector.APICollector,knowledge_engine.parsers.html_table_parser.HTMLTableParser,ANNUAL,55,2026-07-21,2027-07-21,TRUE,Package002_Education,1,1,88.0,Tier 3 - other public source,No faster cadence justified by observed change rate,HTML portal page; figures are published in tables
src-568,Cross-checked via Shiksha and Findmycollege (application portal lawcet.tgche.ac.in),https://www.shiksha.com/law/ts-pglcet-exam,knowledge_engine.collectors.api_collector.APICollector,knowledge_engine.parsers.html_table_parser.HTMLTableParser,ANNUAL,55,2026-07-21,2027-07-21,TRUE,Package002_Education,1,1,78.0,Tier 3 - other public source,No faster cadence justified by observed change rate,HTML portal page; figures are published in tables
src-569,SIAM,https://www.siam.in,knowledge_engine.collectors.api_collector.APICollector,knowledge_engine.parsers.html_table_parser.HTMLTableParser,ANNUAL,55,2026-07-24,2027-07-24,TRUE,Package006_Skills_and_Training,1,1,65.0,Tier 3 - other public source,No faster cadence justified by observed change rate,HTML portal page; figures are published in tables
src-570,WebSearch aggregation of contemporaneous news coverage (launch-week reporting),https://www.siasat.com/telangana-govt-launches-new-health-scheme-for-govt-employees-3508268/ ; https://www.thehansindia.com/telangana/new-employees-health-scheme-launched-1098559 ; https://www.socialnews.xyz/2026/07/17/telangana-launches-new-health-scheme-for-employees-pensioners/,knowledge_engine.collectors.api_collector.APICollector,knowledge_engine.parsers.html_table_parser.HTMLTableParser,ANNUAL,55,2026-07-21,2027-07-21,TRUE,Package003_Healthcare,1,1,82.0,Tier 3 - other public source,No faster cadence justified by observed change rate,HTML portal page; figures are published in tables
src-571,SIDBI,https://www.sidbi.in/,knowledge_engine.collectors.api_collector.APICollector,knowledge_engine.parsers.html_table_parser.HTMLTableParser,ANNUAL,82,2026-07-25,2027-07-25,TRUE,Package007_Government_Schemes;Package008_MSME,3,4,72.2,Tier 1 - statutory financial or development institution,No faster cadence justified by observed change rate,HTML portal page; figures are published in tables
src-572,Siemens,https://www.siemens.com,knowledge_engine.collectors.api_collector.APICollector,knowledge_engine.parsers.html_table_parser.HTMLTableParser,ANNUAL,55,2026-07-24,2027-07-24,TRUE,Package006_Skills_and_Training,1,1,71.0,Tier 3 - other public source,No faster cadence justified by observed change rate,HTML portal page; figures are published in tables
src-573,Siemens official SITRAIN SMSCP program page,https://www.siemens.com/global/en/products/services/digital-enterprise-services/training-services/sitrain/smscp.html,knowledge_engine.collectors.api_collector.APICollector,knowledge_engine.parsers.html_table_parser.HTMLTableParser,ANNUAL,55,2026-07-24,2027-07-24,TRUE,Package006_Skills_and_Training,1,1,58.0,Tier 3 - other public source,No faster cadence justified by observed change rate,HTML portal page; figures are published in tables
src-574,MSDE; NSDC; Skill India Digital,https://www.skillindiadigital.gov.in/,knowledge_engine.collectors.api_collector.APICollector,knowledge_engine.parsers.html_table_parser.HTMLTableParser,ANNUAL,85,2026-07-25,2027-07-25,TRUE,Package007_Government_Schemes,1,1,76.0,Tier 1 - Government of India domain,No faster cadence justified by observed change rate,HTML portal page; figures are published in tables
src-575,"WebSearch (secondary aggregation of government/NASSCOM sources, industry AI-adoption and market reports, freelance-marketplace/gig-economy data, and portal blogs); direct WebFetch to .gov.in domains blocked by session egress policy",https://www.skillindiadigital.gov.in/free-online-courses/ | https://it.telangana.gov.in/initiatives/task/ | https://rakeshranks.com/ | https://udyamregistration.gov.in/,knowledge_engine.collectors.api_collector.APICollector,knowledge_engine.parsers.html_table_parser.HTMLTableParser,SEMI_ANNUAL,85,2026-07-23,2027-01-21,TRUE,Package004_Industries,1,1,79.0,Tier 1 - Government of India domain,Compliance thresholds and product lists are revised periodically,HTML portal page; figures are published in tables
src-576,"WebSearch (secondary aggregation of government/NASSCOM sources, industry AI-adoption and market reports, freelance-marketplace/gig-economy data, and portal blogs); direct WebFetch to .gov.in domains blocked by session egress policy",https://www.skillindiadigital.gov.in/free-online-courses/ | https://wehub.telangana.gov.in/ | https://rakeshranks.com/,knowledge_engine.collectors.api_collector.APICollector,knowledge_engine.parsers.html_table_parser.HTMLTableParser,ANNUAL,85,2026-07-23,2027-07-23,TRUE,Package004_Industries,1,1,71.0,Tier 1 - Government of India domain,No faster cadence justified by observed change rate,HTML portal page; figures are published in tables
src-577,"WebSearch aggregated (SMFG India Credit, Paisabazaar, Credlix, Bajaj Finserv, AP district portals)",https://www.smfgindiacredit.com/knowledge-center/district-industries-centers.aspx; https://www.paisabazaar.com/business-loan/district-industries-centers/,knowledge_engine.collectors.api_collector.APICollector,knowledge_engine.parsers.html_table_parser.HTMLTableParser,ANNUAL,55,2026-07-22,2027-07-22,TRUE,Package004_Industries,1,1,75.0,Tier 3 - other public source,No faster cadence justified by observed change rate,HTML portal page; figures are published in tables
src-578,Ministry of Agriculture,https://www.soilhealth.dac.gov.in/,knowledge_engine.collectors.api_collector.APICollector,knowledge_engine.parsers.html_table_parser.HTMLTableParser,ANNUAL,85,2026-07-24,2027-07-24,TRUE,Package005_Agriculture,1,1,74.0,Tier 1 - Government of India domain,No faster cadence justified by observed change rate,HTML portal page; figures are published in tables
src-579,Stand-Up India portal,https://www.standupmitra.in/,knowledge_engine.collectors.api_collector.APICollector,knowledge_engine.parsers.html_table_parser.HTMLTableParser,QUARTERLY,55,2026-07-25,2026-10-24,TRUE,Package007_Government_Schemes;Package008_MSME,2,2,74.5,Tier 3 - other public source,Scheme parameters change with budget cycles and notifications,HTML portal page; figures are published in tables
src-580,DPIIT; Startup India,https://www.startupindia.gov.in/,knowledge_engine.collectors.api_collector.APICollector,knowledge_engine.parsers.html_table_parser.HTMLTableParser,QUARTERLY,85,2026-07-25,2026-10-24,TRUE,Package008_MSME,3,3,69.3,Tier 1 - Government of India domain,Scheme parameters change with budget cycles and notifications,HTML portal page; figures are published in tables
src-581,"WebSearch aggregated (Sarkari Yojana, Stashfin, Matribhumi Samachar, Yojana Vichar)",https://www.stashfin.com/blogs/mudra-loan-india-pmmy-guide; https://matribhumisamachar.com/en/2026/04/25/pm-mudra-loan-yojana-2026-complete-guide-to-shishu-kishore-tarun-and-tarun-plus/,knowledge_engine.collectors.api_collector.APICollector,knowledge_engine.parsers.html_table_parser.HTMLTableParser,QUARTERLY,55,2026-07-22,2026-10-21,TRUE,Package004_Industries,1,1,82.0,Tier 3 - other public source,Scheme parameters change with budget cycles and notifications,HTML portal page; figures are published in tables
src-582,"WebSearch aggregation of business directories and industry articles; WebSearch aggregation of rental-platform, wedding-market-size and circular-fashion sources (2026-07-24 pass)",https://www.sulekha.com/lehenga-on-rent/hyderabad; https://www.sulekha.com/lehenga-on-rent/visakhapatnam; https://www.sulekha.com/bridal-wear-on-rent/vijayawada; https://sanafabrics.in/sarees-that-define-telanganas-style-legacy; https://www.iifl.com/blogs/business-loan/pmegp-vs-mudra-loan; https://couturencore.com/; https://www.instagram.com/flyrobe/?hl=en; https://www.pib.gov.in/Pressreleaseshare.aspx?PRID=1959098&reg=48&lang=2; https://www.firstresort.in/blogs/research/indian-wedding-fashion-statistics-2026; https://www.futuremarketinsights.com/reports/circular-fashion-rental-market; https://www.mordorintelligence.com/industry-reports/online-clothing-rental-market,knowledge_engine.collectors.api_collector.APICollector,knowledge_engine.parsers.html_table_parser.HTMLTableParser,QUARTERLY,55,2026-07-22; 2026-07-24 (v2 enrichment),PENDING_VERIFICATION,TRUE,Package004_Industries,1,1,76.0,Tier 3 - other public source,Scheme parameters change with budget cycles and notifications,HTML portal page; figures are published in tables
src-583,WebSearch aggregation (secondary/portal cross-check; official site inaccessible via WebFetch this session),https://www.svuonline.in/; https://education.sakshi.com/en/academic-exams/education-news/national-institutional-ranking-framework-2025-rankings-released-182957,knowledge_engine.collectors.api_collector.APICollector,knowledge_engine.parsers.html_table_parser.HTMLTableParser,ANNUAL,55,2026-07-22,2027-07-22,TRUE,Package002_Education,1,1,80.0,Tier 3 - other public source,No faster cadence justified by observed change rate,HTML portal page; figures are published in tables
src-584,Department of Empowerment of Persons with Disabilities,https://www.swavlambancard.gov.in/,knowledge_engine.collectors.api_collector.APICollector,knowledge_engine.parsers.html_table_parser.HTMLTableParser,ANNUAL,85,2026-07-25,2027-07-25,TRUE,Package007_Government_Schemes,1,1,72.0,Tier 1 - Government of India domain,No faster cadence justified by observed change rate,HTML portal page; figures are published in tables
src-585,Tally Academy authorized certification page; course-fee aggregator,https://www.tallyacademy.in/Tally-Certification.html; https://collegedunia.com/courses/tally/tally-certification,knowledge_engine.collectors.api_collector.APICollector,knowledge_engine.parsers.html_table_parser.HTMLTableParser,ANNUAL,55,2026-07-24,2027-07-24,TRUE,Package006_Skills_and_Training,1,1,58.0,Tier 3 - other public source,No faster cadence justified by observed change rate,HTML portal page; figures are published in tables
src-586,"WebSearch aggregation: targetadmission.com, list.polytechniccolleges.in",https://www.targetadmission.com/colleges/5821-andhra-polytechnic-kakinada,knowledge_engine.collectors.api_collector.APICollector,knowledge_engine.parsers.html_table_parser.HTMLTableParser,ANNUAL,55,2026-07-24,2027-07-24,TRUE,Package006_Skills_and_Training,1,1,62.0,Tier 3 - other public source,No faster cadence justified by observed change rate,HTML portal page; figures are published in tables
src-587,"TASK official website; Department of IT, Electronics & Communications, Government of Telangana",https://www.task.telangana.gov.in/; https://it.telangana.gov.in/initiatives/task/,knowledge_engine.collectors.api_collector.APICollector,knowledge_engine.parsers.html_table_parser.HTMLTableParser,ANNUAL,85,2026-07-24,2027-07-24,TRUE,Package006_Skills_and_Training,1,1,58.0,Tier 1 - Government of India domain,No faster cadence justified by observed change rate,HTML portal page; figures are published in tables
src-588,"WebSearch aggregated (TASK official site, Telangana Web Directory, engineering college portals)",https://www.task.telangana.gov.in/; https://tweb.telangana.gov.in/departments/information-technology-electronics-and-communications-department/telangana-academy-for-skill-and-knowledge-task/,knowledge_engine.collectors.api_collector.APICollector,knowledge_engine.parsers.html_table_parser.HTMLTableParser,ANNUAL,85,2026-07-22,2027-07-22,TRUE,Package004_Industries,1,1,78.0,Tier 1 - Government of India domain,No faster cadence justified by observed change rate,HTML portal page; figures are published in tables
src-589,Telangana State Portal (telangana.gov.in); cross-referenced via Wikipedia compilation citing the State Portal,https://www.telangana.gov.in/about/districts/,knowledge_engine.collectors.api_collector.APICollector,knowledge_engine.parsers.html_table_parser.HTMLTableParser,ANNUAL,85,2026-07-18,2027-07-18,TRUE,Package001_Geography,1,1,85.0,Tier 1 - Government of India domain,No faster cadence justified by observed change rate,HTML portal page; figures are published in tables
src-590,Telangana State Portal press releases (2024); The South First and Deccan Chronicle news coverage of the enabling Assembly bill,https://www.telangana.gov.in/news/press-releases/2024/07/cm-announces-the-establishment-of-skill-university/; https://thesouthfirst.com/telangana/telangana-assembly-passes-bill-to-set-up-skill-university-in-state/; https://www.yisu.in/,knowledge_engine.collectors.api_collector.APICollector,knowledge_engine.parsers.html_table_parser.HTMLTableParser,ANNUAL,85,2026-07-24,2027-07-24,TRUE,Package006_Skills_and_Training,1,1,73.0,Tier 1 - Government of India domain,No faster cadence justified by observed change rate,HTML portal page; figures are published in tables
src-591,"WebSearch aggregated (Telangana State Portal, Business Standard, BankExamsToday, News on Air)",https://www.telangana.gov.in/news/whats-new/2024/09/telangana-msme-policy-2024/; https://www.business-standard.com/economy/news/telangana-launches-new-msme-policy-plans-to-spend-rs-4-000-crore-124091800867_1.html,knowledge_engine.collectors.api_collector.APICollector,knowledge_engine.parsers.html_table_parser.HTMLTableParser,ANNUAL,85,2026-07-22,2027-07-22,TRUE,Package004_Industries,1,1,80.0,Tier 1 - Government of India domain,No faster cadence justified by observed change rate,HTML portal page; figures are published in tables
src-592,CGTC,https://www.textilescommittee.nic.in,knowledge_engine.collectors.api_collector.APICollector,knowledge_engine.parsers.html_table_parser.HTMLTableParser,ANNUAL,85,2026-07-24,2027-07-24,TRUE,Package006_Skills_and_Training,1,1,68.0,Tier 1 - Government of India domain,No faster cadence justified by observed change rate,HTML portal page; figures are published in tables
src-593,"WebSearch aggregated (TGIIC official site, Telangana Web Directory, The South First, Wikipedia via search summary)",https://www.tgiic.telangana.gov.in/; https://thesouthfirst.com/telangana/telangana-government-making-tgiic-a-public-limited-company-to-mortgage-land-alleges-k-kavitha/,knowledge_engine.collectors.api_collector.APICollector,knowledge_engine.parsers.html_table_parser.HTMLTableParser,ANNUAL,85,2026-07-22,2027-07-22,TRUE,Package004_Industries,1,1,75.0,Tier 1 - Government of India domain,No faster cadence justified by observed change rate,HTML portal page; figures are published in tables
src-594,"WebSearch aggregated (The Hans India, aimindia.in, tirupati.ap.gov.in district portal, CBInsights)",https://www.thehansindia.com/amp/andhra-pradesh/ap-launches-deep-tech-skilling-push-targeting-10-lakh-learners-1074646; https://aimindia.in/ap-skill-development/; https://tirupati.ap.gov.in/apssdc/,knowledge_engine.collectors.api_collector.APICollector,knowledge_engine.parsers.html_table_parser.HTMLTableParser,ANNUAL,55,2026-07-24,2027-07-24,TRUE,Package006_Skills_and_Training,1,1,66.0,Tier 3 - other public source,No faster cadence justified by observed change rate,HTML portal page; figures are published in tables
src-595,Aggregator college-listing sites (via WebSearch snippets),https://www.themedicalcounselling.com/doctor/government-medical-college-nalgonda,knowledge_engine.collectors.api_collector.APICollector,knowledge_engine.parsers.html_table_parser.HTMLTableParser,ANNUAL,55,2026-07-22,2027-07-22,TRUE,Package003_Healthcare,1,1,87.0,Tier 3 - other public source,No faster cadence justified by observed change rate,HTML portal page; figures are published in tables
src-596,UGC Official Website (NAAC page) / WebSearch cross-check,https://www.ugc.gov.in/Aboutus/NAAC,knowledge_engine.collectors.api_collector.APICollector,knowledge_engine.parsers.html_table_parser.HTMLTableParser,ANNUAL,85,2026-07-22,2027-07-22,TRUE,Package002_Education,1,1,85.0,Tier 1 - Government of India domain,No faster cadence justified by observed change rate,HTML portal page; figures are published in tables
src-597,UGC Official Website,https://www.ugc.gov.in/Home/AboutUGC,knowledge_engine.collectors.api_collector.APICollector,knowledge_engine.parsers.html_table_parser.HTMLTableParser,ANNUAL,85,2026-07-22,2027-07-22,TRUE,Package002_Education,1,1,88.0,Tier 1 - Government of India domain,No faster cadence justified by observed change rate,HTML portal page; figures are published in tables
src-598,"Third-party certification cost aggregators (uninets, networkershome) referencing Cisco/Pearson VUE pricing",https://www.uninets.com/blog/ccna-exam-fees; https://www.networkershome.com/ccna-certification-cost-india/,knowledge_engine.collectors.api_collector.APICollector,knowledge_engine.parsers.html_table_parser.HTMLTableParser,ANNUAL,55,2026-07-24,2027-07-24,TRUE,Package006_Skills_and_Training,1,1,58.0,Tier 3 - other public source,No faster cadence justified by observed change rate,HTML portal page; figures are published in tables
src-599,upGrad official website and About Us page,https://www.upgrad.com/; https://www.upgrad.com/about/,knowledge_engine.collectors.api_collector.APICollector,knowledge_engine.parsers.html_table_parser.HTMLTableParser,ANNUAL,55,2026-07-24,2027-07-24,TRUE,Package006_Skills_and_Training,1,1,58.0,Tier 3 - other public source,No faster cadence justified by observed change rate,HTML portal page; figures are published in tables
src-600,"WEF Future of Jobs Report 2025, McKinsey Global Institute, NASSCOM AI Adoption Index",https://www.weforum.org/publications/future-of-jobs-report-2025/,knowledge_engine.collectors.api_collector.APICollector,knowledge_engine.parsers.html_table_parser.HTMLTableParser,ANNUAL,62,2026-07-24,2027-07-24,TRUE,Package006_Skills_and_Training,1,45,65.0,Tier 3 - industry association or analyst,Annual industry reporting cycle,HTML portal page; figures are published in tables
src-601,YouTube,https://www.youtube.com,knowledge_engine.collectors.api_collector.APICollector,knowledge_engine.parsers.html_table_parser.HTMLTableParser,ANNUAL,55,2026-07-24,2027-07-24,TRUE,Package006_Skills_and_Training,1,1,65.0,Tier 3 - other public source,No faster cadence justified by observed change rate,HTML portal page; figures are published in tables
src-602,WebSearch,https://www.ysraarogyasri.ap.gov.in/; https://drntrvaidyaseva.ap.gov.in/about-us-dr.ysr-aarogyasri-health-care-trust; https://kakinada.ap.gov.in/departments/dr-ysr-aarogyasri-health-care-trust/,knowledge_engine.collectors.api_collector.APICollector,knowledge_engine.parsers.html_table_parser.HTMLTableParser,ANNUAL,85,2026-07-22,2027-07-22,TRUE,Package003_Healthcare,1,1,85.0,Tier 1 - Government of India domain,No faster cadence justified by observed change rate,HTML portal page; figures are published in tables
src-603,"Aggregator search snippets (zynerd.com, edufever.com)",https://www.zynerd.com/institutes/maharajah-institute-of-medical-sciences-vizianagaram-2670,knowledge_engine.collectors.api_collector.APICollector,knowledge_engine.parsers.html_table_parser.HTMLTableParser,ANNUAL,55,2026-07-22,2027-07-22,TRUE,Package003_Healthcare,1,1,85.0,Tier 3 - other public source,No faster cadence justified by observed change rate,HTML portal page; figures are published in tables
src-604,Official XAT portal (xatonline.in) cross-checked via InsideIIM and Shiksha,https://xatonline.in/,knowledge_engine.collectors.api_collector.APICollector,knowledge_engine.parsers.html_table_parser.HTMLTableParser,ANNUAL,55,2026-07-21,2027-07-21,TRUE,Package002_Education,1,1,85.0,Tier 3 - other public source,No faster cadence justified by observed change rate,HTML portal page; figures are published in tables
src-605,Ministry of Youth Affairs and Sports,https://yas.gov.in/,knowledge_engine.collectors.api_collector.APICollector,knowledge_engine.parsers.html_table_parser.HTMLTableParser,ANNUAL,85,2026-07-25,2027-07-25,TRUE,Package007_Government_Schemes,1,1,72.0,Tier 1 - Government of India domain,No faster cadence justified by observed change rate,HTML portal page; figures are published in tables
