mapping_id,scheme_id,scheme_short_name,package001_dist_id,dist_ref,district_name,state_scope,district_level_agency,application_channel,district_specific_variation,data_source,source_url,collection_date,confidence_score,verification_status,notes
dsm-0001,sch-014,PMEGP,a0248e18-5e38-4b14-8c0b-dfa7105971dd,TG-ADB,Adilabad,Telangana,District Industries Centre / KVIB,"Online application, district task force appraisal",PENDING_VERIFICATION,Package001_Geography district master; scheme guidelines,https://www.myscheme.gov.in/,2026-07-25,72,VST-NEEDS_REVIEW,Every district has a DIC; the task force is constituted at district level
dsm-0002,sch-014,PMEGP,5eedf97f-f311-4ec9-ac9e-03da47fde723,TG-KBA,Kumuram Bheem Asifabad,Telangana,District Industries Centre / KVIB,"Online application, district task force appraisal",PENDING_VERIFICATION,Package001_Geography district master; scheme guidelines,https://www.myscheme.gov.in/,2026-07-25,72,VST-NEEDS_REVIEW,Every district has a DIC; the task force is constituted at district level
dsm-0003,sch-014,PMEGP,24e7d017-1120-4f39-b6e3-8eb6c8f93e82,TG-MCL,Mancherial,Telangana,District Industries Centre / KVIB,"Online application, district task force appraisal",PENDING_VERIFICATION,Package001_Geography district master; scheme guidelines,https://www.myscheme.gov.in/,2026-07-25,72,VST-NEEDS_REVIEW,Every district has a DIC; the task force is constituted at district level
dsm-0004,sch-014,PMEGP,1b1a69fd-b7d2-4547-9898-fef4ae0f28ec,TG-NRM,Nirmal,Telangana,District Industries Centre / KVIB,"Online application, district task force appraisal",PENDING_VERIFICATION,Package001_Geography district master; scheme guidelines,https://www.myscheme.gov.in/,2026-07-25,72,VST-NEEDS_REVIEW,Every district has a DIC; the task force is constituted at district level
dsm-0005,sch-014,PMEGP,b6fb561d-e551-4b7a-b15b-6f81e5a3ec20,TG-NZB,Nizamabad,Telangana,District Industries Centre / KVIB,"Online application, district task force appraisal",PENDING_VERIFICATION,Package001_Geography district master; scheme guidelines,https://www.myscheme.gov.in/,2026-07-25,72,VST-NEEDS_REVIEW,Every district has a DIC; the task force is constituted at district level
dsm-0006,sch-014,PMEGP,3606f526-a8fe-4eee-892c-ca996b59b03e,TG-JGT,Jagtial,Telangana,District Industries Centre / KVIB,"Online application, district task force appraisal",PENDING_VERIFICATION,Package001_Geography district master; scheme guidelines,https://www.myscheme.gov.in/,2026-07-25,72,VST-NEEDS_REVIEW,Every district has a DIC; the task force is constituted at district level
dsm-0007,sch-014,PMEGP,e17d2fa9-1dfa-4d56-83d5-9f962d6e3469,TG-PDP,Peddapalli,Telangana,District Industries Centre / KVIB,"Online application, district task force appraisal",PENDING_VERIFICATION,Package001_Geography district master; scheme guidelines,https://www.myscheme.gov.in/,2026-07-25,72,VST-NEEDS_REVIEW,Every district has a DIC; the task force is constituted at district level
dsm-0008,sch-014,PMEGP,e08443e2-2ae2-4e3b-a41d-68c06063d269,TG-KMR,Kamareddy,Telangana,District Industries Centre / KVIB,"Online application, district task force appraisal",PENDING_VERIFICATION,Package001_Geography district master; scheme guidelines,https://www.myscheme.gov.in/,2026-07-25,72,VST-NEEDS_REVIEW,Every district has a DIC; the task force is constituted at district level
dsm-0009,sch-014,PMEGP,165eaf89-5d17-4efa-b5d8-6909d8f0e84f,TG-RSL,Rajanna Sircilla,Telangana,District Industries Centre / KVIB,"Online application, district task force appraisal",PENDING_VERIFICATION,Package001_Geography district master; scheme guidelines,https://www.myscheme.gov.in/,2026-07-25,72,VST-NEEDS_REVIEW,Every district has a DIC; the task force is constituted at district level
dsm-0010,sch-014,PMEGP,086394be-1e67-4761-a069-e9d2dd6f7bd0,TG-KRM,Karimnagar,Telangana,District Industries Centre / KVIB,"Online application, district task force appraisal",PENDING_VERIFICATION,Package001_Geography district master; scheme guidelines,https://www.myscheme.gov.in/,2026-07-25,72,VST-NEEDS_REVIEW,Every district has a DIC; the task force is constituted at district level
dsm-0011,sch-014,PMEGP,9fed3cf2-18e0-4c2d-9355-80d3b34b1ebd,TG-JSB,Jayashankar Bhupalpally,Telangana,District Industries Centre / KVIB,"Online application, district task force appraisal",PENDING_VERIFICATION,Package001_Geography district master; scheme guidelines,https://www.myscheme.gov.in/,2026-07-25,72,VST-NEEDS_REVIEW,Every district has a DIC; the task force is constituted at district level
dsm-0012,sch-014,PMEGP,13bb4a71-c81b-4eb8-8d27-59bf21d96c85,TG-SNG,Sangareddy,Telangana,District Industries Centre / KVIB,"Online application, district task force appraisal",PENDING_VERIFICATION,Package001_Geography district master; scheme guidelines,https://www.myscheme.gov.in/,2026-07-25,72,VST-NEEDS_REVIEW,Every district has a DIC; the task force is constituted at district level
dsm-0013,sch-014,PMEGP,3a1a968d-5bd8-433b-8b99-5d2b04b69269,TG-MDK,Medak,Telangana,District Industries Centre / KVIB,"Online application, district task force appraisal",PENDING_VERIFICATION,Package001_Geography district master; scheme guidelines,https://www.myscheme.gov.in/,2026-07-25,72,VST-NEEDS_REVIEW,Every district has a DIC; the task force is constituted at district level
dsm-0014,sch-014,PMEGP,d764f4a1-46b2-4a6b-915a-a39fda0a4cb5,TG-SDP,Siddipet,Telangana,District Industries Centre / KVIB,"Online application, district task force appraisal",PENDING_VERIFICATION,Package001_Geography district master; scheme guidelines,https://www.myscheme.gov.in/,2026-07-25,72,VST-NEEDS_REVIEW,Every district has a DIC; the task force is constituted at district level
dsm-0015,sch-014,PMEGP,681ac702-6fec-4db9-bac5-1e06183fa4ed,TG-JNG,Jangaon,Telangana,District Industries Centre / KVIB,"Online application, district task force appraisal",PENDING_VERIFICATION,Package001_Geography district master; scheme guidelines,https://www.myscheme.gov.in/,2026-07-25,72,VST-NEEDS_REVIEW,Every district has a DIC; the task force is constituted at district level
dsm-0016,sch-014,PMEGP,b53a2b5f-f3fe-4b18-82ee-893431e3579c,TG-HNK,Hanumakonda,Telangana,District Industries Centre / KVIB,"Online application, district task force appraisal",PENDING_VERIFICATION,Package001_Geography district master; scheme guidelines,https://www.myscheme.gov.in/,2026-07-25,72,VST-NEEDS_REVIEW,Every district has a DIC; the task force is constituted at district level
dsm-0017,sch-014,PMEGP,479e0ee3-c2bf-404c-b3fa-f3bc106aff50,TG-WGL,Warangal,Telangana,District Industries Centre / KVIB,"Online application, district task force appraisal",PENDING_VERIFICATION,Package001_Geography district master; scheme guidelines,https://www.myscheme.gov.in/,2026-07-25,72,VST-NEEDS_REVIEW,Every district has a DIC; the task force is constituted at district level
dsm-0018,sch-014,PMEGP,ab5c6cd0-4983-46bb-8ca1-18ec2e543843,TG-MLG,Mulugu,Telangana,District Industries Centre / KVIB,"Online application, district task force appraisal",PENDING_VERIFICATION,Package001_Geography district master; scheme guidelines,https://www.myscheme.gov.in/,2026-07-25,72,VST-NEEDS_REVIEW,Every district has a DIC; the task force is constituted at district level
dsm-0019,sch-014,PMEGP,71ae6871-0548-4995-8bdc-82ffb8894157,TG-BKG,Bhadradri Kothagudem,Telangana,District Industries Centre / KVIB,"Online application, district task force appraisal",PENDING_VERIFICATION,Package001_Geography district master; scheme guidelines,https://www.myscheme.gov.in/,2026-07-25,72,VST-NEEDS_REVIEW,Every district has a DIC; the task force is constituted at district level
dsm-0020,sch-014,PMEGP,be21fb05-1905-4012-b551-90e8d2d8eddb,TG-KHM,Khammam,Telangana,District Industries Centre / KVIB,"Online application, district task force appraisal",PENDING_VERIFICATION,Package001_Geography district master; scheme guidelines,https://www.myscheme.gov.in/,2026-07-25,72,VST-NEEDS_REVIEW,Every district has a DIC; the task force is constituted at district level
dsm-0021,sch-014,PMEGP,7abca5e0-8c8c-4ad9-9557-8765700d9b92,TG-MBD,Mahabubabad,Telangana,District Industries Centre / KVIB,"Online application, district task force appraisal",PENDING_VERIFICATION,Package001_Geography district master; scheme guidelines,https://www.myscheme.gov.in/,2026-07-25,72,VST-NEEDS_REVIEW,Every district has a DIC; the task force is constituted at district level
dsm-0022,sch-014,PMEGP,031f932a-8114-46ad-8b13-854d1bb0cc75,TG-SRY,Suryapet,Telangana,District Industries Centre / KVIB,"Online application, district task force appraisal",PENDING_VERIFICATION,Package001_Geography district master; scheme guidelines,https://www.myscheme.gov.in/,2026-07-25,72,VST-NEEDS_REVIEW,Every district has a DIC; the task force is constituted at district level
dsm-0023,sch-014,PMEGP,0cb70c34-070b-4d0b-904a-562214df7d76,TG-NLG,Nalgonda,Telangana,District Industries Centre / KVIB,"Online application, district task force appraisal",PENDING_VERIFICATION,Package001_Geography district master; scheme guidelines,https://www.myscheme.gov.in/,2026-07-25,72,VST-NEEDS_REVIEW,Every district has a DIC; the task force is constituted at district level
dsm-0024,sch-014,PMEGP,81165142-90a8-4e0f-9ea2-dbbe6eff1702,TG-YDB,Yadadri Bhuvanagiri,Telangana,District Industries Centre / KVIB,"Online application, district task force appraisal",PENDING_VERIFICATION,Package001_Geography district master; scheme guidelines,https://www.myscheme.gov.in/,2026-07-25,72,VST-NEEDS_REVIEW,Every district has a DIC; the task force is constituted at district level
dsm-0025,sch-014,PMEGP,26232aa3-0bcb-4082-93dd-724331f31f8a,TG-MCG,Medchal-Malkajgiri,Telangana,District Industries Centre / KVIB,"Online application, district task force appraisal",PENDING_VERIFICATION,Package001_Geography district master; scheme guidelines,https://www.myscheme.gov.in/,2026-07-25,72,VST-NEEDS_REVIEW,Every district has a DIC; the task force is constituted at district level
dsm-0026,sch-014,PMEGP,3047ff5d-7947-489e-9b85-74ba0197be66,TG-HYD,Hyderabad,Telangana,District Industries Centre / KVIB,"Online application, district task force appraisal",PENDING_VERIFICATION,Package001_Geography district master; scheme guidelines,https://www.myscheme.gov.in/,2026-07-25,72,VST-NEEDS_REVIEW,Every district has a DIC; the task force is constituted at district level
dsm-0027,sch-014,PMEGP,d5eb8f6c-0a30-482b-a66b-b71ef0807c3d,TG-RRD,Ranga Reddy,Telangana,District Industries Centre / KVIB,"Online application, district task force appraisal",PENDING_VERIFICATION,Package001_Geography district master; scheme guidelines,https://www.myscheme.gov.in/,2026-07-25,72,VST-NEEDS_REVIEW,Every district has a DIC; the task force is constituted at district level
dsm-0028,sch-014,PMEGP,2f88f1aa-4e27-42e9-b163-09372b546552,TG-VKB,Vikarabad,Telangana,District Industries Centre / KVIB,"Online application, district task force appraisal",PENDING_VERIFICATION,Package001_Geography district master; scheme guidelines,https://www.myscheme.gov.in/,2026-07-25,72,VST-NEEDS_REVIEW,Every district has a DIC; the task force is constituted at district level
dsm-0029,sch-014,PMEGP,ad8a2cd7-e5a2-478a-88cc-c53c24d06f7e,TG-NRP,Narayanpet,Telangana,District Industries Centre / KVIB,"Online application, district task force appraisal",PENDING_VERIFICATION,Package001_Geography district master; scheme guidelines,https://www.myscheme.gov.in/,2026-07-25,72,VST-NEEDS_REVIEW,Every district has a DIC; the task force is constituted at district level
dsm-0030,sch-014,PMEGP,a762e29d-b3f4-4049-8eab-482792b30100,TG-MBN,Mahabubnagar,Telangana,District Industries Centre / KVIB,"Online application, district task force appraisal",PENDING_VERIFICATION,Package001_Geography district master; scheme guidelines,https://www.myscheme.gov.in/,2026-07-25,72,VST-NEEDS_REVIEW,Every district has a DIC; the task force is constituted at district level
dsm-0031,sch-014,PMEGP,37adc172-0f7b-4669-a8dc-303cff89b502,TG-NGK,Nagarkurnool,Telangana,District Industries Centre / KVIB,"Online application, district task force appraisal",PENDING_VERIFICATION,Package001_Geography district master; scheme guidelines,https://www.myscheme.gov.in/,2026-07-25,72,VST-NEEDS_REVIEW,Every district has a DIC; the task force is constituted at district level
dsm-0032,sch-014,PMEGP,88ed3461-7af3-47c0-8dba-1fd58bcdb4f4,TG-WNP,Wanaparthy,Telangana,District Industries Centre / KVIB,"Online application, district task force appraisal",PENDING_VERIFICATION,Package001_Geography district master; scheme guidelines,https://www.myscheme.gov.in/,2026-07-25,72,VST-NEEDS_REVIEW,Every district has a DIC; the task force is constituted at district level
dsm-0033,sch-014,PMEGP,9cce7f5b-ce3f-4bb0-87c4-32567b1198a4,TG-JGD,Jogulamba Gadwal,Telangana,District Industries Centre / KVIB,"Online application, district task force appraisal",PENDING_VERIFICATION,Package001_Geography district master; scheme guidelines,https://www.myscheme.gov.in/,2026-07-25,72,VST-NEEDS_REVIEW,Every district has a DIC; the task force is constituted at district level
dsm-0034,sch-014,PMEGP,709ae67e-2e80-4ff2-9457-def43c3a75df,AP-SRI,Srikakulam,Andhra Pradesh,District Industries Centre / KVIB,"Online application, district task force appraisal",PENDING_VERIFICATION,Package001_Geography district master; scheme guidelines,https://www.myscheme.gov.in/,2026-07-25,72,VST-NEEDS_REVIEW,Every district has a DIC; the task force is constituted at district level
dsm-0035,sch-014,PMEGP,f49867e4-4272-4e38-9918-7da19fc95b32,AP-PAR,Parvathipuram Manyam,Andhra Pradesh,District Industries Centre / KVIB,"Online application, district task force appraisal",PENDING_VERIFICATION,Package001_Geography district master; scheme guidelines,https://www.myscheme.gov.in/,2026-07-25,72,VST-NEEDS_REVIEW,Every district has a DIC; the task force is constituted at district level
dsm-0036,sch-014,PMEGP,473e5bdb-d08a-4873-9942-d3fe0fb907f6,AP-VIZ,Vizianagaram,Andhra Pradesh,District Industries Centre / KVIB,"Online application, district task force appraisal",PENDING_VERIFICATION,Package001_Geography district master; scheme guidelines,https://www.myscheme.gov.in/,2026-07-25,72,VST-NEEDS_REVIEW,Every district has a DIC; the task force is constituted at district level
dsm-0037,sch-014,PMEGP,88e201e0-7157-42e7-8c49-78dd22d1e70c,AP-VIS,Visakhapatnam,Andhra Pradesh,District Industries Centre / KVIB,"Online application, district task force appraisal",PENDING_VERIFICATION,Package001_Geography district master; scheme guidelines,https://www.myscheme.gov.in/,2026-07-25,72,VST-NEEDS_REVIEW,Every district has a DIC; the task force is constituted at district level
dsm-0038,sch-014,PMEGP,e2766aff-1f71-4401-93ba-4ba8bc3d8ab6,AP-ALL,Alluri Sitharama Raju,Andhra Pradesh,District Industries Centre / KVIB,"Online application, district task force appraisal",PENDING_VERIFICATION,Package001_Geography district master; scheme guidelines,https://www.myscheme.gov.in/,2026-07-25,72,VST-NEEDS_REVIEW,Every district has a DIC; the task force is constituted at district level
dsm-0039,sch-014,PMEGP,43940937-d49d-46bc-bf31-336bdb8d0072,AP-ANK,Anakapalli,Andhra Pradesh,District Industries Centre / KVIB,"Online application, district task force appraisal",PENDING_VERIFICATION,Package001_Geography district master; scheme guidelines,https://www.myscheme.gov.in/,2026-07-25,72,VST-NEEDS_REVIEW,Every district has a DIC; the task force is constituted at district level
dsm-0040,sch-014,PMEGP,10ba356d-0289-482f-bc5d-55ee7adfa9c8,AP-POL,Polavaram,Andhra Pradesh,District Industries Centre / KVIB,"Online application, district task force appraisal",PENDING_VERIFICATION,Package001_Geography district master; scheme guidelines,https://www.myscheme.gov.in/,2026-07-25,72,VST-NEEDS_REVIEW,Every district has a DIC; the task force is constituted at district level
dsm-0041,sch-014,PMEGP,160b4158-b8e3-4f38-ba85-0f9de408b39d,AP-KAK,Kakinada,Andhra Pradesh,District Industries Centre / KVIB,"Online application, district task force appraisal",PENDING_VERIFICATION,Package001_Geography district master; scheme guidelines,https://www.myscheme.gov.in/,2026-07-25,72,VST-NEEDS_REVIEW,Every district has a DIC; the task force is constituted at district level
dsm-0042,sch-014,PMEGP,3f5f2e8a-a13d-4889-a0d0-8f558d20c245,AP-EAS,East Godavari,Andhra Pradesh,District Industries Centre / KVIB,"Online application, district task force appraisal",PENDING_VERIFICATION,Package001_Geography district master; scheme guidelines,https://www.myscheme.gov.in/,2026-07-25,72,VST-NEEDS_REVIEW,Every district has a DIC; the task force is constituted at district level
dsm-0043,sch-014,PMEGP,a4804fbb-e644-4101-ae56-95195a25c3d9,AP-KON,Dr. B. R. Ambedkar Konaseema,Andhra Pradesh,District Industries Centre / KVIB,"Online application, district task force appraisal",PENDING_VERIFICATION,Package001_Geography district master; scheme guidelines,https://www.myscheme.gov.in/,2026-07-25,72,VST-NEEDS_REVIEW,Every district has a DIC; the task force is constituted at district level
dsm-0044,sch-014,PMEGP,652ea484-ad9d-4056-8cbf-283b982cfd01,AP-ELU,Eluru,Andhra Pradesh,District Industries Centre / KVIB,"Online application, district task force appraisal",PENDING_VERIFICATION,Package001_Geography district master; scheme guidelines,https://www.myscheme.gov.in/,2026-07-25,72,VST-NEEDS_REVIEW,Every district has a DIC; the task force is constituted at district level
dsm-0045,sch-014,PMEGP,29b87be3-4ff3-4325-87aa-d47a52501239,AP-WES,West Godavari,Andhra Pradesh,District Industries Centre / KVIB,"Online application, district task force appraisal",PENDING_VERIFICATION,Package001_Geography district master; scheme guidelines,https://www.myscheme.gov.in/,2026-07-25,72,VST-NEEDS_REVIEW,Every district has a DIC; the task force is constituted at district level
dsm-0046,sch-014,PMEGP,1cb600af-8640-465f-a1ab-cfcdbd38c7db,AP-NTR,NTR,Andhra Pradesh,District Industries Centre / KVIB,"Online application, district task force appraisal",PENDING_VERIFICATION,Package001_Geography district master; scheme guidelines,https://www.myscheme.gov.in/,2026-07-25,72,VST-NEEDS_REVIEW,Every district has a DIC; the task force is constituted at district level
dsm-0047,sch-014,PMEGP,71aa6838-7eb7-4a91-b09f-ccf59cffa4fb,AP-KRI,Krishna,Andhra Pradesh,District Industries Centre / KVIB,"Online application, district task force appraisal",PENDING_VERIFICATION,Package001_Geography district master; scheme guidelines,https://www.myscheme.gov.in/,2026-07-25,72,VST-NEEDS_REVIEW,Every district has a DIC; the task force is constituted at district level
dsm-0048,sch-014,PMEGP,a78da0a5-99d5-4729-a7f5-f6972fb28978,AP-PAL,Palnadu,Andhra Pradesh,District Industries Centre / KVIB,"Online application, district task force appraisal",PENDING_VERIFICATION,Package001_Geography district master; scheme guidelines,https://www.myscheme.gov.in/,2026-07-25,72,VST-NEEDS_REVIEW,Every district has a DIC; the task force is constituted at district level
dsm-0049,sch-014,PMEGP,d5299947-775b-49ed-9ddf-68116cd4ea31,AP-GUN,Guntur,Andhra Pradesh,District Industries Centre / KVIB,"Online application, district task force appraisal",PENDING_VERIFICATION,Package001_Geography district master; scheme guidelines,https://www.myscheme.gov.in/,2026-07-25,72,VST-NEEDS_REVIEW,Every district has a DIC; the task force is constituted at district level
dsm-0050,sch-014,PMEGP,56dfdd26-8e65-456f-a2a9-f32b079748fa,AP-BAP,Bapatla,Andhra Pradesh,District Industries Centre / KVIB,"Online application, district task force appraisal",PENDING_VERIFICATION,Package001_Geography district master; scheme guidelines,https://www.myscheme.gov.in/,2026-07-25,72,VST-NEEDS_REVIEW,Every district has a DIC; the task force is constituted at district level
dsm-0051,sch-014,PMEGP,5645ff67-1c01-4b3b-95ae-2506cc7eaa2c,AP-PRA,Prakasam,Andhra Pradesh,District Industries Centre / KVIB,"Online application, district task force appraisal",PENDING_VERIFICATION,Package001_Geography district master; scheme guidelines,https://www.myscheme.gov.in/,2026-07-25,72,VST-NEEDS_REVIEW,Every district has a DIC; the task force is constituted at district level
dsm-0052,sch-014,PMEGP,e95d3496-9cc2-4d39-ac93-ea7827089418,AP-MAR,Markapuram,Andhra Pradesh,District Industries Centre / KVIB,"Online application, district task force appraisal",PENDING_VERIFICATION,Package001_Geography district master; scheme guidelines,https://www.myscheme.gov.in/,2026-07-25,72,VST-NEEDS_REVIEW,Every district has a DIC; the task force is constituted at district level
dsm-0053,sch-014,PMEGP,e472f701-3d26-4bc2-a5f0-d811ca5d042e,AP-NEL,Sri Potti Sriramulu Nellore,Andhra Pradesh,District Industries Centre / KVIB,"Online application, district task force appraisal",PENDING_VERIFICATION,Package001_Geography district master; scheme guidelines,https://www.myscheme.gov.in/,2026-07-25,72,VST-NEEDS_REVIEW,Every district has a DIC; the task force is constituted at district level
dsm-0054,sch-014,PMEGP,b35798a9-d3a2-4ff0-b330-b3a1199c4551,AP-KUR,Kurnool,Andhra Pradesh,District Industries Centre / KVIB,"Online application, district task force appraisal",PENDING_VERIFICATION,Package001_Geography district master; scheme guidelines,https://www.myscheme.gov.in/,2026-07-25,72,VST-NEEDS_REVIEW,Every district has a DIC; the task force is constituted at district level
dsm-0055,sch-014,PMEGP,6e0bd6d7-c4cd-47cb-a568-3859d7f584f5,AP-NAN,Nandyal,Andhra Pradesh,District Industries Centre / KVIB,"Online application, district task force appraisal",PENDING_VERIFICATION,Package001_Geography district master; scheme guidelines,https://www.myscheme.gov.in/,2026-07-25,72,VST-NEEDS_REVIEW,Every district has a DIC; the task force is constituted at district level
dsm-0056,sch-014,PMEGP,155d1569-c077-4433-b4e0-6ceadfd0622a,AP-ATP,Ananthapuramu,Andhra Pradesh,District Industries Centre / KVIB,"Online application, district task force appraisal",PENDING_VERIFICATION,Package001_Geography district master; scheme guidelines,https://www.myscheme.gov.in/,2026-07-25,72,VST-NEEDS_REVIEW,Every district has a DIC; the task force is constituted at district level
dsm-0057,sch-014,PMEGP,edca209e-ddf4-423c-bf22-ddf359bc576d,AP-SSS,Sri Sathya Sai,Andhra Pradesh,District Industries Centre / KVIB,"Online application, district task force appraisal",PENDING_VERIFICATION,Package001_Geography district master; scheme guidelines,https://www.myscheme.gov.in/,2026-07-25,72,VST-NEEDS_REVIEW,Every district has a DIC; the task force is constituted at district level
dsm-0058,sch-014,PMEGP,f0de900a-6a79-45cc-aed2-01d31752edea,AP-CUD,YSR Kadapa,Andhra Pradesh,District Industries Centre / KVIB,"Online application, district task force appraisal",PENDING_VERIFICATION,Package001_Geography district master; scheme guidelines,https://www.myscheme.gov.in/,2026-07-25,72,VST-NEEDS_REVIEW,Every district has a DIC; the task force is constituted at district level
dsm-0059,sch-014,PMEGP,573f08b6-ac9a-4025-8cf5-4803690b7651,AP-ANN,Annamayya,Andhra Pradesh,District Industries Centre / KVIB,"Online application, district task force appraisal",PENDING_VERIFICATION,Package001_Geography district master; scheme guidelines,https://www.myscheme.gov.in/,2026-07-25,72,VST-NEEDS_REVIEW,Every district has a DIC; the task force is constituted at district level
dsm-0060,sch-014,PMEGP,db24bd82-9d6f-4b3c-afdf-7961543769f4,AP-TIR,Tirupati,Andhra Pradesh,District Industries Centre / KVIB,"Online application, district task force appraisal",PENDING_VERIFICATION,Package001_Geography district master; scheme guidelines,https://www.myscheme.gov.in/,2026-07-25,72,VST-NEEDS_REVIEW,Every district has a DIC; the task force is constituted at district level
dsm-0061,sch-014,PMEGP,c3a879b3-f320-47ec-8104-d1c8137b672a,AP-CHI,Chittoor,Andhra Pradesh,District Industries Centre / KVIB,"Online application, district task force appraisal",PENDING_VERIFICATION,Package001_Geography district master; scheme guidelines,https://www.myscheme.gov.in/,2026-07-25,72,VST-NEEDS_REVIEW,Every district has a DIC; the task force is constituted at district level
dsm-0062,sch-034,MGNREGS,a0248e18-5e38-4b14-8c0b-dfa7105971dd,TG-ADB,Adilabad,Telangana,Gram Panchayat / District Programme Coordinator,Offline work demand at Gram Panchayat,PENDING_VERIFICATION,Package001_Geography district master; scheme guidelines,https://www.myscheme.gov.in/,2026-07-25,73,VST-NEEDS_REVIEW,District Programme Coordinator is statutorily the District Collector or CEO
dsm-0063,sch-034,MGNREGS,5eedf97f-f311-4ec9-ac9e-03da47fde723,TG-KBA,Kumuram Bheem Asifabad,Telangana,Gram Panchayat / District Programme Coordinator,Offline work demand at Gram Panchayat,PENDING_VERIFICATION,Package001_Geography district master; scheme guidelines,https://www.myscheme.gov.in/,2026-07-25,73,VST-NEEDS_REVIEW,District Programme Coordinator is statutorily the District Collector or CEO
dsm-0064,sch-034,MGNREGS,24e7d017-1120-4f39-b6e3-8eb6c8f93e82,TG-MCL,Mancherial,Telangana,Gram Panchayat / District Programme Coordinator,Offline work demand at Gram Panchayat,PENDING_VERIFICATION,Package001_Geography district master; scheme guidelines,https://www.myscheme.gov.in/,2026-07-25,73,VST-NEEDS_REVIEW,District Programme Coordinator is statutorily the District Collector or CEO
dsm-0065,sch-034,MGNREGS,1b1a69fd-b7d2-4547-9898-fef4ae0f28ec,TG-NRM,Nirmal,Telangana,Gram Panchayat / District Programme Coordinator,Offline work demand at Gram Panchayat,PENDING_VERIFICATION,Package001_Geography district master; scheme guidelines,https://www.myscheme.gov.in/,2026-07-25,73,VST-NEEDS_REVIEW,District Programme Coordinator is statutorily the District Collector or CEO
dsm-0066,sch-034,MGNREGS,b6fb561d-e551-4b7a-b15b-6f81e5a3ec20,TG-NZB,Nizamabad,Telangana,Gram Panchayat / District Programme Coordinator,Offline work demand at Gram Panchayat,PENDING_VERIFICATION,Package001_Geography district master; scheme guidelines,https://www.myscheme.gov.in/,2026-07-25,73,VST-NEEDS_REVIEW,District Programme Coordinator is statutorily the District Collector or CEO
dsm-0067,sch-034,MGNREGS,3606f526-a8fe-4eee-892c-ca996b59b03e,TG-JGT,Jagtial,Telangana,Gram Panchayat / District Programme Coordinator,Offline work demand at Gram Panchayat,PENDING_VERIFICATION,Package001_Geography district master; scheme guidelines,https://www.myscheme.gov.in/,2026-07-25,73,VST-NEEDS_REVIEW,District Programme Coordinator is statutorily the District Collector or CEO
dsm-0068,sch-034,MGNREGS,e17d2fa9-1dfa-4d56-83d5-9f962d6e3469,TG-PDP,Peddapalli,Telangana,Gram Panchayat / District Programme Coordinator,Offline work demand at Gram Panchayat,PENDING_VERIFICATION,Package001_Geography district master; scheme guidelines,https://www.myscheme.gov.in/,2026-07-25,73,VST-NEEDS_REVIEW,District Programme Coordinator is statutorily the District Collector or CEO
dsm-0069,sch-034,MGNREGS,e08443e2-2ae2-4e3b-a41d-68c06063d269,TG-KMR,Kamareddy,Telangana,Gram Panchayat / District Programme Coordinator,Offline work demand at Gram Panchayat,PENDING_VERIFICATION,Package001_Geography district master; scheme guidelines,https://www.myscheme.gov.in/,2026-07-25,73,VST-NEEDS_REVIEW,District Programme Coordinator is statutorily the District Collector or CEO
dsm-0070,sch-034,MGNREGS,165eaf89-5d17-4efa-b5d8-6909d8f0e84f,TG-RSL,Rajanna Sircilla,Telangana,Gram Panchayat / District Programme Coordinator,Offline work demand at Gram Panchayat,PENDING_VERIFICATION,Package001_Geography district master; scheme guidelines,https://www.myscheme.gov.in/,2026-07-25,73,VST-NEEDS_REVIEW,District Programme Coordinator is statutorily the District Collector or CEO
dsm-0071,sch-034,MGNREGS,086394be-1e67-4761-a069-e9d2dd6f7bd0,TG-KRM,Karimnagar,Telangana,Gram Panchayat / District Programme Coordinator,Offline work demand at Gram Panchayat,PENDING_VERIFICATION,Package001_Geography district master; scheme guidelines,https://www.myscheme.gov.in/,2026-07-25,73,VST-NEEDS_REVIEW,District Programme Coordinator is statutorily the District Collector or CEO
dsm-0072,sch-034,MGNREGS,9fed3cf2-18e0-4c2d-9355-80d3b34b1ebd,TG-JSB,Jayashankar Bhupalpally,Telangana,Gram Panchayat / District Programme Coordinator,Offline work demand at Gram Panchayat,PENDING_VERIFICATION,Package001_Geography district master; scheme guidelines,https://www.myscheme.gov.in/,2026-07-25,73,VST-NEEDS_REVIEW,District Programme Coordinator is statutorily the District Collector or CEO
dsm-0073,sch-034,MGNREGS,13bb4a71-c81b-4eb8-8d27-59bf21d96c85,TG-SNG,Sangareddy,Telangana,Gram Panchayat / District Programme Coordinator,Offline work demand at Gram Panchayat,PENDING_VERIFICATION,Package001_Geography district master; scheme guidelines,https://www.myscheme.gov.in/,2026-07-25,73,VST-NEEDS_REVIEW,District Programme Coordinator is statutorily the District Collector or CEO
dsm-0074,sch-034,MGNREGS,3a1a968d-5bd8-433b-8b99-5d2b04b69269,TG-MDK,Medak,Telangana,Gram Panchayat / District Programme Coordinator,Offline work demand at Gram Panchayat,PENDING_VERIFICATION,Package001_Geography district master; scheme guidelines,https://www.myscheme.gov.in/,2026-07-25,73,VST-NEEDS_REVIEW,District Programme Coordinator is statutorily the District Collector or CEO
dsm-0075,sch-034,MGNREGS,d764f4a1-46b2-4a6b-915a-a39fda0a4cb5,TG-SDP,Siddipet,Telangana,Gram Panchayat / District Programme Coordinator,Offline work demand at Gram Panchayat,PENDING_VERIFICATION,Package001_Geography district master; scheme guidelines,https://www.myscheme.gov.in/,2026-07-25,73,VST-NEEDS_REVIEW,District Programme Coordinator is statutorily the District Collector or CEO
dsm-0076,sch-034,MGNREGS,681ac702-6fec-4db9-bac5-1e06183fa4ed,TG-JNG,Jangaon,Telangana,Gram Panchayat / District Programme Coordinator,Offline work demand at Gram Panchayat,PENDING_VERIFICATION,Package001_Geography district master; scheme guidelines,https://www.myscheme.gov.in/,2026-07-25,73,VST-NEEDS_REVIEW,District Programme Coordinator is statutorily the District Collector or CEO
dsm-0077,sch-034,MGNREGS,b53a2b5f-f3fe-4b18-82ee-893431e3579c,TG-HNK,Hanumakonda,Telangana,Gram Panchayat / District Programme Coordinator,Offline work demand at Gram Panchayat,PENDING_VERIFICATION,Package001_Geography district master; scheme guidelines,https://www.myscheme.gov.in/,2026-07-25,73,VST-NEEDS_REVIEW,District Programme Coordinator is statutorily the District Collector or CEO
dsm-0078,sch-034,MGNREGS,479e0ee3-c2bf-404c-b3fa-f3bc106aff50,TG-WGL,Warangal,Telangana,Gram Panchayat / District Programme Coordinator,Offline work demand at Gram Panchayat,PENDING_VERIFICATION,Package001_Geography district master; scheme guidelines,https://www.myscheme.gov.in/,2026-07-25,73,VST-NEEDS_REVIEW,District Programme Coordinator is statutorily the District Collector or CEO
dsm-0079,sch-034,MGNREGS,ab5c6cd0-4983-46bb-8ca1-18ec2e543843,TG-MLG,Mulugu,Telangana,Gram Panchayat / District Programme Coordinator,Offline work demand at Gram Panchayat,PENDING_VERIFICATION,Package001_Geography district master; scheme guidelines,https://www.myscheme.gov.in/,2026-07-25,73,VST-NEEDS_REVIEW,District Programme Coordinator is statutorily the District Collector or CEO
dsm-0080,sch-034,MGNREGS,71ae6871-0548-4995-8bdc-82ffb8894157,TG-BKG,Bhadradri Kothagudem,Telangana,Gram Panchayat / District Programme Coordinator,Offline work demand at Gram Panchayat,PENDING_VERIFICATION,Package001_Geography district master; scheme guidelines,https://www.myscheme.gov.in/,2026-07-25,73,VST-NEEDS_REVIEW,District Programme Coordinator is statutorily the District Collector or CEO
dsm-0081,sch-034,MGNREGS,be21fb05-1905-4012-b551-90e8d2d8eddb,TG-KHM,Khammam,Telangana,Gram Panchayat / District Programme Coordinator,Offline work demand at Gram Panchayat,PENDING_VERIFICATION,Package001_Geography district master; scheme guidelines,https://www.myscheme.gov.in/,2026-07-25,73,VST-NEEDS_REVIEW,District Programme Coordinator is statutorily the District Collector or CEO
dsm-0082,sch-034,MGNREGS,7abca5e0-8c8c-4ad9-9557-8765700d9b92,TG-MBD,Mahabubabad,Telangana,Gram Panchayat / District Programme Coordinator,Offline work demand at Gram Panchayat,PENDING_VERIFICATION,Package001_Geography district master; scheme guidelines,https://www.myscheme.gov.in/,2026-07-25,73,VST-NEEDS_REVIEW,District Programme Coordinator is statutorily the District Collector or CEO
dsm-0083,sch-034,MGNREGS,031f932a-8114-46ad-8b13-854d1bb0cc75,TG-SRY,Suryapet,Telangana,Gram Panchayat / District Programme Coordinator,Offline work demand at Gram Panchayat,PENDING_VERIFICATION,Package001_Geography district master; scheme guidelines,https://www.myscheme.gov.in/,2026-07-25,73,VST-NEEDS_REVIEW,District Programme Coordinator is statutorily the District Collector or CEO
dsm-0084,sch-034,MGNREGS,0cb70c34-070b-4d0b-904a-562214df7d76,TG-NLG,Nalgonda,Telangana,Gram Panchayat / District Programme Coordinator,Offline work demand at Gram Panchayat,PENDING_VERIFICATION,Package001_Geography district master; scheme guidelines,https://www.myscheme.gov.in/,2026-07-25,73,VST-NEEDS_REVIEW,District Programme Coordinator is statutorily the District Collector or CEO
dsm-0085,sch-034,MGNREGS,81165142-90a8-4e0f-9ea2-dbbe6eff1702,TG-YDB,Yadadri Bhuvanagiri,Telangana,Gram Panchayat / District Programme Coordinator,Offline work demand at Gram Panchayat,PENDING_VERIFICATION,Package001_Geography district master; scheme guidelines,https://www.myscheme.gov.in/,2026-07-25,73,VST-NEEDS_REVIEW,District Programme Coordinator is statutorily the District Collector or CEO
dsm-0086,sch-034,MGNREGS,26232aa3-0bcb-4082-93dd-724331f31f8a,TG-MCG,Medchal-Malkajgiri,Telangana,Gram Panchayat / District Programme Coordinator,Offline work demand at Gram Panchayat,PENDING_VERIFICATION,Package001_Geography district master; scheme guidelines,https://www.myscheme.gov.in/,2026-07-25,73,VST-NEEDS_REVIEW,District Programme Coordinator is statutorily the District Collector or CEO
dsm-0087,sch-034,MGNREGS,3047ff5d-7947-489e-9b85-74ba0197be66,TG-HYD,Hyderabad,Telangana,Gram Panchayat / District Programme Coordinator,Offline work demand at Gram Panchayat,PENDING_VERIFICATION,Package001_Geography district master; scheme guidelines,https://www.myscheme.gov.in/,2026-07-25,73,VST-NEEDS_REVIEW,District Programme Coordinator is statutorily the District Collector or CEO
dsm-0088,sch-034,MGNREGS,d5eb8f6c-0a30-482b-a66b-b71ef0807c3d,TG-RRD,Ranga Reddy,Telangana,Gram Panchayat / District Programme Coordinator,Offline work demand at Gram Panchayat,PENDING_VERIFICATION,Package001_Geography district master; scheme guidelines,https://www.myscheme.gov.in/,2026-07-25,73,VST-NEEDS_REVIEW,District Programme Coordinator is statutorily the District Collector or CEO
dsm-0089,sch-034,MGNREGS,2f88f1aa-4e27-42e9-b163-09372b546552,TG-VKB,Vikarabad,Telangana,Gram Panchayat / District Programme Coordinator,Offline work demand at Gram Panchayat,PENDING_VERIFICATION,Package001_Geography district master; scheme guidelines,https://www.myscheme.gov.in/,2026-07-25,73,VST-NEEDS_REVIEW,District Programme Coordinator is statutorily the District Collector or CEO
dsm-0090,sch-034,MGNREGS,ad8a2cd7-e5a2-478a-88cc-c53c24d06f7e,TG-NRP,Narayanpet,Telangana,Gram Panchayat / District Programme Coordinator,Offline work demand at Gram Panchayat,PENDING_VERIFICATION,Package001_Geography district master; scheme guidelines,https://www.myscheme.gov.in/,2026-07-25,73,VST-NEEDS_REVIEW,District Programme Coordinator is statutorily the District Collector or CEO
dsm-0091,sch-034,MGNREGS,a762e29d-b3f4-4049-8eab-482792b30100,TG-MBN,Mahabubnagar,Telangana,Gram Panchayat / District Programme Coordinator,Offline work demand at Gram Panchayat,PENDING_VERIFICATION,Package001_Geography district master; scheme guidelines,https://www.myscheme.gov.in/,2026-07-25,73,VST-NEEDS_REVIEW,District Programme Coordinator is statutorily the District Collector or CEO
dsm-0092,sch-034,MGNREGS,37adc172-0f7b-4669-a8dc-303cff89b502,TG-NGK,Nagarkurnool,Telangana,Gram Panchayat / District Programme Coordinator,Offline work demand at Gram Panchayat,PENDING_VERIFICATION,Package001_Geography district master; scheme guidelines,https://www.myscheme.gov.in/,2026-07-25,73,VST-NEEDS_REVIEW,District Programme Coordinator is statutorily the District Collector or CEO
dsm-0093,sch-034,MGNREGS,88ed3461-7af3-47c0-8dba-1fd58bcdb4f4,TG-WNP,Wanaparthy,Telangana,Gram Panchayat / District Programme Coordinator,Offline work demand at Gram Panchayat,PENDING_VERIFICATION,Package001_Geography district master; scheme guidelines,https://www.myscheme.gov.in/,2026-07-25,73,VST-NEEDS_REVIEW,District Programme Coordinator is statutorily the District Collector or CEO
dsm-0094,sch-034,MGNREGS,9cce7f5b-ce3f-4bb0-87c4-32567b1198a4,TG-JGD,Jogulamba Gadwal,Telangana,Gram Panchayat / District Programme Coordinator,Offline work demand at Gram Panchayat,PENDING_VERIFICATION,Package001_Geography district master; scheme guidelines,https://www.myscheme.gov.in/,2026-07-25,73,VST-NEEDS_REVIEW,District Programme Coordinator is statutorily the District Collector or CEO
dsm-0095,sch-034,MGNREGS,709ae67e-2e80-4ff2-9457-def43c3a75df,AP-SRI,Srikakulam,Andhra Pradesh,Gram Panchayat / District Programme Coordinator,Offline work demand at Gram Panchayat,PENDING_VERIFICATION,Package001_Geography district master; scheme guidelines,https://www.myscheme.gov.in/,2026-07-25,73,VST-NEEDS_REVIEW,District Programme Coordinator is statutorily the District Collector or CEO
dsm-0096,sch-034,MGNREGS,f49867e4-4272-4e38-9918-7da19fc95b32,AP-PAR,Parvathipuram Manyam,Andhra Pradesh,Gram Panchayat / District Programme Coordinator,Offline work demand at Gram Panchayat,PENDING_VERIFICATION,Package001_Geography district master; scheme guidelines,https://www.myscheme.gov.in/,2026-07-25,73,VST-NEEDS_REVIEW,District Programme Coordinator is statutorily the District Collector or CEO
dsm-0097,sch-034,MGNREGS,473e5bdb-d08a-4873-9942-d3fe0fb907f6,AP-VIZ,Vizianagaram,Andhra Pradesh,Gram Panchayat / District Programme Coordinator,Offline work demand at Gram Panchayat,PENDING_VERIFICATION,Package001_Geography district master; scheme guidelines,https://www.myscheme.gov.in/,2026-07-25,73,VST-NEEDS_REVIEW,District Programme Coordinator is statutorily the District Collector or CEO
dsm-0098,sch-034,MGNREGS,88e201e0-7157-42e7-8c49-78dd22d1e70c,AP-VIS,Visakhapatnam,Andhra Pradesh,Gram Panchayat / District Programme Coordinator,Offline work demand at Gram Panchayat,PENDING_VERIFICATION,Package001_Geography district master; scheme guidelines,https://www.myscheme.gov.in/,2026-07-25,73,VST-NEEDS_REVIEW,District Programme Coordinator is statutorily the District Collector or CEO
dsm-0099,sch-034,MGNREGS,e2766aff-1f71-4401-93ba-4ba8bc3d8ab6,AP-ALL,Alluri Sitharama Raju,Andhra Pradesh,Gram Panchayat / District Programme Coordinator,Offline work demand at Gram Panchayat,PENDING_VERIFICATION,Package001_Geography district master; scheme guidelines,https://www.myscheme.gov.in/,2026-07-25,73,VST-NEEDS_REVIEW,District Programme Coordinator is statutorily the District Collector or CEO
dsm-0100,sch-034,MGNREGS,43940937-d49d-46bc-bf31-336bdb8d0072,AP-ANK,Anakapalli,Andhra Pradesh,Gram Panchayat / District Programme Coordinator,Offline work demand at Gram Panchayat,PENDING_VERIFICATION,Package001_Geography district master; scheme guidelines,https://www.myscheme.gov.in/,2026-07-25,73,VST-NEEDS_REVIEW,District Programme Coordinator is statutorily the District Collector or CEO
dsm-0101,sch-034,MGNREGS,10ba356d-0289-482f-bc5d-55ee7adfa9c8,AP-POL,Polavaram,Andhra Pradesh,Gram Panchayat / District Programme Coordinator,Offline work demand at Gram Panchayat,PENDING_VERIFICATION,Package001_Geography district master; scheme guidelines,https://www.myscheme.gov.in/,2026-07-25,73,VST-NEEDS_REVIEW,District Programme Coordinator is statutorily the District Collector or CEO
dsm-0102,sch-034,MGNREGS,160b4158-b8e3-4f38-ba85-0f9de408b39d,AP-KAK,Kakinada,Andhra Pradesh,Gram Panchayat / District Programme Coordinator,Offline work demand at Gram Panchayat,PENDING_VERIFICATION,Package001_Geography district master; scheme guidelines,https://www.myscheme.gov.in/,2026-07-25,73,VST-NEEDS_REVIEW,District Programme Coordinator is statutorily the District Collector or CEO
dsm-0103,sch-034,MGNREGS,3f5f2e8a-a13d-4889-a0d0-8f558d20c245,AP-EAS,East Godavari,Andhra Pradesh,Gram Panchayat / District Programme Coordinator,Offline work demand at Gram Panchayat,PENDING_VERIFICATION,Package001_Geography district master; scheme guidelines,https://www.myscheme.gov.in/,2026-07-25,73,VST-NEEDS_REVIEW,District Programme Coordinator is statutorily the District Collector or CEO
dsm-0104,sch-034,MGNREGS,a4804fbb-e644-4101-ae56-95195a25c3d9,AP-KON,Dr. B. R. Ambedkar Konaseema,Andhra Pradesh,Gram Panchayat / District Programme Coordinator,Offline work demand at Gram Panchayat,PENDING_VERIFICATION,Package001_Geography district master; scheme guidelines,https://www.myscheme.gov.in/,2026-07-25,73,VST-NEEDS_REVIEW,District Programme Coordinator is statutorily the District Collector or CEO
dsm-0105,sch-034,MGNREGS,652ea484-ad9d-4056-8cbf-283b982cfd01,AP-ELU,Eluru,Andhra Pradesh,Gram Panchayat / District Programme Coordinator,Offline work demand at Gram Panchayat,PENDING_VERIFICATION,Package001_Geography district master; scheme guidelines,https://www.myscheme.gov.in/,2026-07-25,73,VST-NEEDS_REVIEW,District Programme Coordinator is statutorily the District Collector or CEO
dsm-0106,sch-034,MGNREGS,29b87be3-4ff3-4325-87aa-d47a52501239,AP-WES,West Godavari,Andhra Pradesh,Gram Panchayat / District Programme Coordinator,Offline work demand at Gram Panchayat,PENDING_VERIFICATION,Package001_Geography district master; scheme guidelines,https://www.myscheme.gov.in/,2026-07-25,73,VST-NEEDS_REVIEW,District Programme Coordinator is statutorily the District Collector or CEO
dsm-0107,sch-034,MGNREGS,1cb600af-8640-465f-a1ab-cfcdbd38c7db,AP-NTR,NTR,Andhra Pradesh,Gram Panchayat / District Programme Coordinator,Offline work demand at Gram Panchayat,PENDING_VERIFICATION,Package001_Geography district master; scheme guidelines,https://www.myscheme.gov.in/,2026-07-25,73,VST-NEEDS_REVIEW,District Programme Coordinator is statutorily the District Collector or CEO
dsm-0108,sch-034,MGNREGS,71aa6838-7eb7-4a91-b09f-ccf59cffa4fb,AP-KRI,Krishna,Andhra Pradesh,Gram Panchayat / District Programme Coordinator,Offline work demand at Gram Panchayat,PENDING_VERIFICATION,Package001_Geography district master; scheme guidelines,https://www.myscheme.gov.in/,2026-07-25,73,VST-NEEDS_REVIEW,District Programme Coordinator is statutorily the District Collector or CEO
dsm-0109,sch-034,MGNREGS,a78da0a5-99d5-4729-a7f5-f6972fb28978,AP-PAL,Palnadu,Andhra Pradesh,Gram Panchayat / District Programme Coordinator,Offline work demand at Gram Panchayat,PENDING_VERIFICATION,Package001_Geography district master; scheme guidelines,https://www.myscheme.gov.in/,2026-07-25,73,VST-NEEDS_REVIEW,District Programme Coordinator is statutorily the District Collector or CEO
dsm-0110,sch-034,MGNREGS,d5299947-775b-49ed-9ddf-68116cd4ea31,AP-GUN,Guntur,Andhra Pradesh,Gram Panchayat / District Programme Coordinator,Offline work demand at Gram Panchayat,PENDING_VERIFICATION,Package001_Geography district master; scheme guidelines,https://www.myscheme.gov.in/,2026-07-25,73,VST-NEEDS_REVIEW,District Programme Coordinator is statutorily the District Collector or CEO
dsm-0111,sch-034,MGNREGS,56dfdd26-8e65-456f-a2a9-f32b079748fa,AP-BAP,Bapatla,Andhra Pradesh,Gram Panchayat / District Programme Coordinator,Offline work demand at Gram Panchayat,PENDING_VERIFICATION,Package001_Geography district master; scheme guidelines,https://www.myscheme.gov.in/,2026-07-25,73,VST-NEEDS_REVIEW,District Programme Coordinator is statutorily the District Collector or CEO
dsm-0112,sch-034,MGNREGS,5645ff67-1c01-4b3b-95ae-2506cc7eaa2c,AP-PRA,Prakasam,Andhra Pradesh,Gram Panchayat / District Programme Coordinator,Offline work demand at Gram Panchayat,PENDING_VERIFICATION,Package001_Geography district master; scheme guidelines,https://www.myscheme.gov.in/,2026-07-25,73,VST-NEEDS_REVIEW,District Programme Coordinator is statutorily the District Collector or CEO
dsm-0113,sch-034,MGNREGS,e95d3496-9cc2-4d39-ac93-ea7827089418,AP-MAR,Markapuram,Andhra Pradesh,Gram Panchayat / District Programme Coordinator,Offline work demand at Gram Panchayat,PENDING_VERIFICATION,Package001_Geography district master; scheme guidelines,https://www.myscheme.gov.in/,2026-07-25,73,VST-NEEDS_REVIEW,District Programme Coordinator is statutorily the District Collector or CEO
dsm-0114,sch-034,MGNREGS,e472f701-3d26-4bc2-a5f0-d811ca5d042e,AP-NEL,Sri Potti Sriramulu Nellore,Andhra Pradesh,Gram Panchayat / District Programme Coordinator,Offline work demand at Gram Panchayat,PENDING_VERIFICATION,Package001_Geography district master; scheme guidelines,https://www.myscheme.gov.in/,2026-07-25,73,VST-NEEDS_REVIEW,District Programme Coordinator is statutorily the District Collector or CEO
dsm-0115,sch-034,MGNREGS,b35798a9-d3a2-4ff0-b330-b3a1199c4551,AP-KUR,Kurnool,Andhra Pradesh,Gram Panchayat / District Programme Coordinator,Offline work demand at Gram Panchayat,PENDING_VERIFICATION,Package001_Geography district master; scheme guidelines,https://www.myscheme.gov.in/,2026-07-25,73,VST-NEEDS_REVIEW,District Programme Coordinator is statutorily the District Collector or CEO
dsm-0116,sch-034,MGNREGS,6e0bd6d7-c4cd-47cb-a568-3859d7f584f5,AP-NAN,Nandyal,Andhra Pradesh,Gram Panchayat / District Programme Coordinator,Offline work demand at Gram Panchayat,PENDING_VERIFICATION,Package001_Geography district master; scheme guidelines,https://www.myscheme.gov.in/,2026-07-25,73,VST-NEEDS_REVIEW,District Programme Coordinator is statutorily the District Collector or CEO
dsm-0117,sch-034,MGNREGS,155d1569-c077-4433-b4e0-6ceadfd0622a,AP-ATP,Ananthapuramu,Andhra Pradesh,Gram Panchayat / District Programme Coordinator,Offline work demand at Gram Panchayat,PENDING_VERIFICATION,Package001_Geography district master; scheme guidelines,https://www.myscheme.gov.in/,2026-07-25,73,VST-NEEDS_REVIEW,District Programme Coordinator is statutorily the District Collector or CEO
dsm-0118,sch-034,MGNREGS,edca209e-ddf4-423c-bf22-ddf359bc576d,AP-SSS,Sri Sathya Sai,Andhra Pradesh,Gram Panchayat / District Programme Coordinator,Offline work demand at Gram Panchayat,PENDING_VERIFICATION,Package001_Geography district master; scheme guidelines,https://www.myscheme.gov.in/,2026-07-25,73,VST-NEEDS_REVIEW,District Programme Coordinator is statutorily the District Collector or CEO
dsm-0119,sch-034,MGNREGS,f0de900a-6a79-45cc-aed2-01d31752edea,AP-CUD,YSR Kadapa,Andhra Pradesh,Gram Panchayat / District Programme Coordinator,Offline work demand at Gram Panchayat,PENDING_VERIFICATION,Package001_Geography district master; scheme guidelines,https://www.myscheme.gov.in/,2026-07-25,73,VST-NEEDS_REVIEW,District Programme Coordinator is statutorily the District Collector or CEO
dsm-0120,sch-034,MGNREGS,573f08b6-ac9a-4025-8cf5-4803690b7651,AP-ANN,Annamayya,Andhra Pradesh,Gram Panchayat / District Programme Coordinator,Offline work demand at Gram Panchayat,PENDING_VERIFICATION,Package001_Geography district master; scheme guidelines,https://www.myscheme.gov.in/,2026-07-25,73,VST-NEEDS_REVIEW,District Programme Coordinator is statutorily the District Collector or CEO
dsm-0121,sch-034,MGNREGS,db24bd82-9d6f-4b3c-afdf-7961543769f4,AP-TIR,Tirupati,Andhra Pradesh,Gram Panchayat / District Programme Coordinator,Offline work demand at Gram Panchayat,PENDING_VERIFICATION,Package001_Geography district master; scheme guidelines,https://www.myscheme.gov.in/,2026-07-25,73,VST-NEEDS_REVIEW,District Programme Coordinator is statutorily the District Collector or CEO
dsm-0122,sch-034,MGNREGS,c3a879b3-f320-47ec-8104-d1c8137b672a,AP-CHI,Chittoor,Andhra Pradesh,Gram Panchayat / District Programme Coordinator,Offline work demand at Gram Panchayat,PENDING_VERIFICATION,Package001_Geography district master; scheme guidelines,https://www.myscheme.gov.in/,2026-07-25,73,VST-NEEDS_REVIEW,District Programme Coordinator is statutorily the District Collector or CEO
dsm-0123,sch-036,PMAY-G,a0248e18-5e38-4b14-8c0b-dfa7105971dd,TG-ADB,Adilabad,Telangana,District Rural Development Agency / Gram Panchayat,Gram Sabha validation of the permanent wait list,PENDING_VERIFICATION,Package001_Geography district master; scheme guidelines,https://www.myscheme.gov.in/,2026-07-25,71,VST-NEEDS_REVIEW,Sanction and instalment release are administered at district level
dsm-0124,sch-036,PMAY-G,5eedf97f-f311-4ec9-ac9e-03da47fde723,TG-KBA,Kumuram Bheem Asifabad,Telangana,District Rural Development Agency / Gram Panchayat,Gram Sabha validation of the permanent wait list,PENDING_VERIFICATION,Package001_Geography district master; scheme guidelines,https://www.myscheme.gov.in/,2026-07-25,71,VST-NEEDS_REVIEW,Sanction and instalment release are administered at district level
dsm-0125,sch-036,PMAY-G,24e7d017-1120-4f39-b6e3-8eb6c8f93e82,TG-MCL,Mancherial,Telangana,District Rural Development Agency / Gram Panchayat,Gram Sabha validation of the permanent wait list,PENDING_VERIFICATION,Package001_Geography district master; scheme guidelines,https://www.myscheme.gov.in/,2026-07-25,71,VST-NEEDS_REVIEW,Sanction and instalment release are administered at district level
dsm-0126,sch-036,PMAY-G,1b1a69fd-b7d2-4547-9898-fef4ae0f28ec,TG-NRM,Nirmal,Telangana,District Rural Development Agency / Gram Panchayat,Gram Sabha validation of the permanent wait list,PENDING_VERIFICATION,Package001_Geography district master; scheme guidelines,https://www.myscheme.gov.in/,2026-07-25,71,VST-NEEDS_REVIEW,Sanction and instalment release are administered at district level
dsm-0127,sch-036,PMAY-G,b6fb561d-e551-4b7a-b15b-6f81e5a3ec20,TG-NZB,Nizamabad,Telangana,District Rural Development Agency / Gram Panchayat,Gram Sabha validation of the permanent wait list,PENDING_VERIFICATION,Package001_Geography district master; scheme guidelines,https://www.myscheme.gov.in/,2026-07-25,71,VST-NEEDS_REVIEW,Sanction and instalment release are administered at district level
dsm-0128,sch-036,PMAY-G,3606f526-a8fe-4eee-892c-ca996b59b03e,TG-JGT,Jagtial,Telangana,District Rural Development Agency / Gram Panchayat,Gram Sabha validation of the permanent wait list,PENDING_VERIFICATION,Package001_Geography district master; scheme guidelines,https://www.myscheme.gov.in/,2026-07-25,71,VST-NEEDS_REVIEW,Sanction and instalment release are administered at district level
dsm-0129,sch-036,PMAY-G,e17d2fa9-1dfa-4d56-83d5-9f962d6e3469,TG-PDP,Peddapalli,Telangana,District Rural Development Agency / Gram Panchayat,Gram Sabha validation of the permanent wait list,PENDING_VERIFICATION,Package001_Geography district master; scheme guidelines,https://www.myscheme.gov.in/,2026-07-25,71,VST-NEEDS_REVIEW,Sanction and instalment release are administered at district level
dsm-0130,sch-036,PMAY-G,e08443e2-2ae2-4e3b-a41d-68c06063d269,TG-KMR,Kamareddy,Telangana,District Rural Development Agency / Gram Panchayat,Gram Sabha validation of the permanent wait list,PENDING_VERIFICATION,Package001_Geography district master; scheme guidelines,https://www.myscheme.gov.in/,2026-07-25,71,VST-NEEDS_REVIEW,Sanction and instalment release are administered at district level
dsm-0131,sch-036,PMAY-G,165eaf89-5d17-4efa-b5d8-6909d8f0e84f,TG-RSL,Rajanna Sircilla,Telangana,District Rural Development Agency / Gram Panchayat,Gram Sabha validation of the permanent wait list,PENDING_VERIFICATION,Package001_Geography district master; scheme guidelines,https://www.myscheme.gov.in/,2026-07-25,71,VST-NEEDS_REVIEW,Sanction and instalment release are administered at district level
dsm-0132,sch-036,PMAY-G,086394be-1e67-4761-a069-e9d2dd6f7bd0,TG-KRM,Karimnagar,Telangana,District Rural Development Agency / Gram Panchayat,Gram Sabha validation of the permanent wait list,PENDING_VERIFICATION,Package001_Geography district master; scheme guidelines,https://www.myscheme.gov.in/,2026-07-25,71,VST-NEEDS_REVIEW,Sanction and instalment release are administered at district level
dsm-0133,sch-036,PMAY-G,9fed3cf2-18e0-4c2d-9355-80d3b34b1ebd,TG-JSB,Jayashankar Bhupalpally,Telangana,District Rural Development Agency / Gram Panchayat,Gram Sabha validation of the permanent wait list,PENDING_VERIFICATION,Package001_Geography district master; scheme guidelines,https://www.myscheme.gov.in/,2026-07-25,71,VST-NEEDS_REVIEW,Sanction and instalment release are administered at district level
dsm-0134,sch-036,PMAY-G,13bb4a71-c81b-4eb8-8d27-59bf21d96c85,TG-SNG,Sangareddy,Telangana,District Rural Development Agency / Gram Panchayat,Gram Sabha validation of the permanent wait list,PENDING_VERIFICATION,Package001_Geography district master; scheme guidelines,https://www.myscheme.gov.in/,2026-07-25,71,VST-NEEDS_REVIEW,Sanction and instalment release are administered at district level
dsm-0135,sch-036,PMAY-G,3a1a968d-5bd8-433b-8b99-5d2b04b69269,TG-MDK,Medak,Telangana,District Rural Development Agency / Gram Panchayat,Gram Sabha validation of the permanent wait list,PENDING_VERIFICATION,Package001_Geography district master; scheme guidelines,https://www.myscheme.gov.in/,2026-07-25,71,VST-NEEDS_REVIEW,Sanction and instalment release are administered at district level
dsm-0136,sch-036,PMAY-G,d764f4a1-46b2-4a6b-915a-a39fda0a4cb5,TG-SDP,Siddipet,Telangana,District Rural Development Agency / Gram Panchayat,Gram Sabha validation of the permanent wait list,PENDING_VERIFICATION,Package001_Geography district master; scheme guidelines,https://www.myscheme.gov.in/,2026-07-25,71,VST-NEEDS_REVIEW,Sanction and instalment release are administered at district level
dsm-0137,sch-036,PMAY-G,681ac702-6fec-4db9-bac5-1e06183fa4ed,TG-JNG,Jangaon,Telangana,District Rural Development Agency / Gram Panchayat,Gram Sabha validation of the permanent wait list,PENDING_VERIFICATION,Package001_Geography district master; scheme guidelines,https://www.myscheme.gov.in/,2026-07-25,71,VST-NEEDS_REVIEW,Sanction and instalment release are administered at district level
dsm-0138,sch-036,PMAY-G,b53a2b5f-f3fe-4b18-82ee-893431e3579c,TG-HNK,Hanumakonda,Telangana,District Rural Development Agency / Gram Panchayat,Gram Sabha validation of the permanent wait list,PENDING_VERIFICATION,Package001_Geography district master; scheme guidelines,https://www.myscheme.gov.in/,2026-07-25,71,VST-NEEDS_REVIEW,Sanction and instalment release are administered at district level
dsm-0139,sch-036,PMAY-G,479e0ee3-c2bf-404c-b3fa-f3bc106aff50,TG-WGL,Warangal,Telangana,District Rural Development Agency / Gram Panchayat,Gram Sabha validation of the permanent wait list,PENDING_VERIFICATION,Package001_Geography district master; scheme guidelines,https://www.myscheme.gov.in/,2026-07-25,71,VST-NEEDS_REVIEW,Sanction and instalment release are administered at district level
dsm-0140,sch-036,PMAY-G,ab5c6cd0-4983-46bb-8ca1-18ec2e543843,TG-MLG,Mulugu,Telangana,District Rural Development Agency / Gram Panchayat,Gram Sabha validation of the permanent wait list,PENDING_VERIFICATION,Package001_Geography district master; scheme guidelines,https://www.myscheme.gov.in/,2026-07-25,71,VST-NEEDS_REVIEW,Sanction and instalment release are administered at district level
dsm-0141,sch-036,PMAY-G,71ae6871-0548-4995-8bdc-82ffb8894157,TG-BKG,Bhadradri Kothagudem,Telangana,District Rural Development Agency / Gram Panchayat,Gram Sabha validation of the permanent wait list,PENDING_VERIFICATION,Package001_Geography district master; scheme guidelines,https://www.myscheme.gov.in/,2026-07-25,71,VST-NEEDS_REVIEW,Sanction and instalment release are administered at district level
dsm-0142,sch-036,PMAY-G,be21fb05-1905-4012-b551-90e8d2d8eddb,TG-KHM,Khammam,Telangana,District Rural Development Agency / Gram Panchayat,Gram Sabha validation of the permanent wait list,PENDING_VERIFICATION,Package001_Geography district master; scheme guidelines,https://www.myscheme.gov.in/,2026-07-25,71,VST-NEEDS_REVIEW,Sanction and instalment release are administered at district level
dsm-0143,sch-036,PMAY-G,7abca5e0-8c8c-4ad9-9557-8765700d9b92,TG-MBD,Mahabubabad,Telangana,District Rural Development Agency / Gram Panchayat,Gram Sabha validation of the permanent wait list,PENDING_VERIFICATION,Package001_Geography district master; scheme guidelines,https://www.myscheme.gov.in/,2026-07-25,71,VST-NEEDS_REVIEW,Sanction and instalment release are administered at district level
dsm-0144,sch-036,PMAY-G,031f932a-8114-46ad-8b13-854d1bb0cc75,TG-SRY,Suryapet,Telangana,District Rural Development Agency / Gram Panchayat,Gram Sabha validation of the permanent wait list,PENDING_VERIFICATION,Package001_Geography district master; scheme guidelines,https://www.myscheme.gov.in/,2026-07-25,71,VST-NEEDS_REVIEW,Sanction and instalment release are administered at district level
dsm-0145,sch-036,PMAY-G,0cb70c34-070b-4d0b-904a-562214df7d76,TG-NLG,Nalgonda,Telangana,District Rural Development Agency / Gram Panchayat,Gram Sabha validation of the permanent wait list,PENDING_VERIFICATION,Package001_Geography district master; scheme guidelines,https://www.myscheme.gov.in/,2026-07-25,71,VST-NEEDS_REVIEW,Sanction and instalment release are administered at district level
dsm-0146,sch-036,PMAY-G,81165142-90a8-4e0f-9ea2-dbbe6eff1702,TG-YDB,Yadadri Bhuvanagiri,Telangana,District Rural Development Agency / Gram Panchayat,Gram Sabha validation of the permanent wait list,PENDING_VERIFICATION,Package001_Geography district master; scheme guidelines,https://www.myscheme.gov.in/,2026-07-25,71,VST-NEEDS_REVIEW,Sanction and instalment release are administered at district level
dsm-0147,sch-036,PMAY-G,26232aa3-0bcb-4082-93dd-724331f31f8a,TG-MCG,Medchal-Malkajgiri,Telangana,District Rural Development Agency / Gram Panchayat,Gram Sabha validation of the permanent wait list,PENDING_VERIFICATION,Package001_Geography district master; scheme guidelines,https://www.myscheme.gov.in/,2026-07-25,71,VST-NEEDS_REVIEW,Sanction and instalment release are administered at district level
dsm-0148,sch-036,PMAY-G,3047ff5d-7947-489e-9b85-74ba0197be66,TG-HYD,Hyderabad,Telangana,District Rural Development Agency / Gram Panchayat,Gram Sabha validation of the permanent wait list,PENDING_VERIFICATION,Package001_Geography district master; scheme guidelines,https://www.myscheme.gov.in/,2026-07-25,71,VST-NEEDS_REVIEW,Sanction and instalment release are administered at district level
dsm-0149,sch-036,PMAY-G,d5eb8f6c-0a30-482b-a66b-b71ef0807c3d,TG-RRD,Ranga Reddy,Telangana,District Rural Development Agency / Gram Panchayat,Gram Sabha validation of the permanent wait list,PENDING_VERIFICATION,Package001_Geography district master; scheme guidelines,https://www.myscheme.gov.in/,2026-07-25,71,VST-NEEDS_REVIEW,Sanction and instalment release are administered at district level
dsm-0150,sch-036,PMAY-G,2f88f1aa-4e27-42e9-b163-09372b546552,TG-VKB,Vikarabad,Telangana,District Rural Development Agency / Gram Panchayat,Gram Sabha validation of the permanent wait list,PENDING_VERIFICATION,Package001_Geography district master; scheme guidelines,https://www.myscheme.gov.in/,2026-07-25,71,VST-NEEDS_REVIEW,Sanction and instalment release are administered at district level
dsm-0151,sch-036,PMAY-G,ad8a2cd7-e5a2-478a-88cc-c53c24d06f7e,TG-NRP,Narayanpet,Telangana,District Rural Development Agency / Gram Panchayat,Gram Sabha validation of the permanent wait list,PENDING_VERIFICATION,Package001_Geography district master; scheme guidelines,https://www.myscheme.gov.in/,2026-07-25,71,VST-NEEDS_REVIEW,Sanction and instalment release are administered at district level
dsm-0152,sch-036,PMAY-G,a762e29d-b3f4-4049-8eab-482792b30100,TG-MBN,Mahabubnagar,Telangana,District Rural Development Agency / Gram Panchayat,Gram Sabha validation of the permanent wait list,PENDING_VERIFICATION,Package001_Geography district master; scheme guidelines,https://www.myscheme.gov.in/,2026-07-25,71,VST-NEEDS_REVIEW,Sanction and instalment release are administered at district level
dsm-0153,sch-036,PMAY-G,37adc172-0f7b-4669-a8dc-303cff89b502,TG-NGK,Nagarkurnool,Telangana,District Rural Development Agency / Gram Panchayat,Gram Sabha validation of the permanent wait list,PENDING_VERIFICATION,Package001_Geography district master; scheme guidelines,https://www.myscheme.gov.in/,2026-07-25,71,VST-NEEDS_REVIEW,Sanction and instalment release are administered at district level
dsm-0154,sch-036,PMAY-G,88ed3461-7af3-47c0-8dba-1fd58bcdb4f4,TG-WNP,Wanaparthy,Telangana,District Rural Development Agency / Gram Panchayat,Gram Sabha validation of the permanent wait list,PENDING_VERIFICATION,Package001_Geography district master; scheme guidelines,https://www.myscheme.gov.in/,2026-07-25,71,VST-NEEDS_REVIEW,Sanction and instalment release are administered at district level
dsm-0155,sch-036,PMAY-G,9cce7f5b-ce3f-4bb0-87c4-32567b1198a4,TG-JGD,Jogulamba Gadwal,Telangana,District Rural Development Agency / Gram Panchayat,Gram Sabha validation of the permanent wait list,PENDING_VERIFICATION,Package001_Geography district master; scheme guidelines,https://www.myscheme.gov.in/,2026-07-25,71,VST-NEEDS_REVIEW,Sanction and instalment release are administered at district level
dsm-0156,sch-036,PMAY-G,709ae67e-2e80-4ff2-9457-def43c3a75df,AP-SRI,Srikakulam,Andhra Pradesh,District Rural Development Agency / Gram Panchayat,Gram Sabha validation of the permanent wait list,PENDING_VERIFICATION,Package001_Geography district master; scheme guidelines,https://www.myscheme.gov.in/,2026-07-25,71,VST-NEEDS_REVIEW,Sanction and instalment release are administered at district level
dsm-0157,sch-036,PMAY-G,f49867e4-4272-4e38-9918-7da19fc95b32,AP-PAR,Parvathipuram Manyam,Andhra Pradesh,District Rural Development Agency / Gram Panchayat,Gram Sabha validation of the permanent wait list,PENDING_VERIFICATION,Package001_Geography district master; scheme guidelines,https://www.myscheme.gov.in/,2026-07-25,71,VST-NEEDS_REVIEW,Sanction and instalment release are administered at district level
dsm-0158,sch-036,PMAY-G,473e5bdb-d08a-4873-9942-d3fe0fb907f6,AP-VIZ,Vizianagaram,Andhra Pradesh,District Rural Development Agency / Gram Panchayat,Gram Sabha validation of the permanent wait list,PENDING_VERIFICATION,Package001_Geography district master; scheme guidelines,https://www.myscheme.gov.in/,2026-07-25,71,VST-NEEDS_REVIEW,Sanction and instalment release are administered at district level
dsm-0159,sch-036,PMAY-G,88e201e0-7157-42e7-8c49-78dd22d1e70c,AP-VIS,Visakhapatnam,Andhra Pradesh,District Rural Development Agency / Gram Panchayat,Gram Sabha validation of the permanent wait list,PENDING_VERIFICATION,Package001_Geography district master; scheme guidelines,https://www.myscheme.gov.in/,2026-07-25,71,VST-NEEDS_REVIEW,Sanction and instalment release are administered at district level
dsm-0160,sch-036,PMAY-G,e2766aff-1f71-4401-93ba-4ba8bc3d8ab6,AP-ALL,Alluri Sitharama Raju,Andhra Pradesh,District Rural Development Agency / Gram Panchayat,Gram Sabha validation of the permanent wait list,PENDING_VERIFICATION,Package001_Geography district master; scheme guidelines,https://www.myscheme.gov.in/,2026-07-25,71,VST-NEEDS_REVIEW,Sanction and instalment release are administered at district level
dsm-0161,sch-036,PMAY-G,43940937-d49d-46bc-bf31-336bdb8d0072,AP-ANK,Anakapalli,Andhra Pradesh,District Rural Development Agency / Gram Panchayat,Gram Sabha validation of the permanent wait list,PENDING_VERIFICATION,Package001_Geography district master; scheme guidelines,https://www.myscheme.gov.in/,2026-07-25,71,VST-NEEDS_REVIEW,Sanction and instalment release are administered at district level
dsm-0162,sch-036,PMAY-G,10ba356d-0289-482f-bc5d-55ee7adfa9c8,AP-POL,Polavaram,Andhra Pradesh,District Rural Development Agency / Gram Panchayat,Gram Sabha validation of the permanent wait list,PENDING_VERIFICATION,Package001_Geography district master; scheme guidelines,https://www.myscheme.gov.in/,2026-07-25,71,VST-NEEDS_REVIEW,Sanction and instalment release are administered at district level
dsm-0163,sch-036,PMAY-G,160b4158-b8e3-4f38-ba85-0f9de408b39d,AP-KAK,Kakinada,Andhra Pradesh,District Rural Development Agency / Gram Panchayat,Gram Sabha validation of the permanent wait list,PENDING_VERIFICATION,Package001_Geography district master; scheme guidelines,https://www.myscheme.gov.in/,2026-07-25,71,VST-NEEDS_REVIEW,Sanction and instalment release are administered at district level
dsm-0164,sch-036,PMAY-G,3f5f2e8a-a13d-4889-a0d0-8f558d20c245,AP-EAS,East Godavari,Andhra Pradesh,District Rural Development Agency / Gram Panchayat,Gram Sabha validation of the permanent wait list,PENDING_VERIFICATION,Package001_Geography district master; scheme guidelines,https://www.myscheme.gov.in/,2026-07-25,71,VST-NEEDS_REVIEW,Sanction and instalment release are administered at district level
dsm-0165,sch-036,PMAY-G,a4804fbb-e644-4101-ae56-95195a25c3d9,AP-KON,Dr. B. R. Ambedkar Konaseema,Andhra Pradesh,District Rural Development Agency / Gram Panchayat,Gram Sabha validation of the permanent wait list,PENDING_VERIFICATION,Package001_Geography district master; scheme guidelines,https://www.myscheme.gov.in/,2026-07-25,71,VST-NEEDS_REVIEW,Sanction and instalment release are administered at district level
dsm-0166,sch-036,PMAY-G,652ea484-ad9d-4056-8cbf-283b982cfd01,AP-ELU,Eluru,Andhra Pradesh,District Rural Development Agency / Gram Panchayat,Gram Sabha validation of the permanent wait list,PENDING_VERIFICATION,Package001_Geography district master; scheme guidelines,https://www.myscheme.gov.in/,2026-07-25,71,VST-NEEDS_REVIEW,Sanction and instalment release are administered at district level
dsm-0167,sch-036,PMAY-G,29b87be3-4ff3-4325-87aa-d47a52501239,AP-WES,West Godavari,Andhra Pradesh,District Rural Development Agency / Gram Panchayat,Gram Sabha validation of the permanent wait list,PENDING_VERIFICATION,Package001_Geography district master; scheme guidelines,https://www.myscheme.gov.in/,2026-07-25,71,VST-NEEDS_REVIEW,Sanction and instalment release are administered at district level
dsm-0168,sch-036,PMAY-G,1cb600af-8640-465f-a1ab-cfcdbd38c7db,AP-NTR,NTR,Andhra Pradesh,District Rural Development Agency / Gram Panchayat,Gram Sabha validation of the permanent wait list,PENDING_VERIFICATION,Package001_Geography district master; scheme guidelines,https://www.myscheme.gov.in/,2026-07-25,71,VST-NEEDS_REVIEW,Sanction and instalment release are administered at district level
dsm-0169,sch-036,PMAY-G,71aa6838-7eb7-4a91-b09f-ccf59cffa4fb,AP-KRI,Krishna,Andhra Pradesh,District Rural Development Agency / Gram Panchayat,Gram Sabha validation of the permanent wait list,PENDING_VERIFICATION,Package001_Geography district master; scheme guidelines,https://www.myscheme.gov.in/,2026-07-25,71,VST-NEEDS_REVIEW,Sanction and instalment release are administered at district level
dsm-0170,sch-036,PMAY-G,a78da0a5-99d5-4729-a7f5-f6972fb28978,AP-PAL,Palnadu,Andhra Pradesh,District Rural Development Agency / Gram Panchayat,Gram Sabha validation of the permanent wait list,PENDING_VERIFICATION,Package001_Geography district master; scheme guidelines,https://www.myscheme.gov.in/,2026-07-25,71,VST-NEEDS_REVIEW,Sanction and instalment release are administered at district level
dsm-0171,sch-036,PMAY-G,d5299947-775b-49ed-9ddf-68116cd4ea31,AP-GUN,Guntur,Andhra Pradesh,District Rural Development Agency / Gram Panchayat,Gram Sabha validation of the permanent wait list,PENDING_VERIFICATION,Package001_Geography district master; scheme guidelines,https://www.myscheme.gov.in/,2026-07-25,71,VST-NEEDS_REVIEW,Sanction and instalment release are administered at district level
dsm-0172,sch-036,PMAY-G,56dfdd26-8e65-456f-a2a9-f32b079748fa,AP-BAP,Bapatla,Andhra Pradesh,District Rural Development Agency / Gram Panchayat,Gram Sabha validation of the permanent wait list,PENDING_VERIFICATION,Package001_Geography district master; scheme guidelines,https://www.myscheme.gov.in/,2026-07-25,71,VST-NEEDS_REVIEW,Sanction and instalment release are administered at district level
dsm-0173,sch-036,PMAY-G,5645ff67-1c01-4b3b-95ae-2506cc7eaa2c,AP-PRA,Prakasam,Andhra Pradesh,District Rural Development Agency / Gram Panchayat,Gram Sabha validation of the permanent wait list,PENDING_VERIFICATION,Package001_Geography district master; scheme guidelines,https://www.myscheme.gov.in/,2026-07-25,71,VST-NEEDS_REVIEW,Sanction and instalment release are administered at district level
dsm-0174,sch-036,PMAY-G,e95d3496-9cc2-4d39-ac93-ea7827089418,AP-MAR,Markapuram,Andhra Pradesh,District Rural Development Agency / Gram Panchayat,Gram Sabha validation of the permanent wait list,PENDING_VERIFICATION,Package001_Geography district master; scheme guidelines,https://www.myscheme.gov.in/,2026-07-25,71,VST-NEEDS_REVIEW,Sanction and instalment release are administered at district level
dsm-0175,sch-036,PMAY-G,e472f701-3d26-4bc2-a5f0-d811ca5d042e,AP-NEL,Sri Potti Sriramulu Nellore,Andhra Pradesh,District Rural Development Agency / Gram Panchayat,Gram Sabha validation of the permanent wait list,PENDING_VERIFICATION,Package001_Geography district master; scheme guidelines,https://www.myscheme.gov.in/,2026-07-25,71,VST-NEEDS_REVIEW,Sanction and instalment release are administered at district level
dsm-0176,sch-036,PMAY-G,b35798a9-d3a2-4ff0-b330-b3a1199c4551,AP-KUR,Kurnool,Andhra Pradesh,District Rural Development Agency / Gram Panchayat,Gram Sabha validation of the permanent wait list,PENDING_VERIFICATION,Package001_Geography district master; scheme guidelines,https://www.myscheme.gov.in/,2026-07-25,71,VST-NEEDS_REVIEW,Sanction and instalment release are administered at district level
dsm-0177,sch-036,PMAY-G,6e0bd6d7-c4cd-47cb-a568-3859d7f584f5,AP-NAN,Nandyal,Andhra Pradesh,District Rural Development Agency / Gram Panchayat,Gram Sabha validation of the permanent wait list,PENDING_VERIFICATION,Package001_Geography district master; scheme guidelines,https://www.myscheme.gov.in/,2026-07-25,71,VST-NEEDS_REVIEW,Sanction and instalment release are administered at district level
dsm-0178,sch-036,PMAY-G,155d1569-c077-4433-b4e0-6ceadfd0622a,AP-ATP,Ananthapuramu,Andhra Pradesh,District Rural Development Agency / Gram Panchayat,Gram Sabha validation of the permanent wait list,PENDING_VERIFICATION,Package001_Geography district master; scheme guidelines,https://www.myscheme.gov.in/,2026-07-25,71,VST-NEEDS_REVIEW,Sanction and instalment release are administered at district level
dsm-0179,sch-036,PMAY-G,edca209e-ddf4-423c-bf22-ddf359bc576d,AP-SSS,Sri Sathya Sai,Andhra Pradesh,District Rural Development Agency / Gram Panchayat,Gram Sabha validation of the permanent wait list,PENDING_VERIFICATION,Package001_Geography district master; scheme guidelines,https://www.myscheme.gov.in/,2026-07-25,71,VST-NEEDS_REVIEW,Sanction and instalment release are administered at district level
dsm-0180,sch-036,PMAY-G,f0de900a-6a79-45cc-aed2-01d31752edea,AP-CUD,YSR Kadapa,Andhra Pradesh,District Rural Development Agency / Gram Panchayat,Gram Sabha validation of the permanent wait list,PENDING_VERIFICATION,Package001_Geography district master; scheme guidelines,https://www.myscheme.gov.in/,2026-07-25,71,VST-NEEDS_REVIEW,Sanction and instalment release are administered at district level
dsm-0181,sch-036,PMAY-G,573f08b6-ac9a-4025-8cf5-4803690b7651,AP-ANN,Annamayya,Andhra Pradesh,District Rural Development Agency / Gram Panchayat,Gram Sabha validation of the permanent wait list,PENDING_VERIFICATION,Package001_Geography district master; scheme guidelines,https://www.myscheme.gov.in/,2026-07-25,71,VST-NEEDS_REVIEW,Sanction and instalment release are administered at district level
dsm-0182,sch-036,PMAY-G,db24bd82-9d6f-4b3c-afdf-7961543769f4,AP-TIR,Tirupati,Andhra Pradesh,District Rural Development Agency / Gram Panchayat,Gram Sabha validation of the permanent wait list,PENDING_VERIFICATION,Package001_Geography district master; scheme guidelines,https://www.myscheme.gov.in/,2026-07-25,71,VST-NEEDS_REVIEW,Sanction and instalment release are administered at district level
dsm-0183,sch-036,PMAY-G,c3a879b3-f320-47ec-8104-d1c8137b672a,AP-CHI,Chittoor,Andhra Pradesh,District Rural Development Agency / Gram Panchayat,Gram Sabha validation of the permanent wait list,PENDING_VERIFICATION,Package001_Geography district master; scheme guidelines,https://www.myscheme.gov.in/,2026-07-25,71,VST-NEEDS_REVIEW,Sanction and instalment release are administered at district level
dsm-0184,sch-005,PM-KISAN,a0248e18-5e38-4b14-8c0b-dfa7105971dd,TG-ADB,Adilabad,Telangana,District Agriculture Office / village revenue office,Online self-registration or CSC-assisted,PENDING_VERIFICATION,Package001_Geography district master; scheme guidelines,https://www.myscheme.gov.in/,2026-07-25,72,VST-NEEDS_REVIEW,Land record verification is a district revenue function
dsm-0185,sch-005,PM-KISAN,5eedf97f-f311-4ec9-ac9e-03da47fde723,TG-KBA,Kumuram Bheem Asifabad,Telangana,District Agriculture Office / village revenue office,Online self-registration or CSC-assisted,PENDING_VERIFICATION,Package001_Geography district master; scheme guidelines,https://www.myscheme.gov.in/,2026-07-25,72,VST-NEEDS_REVIEW,Land record verification is a district revenue function
dsm-0186,sch-005,PM-KISAN,24e7d017-1120-4f39-b6e3-8eb6c8f93e82,TG-MCL,Mancherial,Telangana,District Agriculture Office / village revenue office,Online self-registration or CSC-assisted,PENDING_VERIFICATION,Package001_Geography district master; scheme guidelines,https://www.myscheme.gov.in/,2026-07-25,72,VST-NEEDS_REVIEW,Land record verification is a district revenue function
dsm-0187,sch-005,PM-KISAN,1b1a69fd-b7d2-4547-9898-fef4ae0f28ec,TG-NRM,Nirmal,Telangana,District Agriculture Office / village revenue office,Online self-registration or CSC-assisted,PENDING_VERIFICATION,Package001_Geography district master; scheme guidelines,https://www.myscheme.gov.in/,2026-07-25,72,VST-NEEDS_REVIEW,Land record verification is a district revenue function
dsm-0188,sch-005,PM-KISAN,b6fb561d-e551-4b7a-b15b-6f81e5a3ec20,TG-NZB,Nizamabad,Telangana,District Agriculture Office / village revenue office,Online self-registration or CSC-assisted,PENDING_VERIFICATION,Package001_Geography district master; scheme guidelines,https://www.myscheme.gov.in/,2026-07-25,72,VST-NEEDS_REVIEW,Land record verification is a district revenue function
dsm-0189,sch-005,PM-KISAN,3606f526-a8fe-4eee-892c-ca996b59b03e,TG-JGT,Jagtial,Telangana,District Agriculture Office / village revenue office,Online self-registration or CSC-assisted,PENDING_VERIFICATION,Package001_Geography district master; scheme guidelines,https://www.myscheme.gov.in/,2026-07-25,72,VST-NEEDS_REVIEW,Land record verification is a district revenue function
dsm-0190,sch-005,PM-KISAN,e17d2fa9-1dfa-4d56-83d5-9f962d6e3469,TG-PDP,Peddapalli,Telangana,District Agriculture Office / village revenue office,Online self-registration or CSC-assisted,PENDING_VERIFICATION,Package001_Geography district master; scheme guidelines,https://www.myscheme.gov.in/,2026-07-25,72,VST-NEEDS_REVIEW,Land record verification is a district revenue function
dsm-0191,sch-005,PM-KISAN,e08443e2-2ae2-4e3b-a41d-68c06063d269,TG-KMR,Kamareddy,Telangana,District Agriculture Office / village revenue office,Online self-registration or CSC-assisted,PENDING_VERIFICATION,Package001_Geography district master; scheme guidelines,https://www.myscheme.gov.in/,2026-07-25,72,VST-NEEDS_REVIEW,Land record verification is a district revenue function
dsm-0192,sch-005,PM-KISAN,165eaf89-5d17-4efa-b5d8-6909d8f0e84f,TG-RSL,Rajanna Sircilla,Telangana,District Agriculture Office / village revenue office,Online self-registration or CSC-assisted,PENDING_VERIFICATION,Package001_Geography district master; scheme guidelines,https://www.myscheme.gov.in/,2026-07-25,72,VST-NEEDS_REVIEW,Land record verification is a district revenue function
dsm-0193,sch-005,PM-KISAN,086394be-1e67-4761-a069-e9d2dd6f7bd0,TG-KRM,Karimnagar,Telangana,District Agriculture Office / village revenue office,Online self-registration or CSC-assisted,PENDING_VERIFICATION,Package001_Geography district master; scheme guidelines,https://www.myscheme.gov.in/,2026-07-25,72,VST-NEEDS_REVIEW,Land record verification is a district revenue function
dsm-0194,sch-005,PM-KISAN,9fed3cf2-18e0-4c2d-9355-80d3b34b1ebd,TG-JSB,Jayashankar Bhupalpally,Telangana,District Agriculture Office / village revenue office,Online self-registration or CSC-assisted,PENDING_VERIFICATION,Package001_Geography district master; scheme guidelines,https://www.myscheme.gov.in/,2026-07-25,72,VST-NEEDS_REVIEW,Land record verification is a district revenue function
dsm-0195,sch-005,PM-KISAN,13bb4a71-c81b-4eb8-8d27-59bf21d96c85,TG-SNG,Sangareddy,Telangana,District Agriculture Office / village revenue office,Online self-registration or CSC-assisted,PENDING_VERIFICATION,Package001_Geography district master; scheme guidelines,https://www.myscheme.gov.in/,2026-07-25,72,VST-NEEDS_REVIEW,Land record verification is a district revenue function
dsm-0196,sch-005,PM-KISAN,3a1a968d-5bd8-433b-8b99-5d2b04b69269,TG-MDK,Medak,Telangana,District Agriculture Office / village revenue office,Online self-registration or CSC-assisted,PENDING_VERIFICATION,Package001_Geography district master; scheme guidelines,https://www.myscheme.gov.in/,2026-07-25,72,VST-NEEDS_REVIEW,Land record verification is a district revenue function
dsm-0197,sch-005,PM-KISAN,d764f4a1-46b2-4a6b-915a-a39fda0a4cb5,TG-SDP,Siddipet,Telangana,District Agriculture Office / village revenue office,Online self-registration or CSC-assisted,PENDING_VERIFICATION,Package001_Geography district master; scheme guidelines,https://www.myscheme.gov.in/,2026-07-25,72,VST-NEEDS_REVIEW,Land record verification is a district revenue function
dsm-0198,sch-005,PM-KISAN,681ac702-6fec-4db9-bac5-1e06183fa4ed,TG-JNG,Jangaon,Telangana,District Agriculture Office / village revenue office,Online self-registration or CSC-assisted,PENDING_VERIFICATION,Package001_Geography district master; scheme guidelines,https://www.myscheme.gov.in/,2026-07-25,72,VST-NEEDS_REVIEW,Land record verification is a district revenue function
dsm-0199,sch-005,PM-KISAN,b53a2b5f-f3fe-4b18-82ee-893431e3579c,TG-HNK,Hanumakonda,Telangana,District Agriculture Office / village revenue office,Online self-registration or CSC-assisted,PENDING_VERIFICATION,Package001_Geography district master; scheme guidelines,https://www.myscheme.gov.in/,2026-07-25,72,VST-NEEDS_REVIEW,Land record verification is a district revenue function
dsm-0200,sch-005,PM-KISAN,479e0ee3-c2bf-404c-b3fa-f3bc106aff50,TG-WGL,Warangal,Telangana,District Agriculture Office / village revenue office,Online self-registration or CSC-assisted,PENDING_VERIFICATION,Package001_Geography district master; scheme guidelines,https://www.myscheme.gov.in/,2026-07-25,72,VST-NEEDS_REVIEW,Land record verification is a district revenue function
dsm-0201,sch-005,PM-KISAN,ab5c6cd0-4983-46bb-8ca1-18ec2e543843,TG-MLG,Mulugu,Telangana,District Agriculture Office / village revenue office,Online self-registration or CSC-assisted,PENDING_VERIFICATION,Package001_Geography district master; scheme guidelines,https://www.myscheme.gov.in/,2026-07-25,72,VST-NEEDS_REVIEW,Land record verification is a district revenue function
dsm-0202,sch-005,PM-KISAN,71ae6871-0548-4995-8bdc-82ffb8894157,TG-BKG,Bhadradri Kothagudem,Telangana,District Agriculture Office / village revenue office,Online self-registration or CSC-assisted,PENDING_VERIFICATION,Package001_Geography district master; scheme guidelines,https://www.myscheme.gov.in/,2026-07-25,72,VST-NEEDS_REVIEW,Land record verification is a district revenue function
dsm-0203,sch-005,PM-KISAN,be21fb05-1905-4012-b551-90e8d2d8eddb,TG-KHM,Khammam,Telangana,District Agriculture Office / village revenue office,Online self-registration or CSC-assisted,PENDING_VERIFICATION,Package001_Geography district master; scheme guidelines,https://www.myscheme.gov.in/,2026-07-25,72,VST-NEEDS_REVIEW,Land record verification is a district revenue function
dsm-0204,sch-005,PM-KISAN,7abca5e0-8c8c-4ad9-9557-8765700d9b92,TG-MBD,Mahabubabad,Telangana,District Agriculture Office / village revenue office,Online self-registration or CSC-assisted,PENDING_VERIFICATION,Package001_Geography district master; scheme guidelines,https://www.myscheme.gov.in/,2026-07-25,72,VST-NEEDS_REVIEW,Land record verification is a district revenue function
dsm-0205,sch-005,PM-KISAN,031f932a-8114-46ad-8b13-854d1bb0cc75,TG-SRY,Suryapet,Telangana,District Agriculture Office / village revenue office,Online self-registration or CSC-assisted,PENDING_VERIFICATION,Package001_Geography district master; scheme guidelines,https://www.myscheme.gov.in/,2026-07-25,72,VST-NEEDS_REVIEW,Land record verification is a district revenue function
dsm-0206,sch-005,PM-KISAN,0cb70c34-070b-4d0b-904a-562214df7d76,TG-NLG,Nalgonda,Telangana,District Agriculture Office / village revenue office,Online self-registration or CSC-assisted,PENDING_VERIFICATION,Package001_Geography district master; scheme guidelines,https://www.myscheme.gov.in/,2026-07-25,72,VST-NEEDS_REVIEW,Land record verification is a district revenue function
dsm-0207,sch-005,PM-KISAN,81165142-90a8-4e0f-9ea2-dbbe6eff1702,TG-YDB,Yadadri Bhuvanagiri,Telangana,District Agriculture Office / village revenue office,Online self-registration or CSC-assisted,PENDING_VERIFICATION,Package001_Geography district master; scheme guidelines,https://www.myscheme.gov.in/,2026-07-25,72,VST-NEEDS_REVIEW,Land record verification is a district revenue function
dsm-0208,sch-005,PM-KISAN,26232aa3-0bcb-4082-93dd-724331f31f8a,TG-MCG,Medchal-Malkajgiri,Telangana,District Agriculture Office / village revenue office,Online self-registration or CSC-assisted,PENDING_VERIFICATION,Package001_Geography district master; scheme guidelines,https://www.myscheme.gov.in/,2026-07-25,72,VST-NEEDS_REVIEW,Land record verification is a district revenue function
dsm-0209,sch-005,PM-KISAN,3047ff5d-7947-489e-9b85-74ba0197be66,TG-HYD,Hyderabad,Telangana,District Agriculture Office / village revenue office,Online self-registration or CSC-assisted,PENDING_VERIFICATION,Package001_Geography district master; scheme guidelines,https://www.myscheme.gov.in/,2026-07-25,72,VST-NEEDS_REVIEW,Land record verification is a district revenue function
dsm-0210,sch-005,PM-KISAN,d5eb8f6c-0a30-482b-a66b-b71ef0807c3d,TG-RRD,Ranga Reddy,Telangana,District Agriculture Office / village revenue office,Online self-registration or CSC-assisted,PENDING_VERIFICATION,Package001_Geography district master; scheme guidelines,https://www.myscheme.gov.in/,2026-07-25,72,VST-NEEDS_REVIEW,Land record verification is a district revenue function
dsm-0211,sch-005,PM-KISAN,2f88f1aa-4e27-42e9-b163-09372b546552,TG-VKB,Vikarabad,Telangana,District Agriculture Office / village revenue office,Online self-registration or CSC-assisted,PENDING_VERIFICATION,Package001_Geography district master; scheme guidelines,https://www.myscheme.gov.in/,2026-07-25,72,VST-NEEDS_REVIEW,Land record verification is a district revenue function
dsm-0212,sch-005,PM-KISAN,ad8a2cd7-e5a2-478a-88cc-c53c24d06f7e,TG-NRP,Narayanpet,Telangana,District Agriculture Office / village revenue office,Online self-registration or CSC-assisted,PENDING_VERIFICATION,Package001_Geography district master; scheme guidelines,https://www.myscheme.gov.in/,2026-07-25,72,VST-NEEDS_REVIEW,Land record verification is a district revenue function
dsm-0213,sch-005,PM-KISAN,a762e29d-b3f4-4049-8eab-482792b30100,TG-MBN,Mahabubnagar,Telangana,District Agriculture Office / village revenue office,Online self-registration or CSC-assisted,PENDING_VERIFICATION,Package001_Geography district master; scheme guidelines,https://www.myscheme.gov.in/,2026-07-25,72,VST-NEEDS_REVIEW,Land record verification is a district revenue function
dsm-0214,sch-005,PM-KISAN,37adc172-0f7b-4669-a8dc-303cff89b502,TG-NGK,Nagarkurnool,Telangana,District Agriculture Office / village revenue office,Online self-registration or CSC-assisted,PENDING_VERIFICATION,Package001_Geography district master; scheme guidelines,https://www.myscheme.gov.in/,2026-07-25,72,VST-NEEDS_REVIEW,Land record verification is a district revenue function
dsm-0215,sch-005,PM-KISAN,88ed3461-7af3-47c0-8dba-1fd58bcdb4f4,TG-WNP,Wanaparthy,Telangana,District Agriculture Office / village revenue office,Online self-registration or CSC-assisted,PENDING_VERIFICATION,Package001_Geography district master; scheme guidelines,https://www.myscheme.gov.in/,2026-07-25,72,VST-NEEDS_REVIEW,Land record verification is a district revenue function
dsm-0216,sch-005,PM-KISAN,9cce7f5b-ce3f-4bb0-87c4-32567b1198a4,TG-JGD,Jogulamba Gadwal,Telangana,District Agriculture Office / village revenue office,Online self-registration or CSC-assisted,PENDING_VERIFICATION,Package001_Geography district master; scheme guidelines,https://www.myscheme.gov.in/,2026-07-25,72,VST-NEEDS_REVIEW,Land record verification is a district revenue function
dsm-0217,sch-005,PM-KISAN,709ae67e-2e80-4ff2-9457-def43c3a75df,AP-SRI,Srikakulam,Andhra Pradesh,District Agriculture Office / village revenue office,Online self-registration or CSC-assisted,PENDING_VERIFICATION,Package001_Geography district master; scheme guidelines,https://www.myscheme.gov.in/,2026-07-25,72,VST-NEEDS_REVIEW,Land record verification is a district revenue function
dsm-0218,sch-005,PM-KISAN,f49867e4-4272-4e38-9918-7da19fc95b32,AP-PAR,Parvathipuram Manyam,Andhra Pradesh,District Agriculture Office / village revenue office,Online self-registration or CSC-assisted,PENDING_VERIFICATION,Package001_Geography district master; scheme guidelines,https://www.myscheme.gov.in/,2026-07-25,72,VST-NEEDS_REVIEW,Land record verification is a district revenue function
dsm-0219,sch-005,PM-KISAN,473e5bdb-d08a-4873-9942-d3fe0fb907f6,AP-VIZ,Vizianagaram,Andhra Pradesh,District Agriculture Office / village revenue office,Online self-registration or CSC-assisted,PENDING_VERIFICATION,Package001_Geography district master; scheme guidelines,https://www.myscheme.gov.in/,2026-07-25,72,VST-NEEDS_REVIEW,Land record verification is a district revenue function
dsm-0220,sch-005,PM-KISAN,88e201e0-7157-42e7-8c49-78dd22d1e70c,AP-VIS,Visakhapatnam,Andhra Pradesh,District Agriculture Office / village revenue office,Online self-registration or CSC-assisted,PENDING_VERIFICATION,Package001_Geography district master; scheme guidelines,https://www.myscheme.gov.in/,2026-07-25,72,VST-NEEDS_REVIEW,Land record verification is a district revenue function
dsm-0221,sch-005,PM-KISAN,e2766aff-1f71-4401-93ba-4ba8bc3d8ab6,AP-ALL,Alluri Sitharama Raju,Andhra Pradesh,District Agriculture Office / village revenue office,Online self-registration or CSC-assisted,PENDING_VERIFICATION,Package001_Geography district master; scheme guidelines,https://www.myscheme.gov.in/,2026-07-25,72,VST-NEEDS_REVIEW,Land record verification is a district revenue function
dsm-0222,sch-005,PM-KISAN,43940937-d49d-46bc-bf31-336bdb8d0072,AP-ANK,Anakapalli,Andhra Pradesh,District Agriculture Office / village revenue office,Online self-registration or CSC-assisted,PENDING_VERIFICATION,Package001_Geography district master; scheme guidelines,https://www.myscheme.gov.in/,2026-07-25,72,VST-NEEDS_REVIEW,Land record verification is a district revenue function
dsm-0223,sch-005,PM-KISAN,10ba356d-0289-482f-bc5d-55ee7adfa9c8,AP-POL,Polavaram,Andhra Pradesh,District Agriculture Office / village revenue office,Online self-registration or CSC-assisted,PENDING_VERIFICATION,Package001_Geography district master; scheme guidelines,https://www.myscheme.gov.in/,2026-07-25,72,VST-NEEDS_REVIEW,Land record verification is a district revenue function
dsm-0224,sch-005,PM-KISAN,160b4158-b8e3-4f38-ba85-0f9de408b39d,AP-KAK,Kakinada,Andhra Pradesh,District Agriculture Office / village revenue office,Online self-registration or CSC-assisted,PENDING_VERIFICATION,Package001_Geography district master; scheme guidelines,https://www.myscheme.gov.in/,2026-07-25,72,VST-NEEDS_REVIEW,Land record verification is a district revenue function
dsm-0225,sch-005,PM-KISAN,3f5f2e8a-a13d-4889-a0d0-8f558d20c245,AP-EAS,East Godavari,Andhra Pradesh,District Agriculture Office / village revenue office,Online self-registration or CSC-assisted,PENDING_VERIFICATION,Package001_Geography district master; scheme guidelines,https://www.myscheme.gov.in/,2026-07-25,72,VST-NEEDS_REVIEW,Land record verification is a district revenue function
dsm-0226,sch-005,PM-KISAN,a4804fbb-e644-4101-ae56-95195a25c3d9,AP-KON,Dr. B. R. Ambedkar Konaseema,Andhra Pradesh,District Agriculture Office / village revenue office,Online self-registration or CSC-assisted,PENDING_VERIFICATION,Package001_Geography district master; scheme guidelines,https://www.myscheme.gov.in/,2026-07-25,72,VST-NEEDS_REVIEW,Land record verification is a district revenue function
dsm-0227,sch-005,PM-KISAN,652ea484-ad9d-4056-8cbf-283b982cfd01,AP-ELU,Eluru,Andhra Pradesh,District Agriculture Office / village revenue office,Online self-registration or CSC-assisted,PENDING_VERIFICATION,Package001_Geography district master; scheme guidelines,https://www.myscheme.gov.in/,2026-07-25,72,VST-NEEDS_REVIEW,Land record verification is a district revenue function
dsm-0228,sch-005,PM-KISAN,29b87be3-4ff3-4325-87aa-d47a52501239,AP-WES,West Godavari,Andhra Pradesh,District Agriculture Office / village revenue office,Online self-registration or CSC-assisted,PENDING_VERIFICATION,Package001_Geography district master; scheme guidelines,https://www.myscheme.gov.in/,2026-07-25,72,VST-NEEDS_REVIEW,Land record verification is a district revenue function
dsm-0229,sch-005,PM-KISAN,1cb600af-8640-465f-a1ab-cfcdbd38c7db,AP-NTR,NTR,Andhra Pradesh,District Agriculture Office / village revenue office,Online self-registration or CSC-assisted,PENDING_VERIFICATION,Package001_Geography district master; scheme guidelines,https://www.myscheme.gov.in/,2026-07-25,72,VST-NEEDS_REVIEW,Land record verification is a district revenue function
dsm-0230,sch-005,PM-KISAN,71aa6838-7eb7-4a91-b09f-ccf59cffa4fb,AP-KRI,Krishna,Andhra Pradesh,District Agriculture Office / village revenue office,Online self-registration or CSC-assisted,PENDING_VERIFICATION,Package001_Geography district master; scheme guidelines,https://www.myscheme.gov.in/,2026-07-25,72,VST-NEEDS_REVIEW,Land record verification is a district revenue function
dsm-0231,sch-005,PM-KISAN,a78da0a5-99d5-4729-a7f5-f6972fb28978,AP-PAL,Palnadu,Andhra Pradesh,District Agriculture Office / village revenue office,Online self-registration or CSC-assisted,PENDING_VERIFICATION,Package001_Geography district master; scheme guidelines,https://www.myscheme.gov.in/,2026-07-25,72,VST-NEEDS_REVIEW,Land record verification is a district revenue function
dsm-0232,sch-005,PM-KISAN,d5299947-775b-49ed-9ddf-68116cd4ea31,AP-GUN,Guntur,Andhra Pradesh,District Agriculture Office / village revenue office,Online self-registration or CSC-assisted,PENDING_VERIFICATION,Package001_Geography district master; scheme guidelines,https://www.myscheme.gov.in/,2026-07-25,72,VST-NEEDS_REVIEW,Land record verification is a district revenue function
dsm-0233,sch-005,PM-KISAN,56dfdd26-8e65-456f-a2a9-f32b079748fa,AP-BAP,Bapatla,Andhra Pradesh,District Agriculture Office / village revenue office,Online self-registration or CSC-assisted,PENDING_VERIFICATION,Package001_Geography district master; scheme guidelines,https://www.myscheme.gov.in/,2026-07-25,72,VST-NEEDS_REVIEW,Land record verification is a district revenue function
dsm-0234,sch-005,PM-KISAN,5645ff67-1c01-4b3b-95ae-2506cc7eaa2c,AP-PRA,Prakasam,Andhra Pradesh,District Agriculture Office / village revenue office,Online self-registration or CSC-assisted,PENDING_VERIFICATION,Package001_Geography district master; scheme guidelines,https://www.myscheme.gov.in/,2026-07-25,72,VST-NEEDS_REVIEW,Land record verification is a district revenue function
dsm-0235,sch-005,PM-KISAN,e95d3496-9cc2-4d39-ac93-ea7827089418,AP-MAR,Markapuram,Andhra Pradesh,District Agriculture Office / village revenue office,Online self-registration or CSC-assisted,PENDING_VERIFICATION,Package001_Geography district master; scheme guidelines,https://www.myscheme.gov.in/,2026-07-25,72,VST-NEEDS_REVIEW,Land record verification is a district revenue function
dsm-0236,sch-005,PM-KISAN,e472f701-3d26-4bc2-a5f0-d811ca5d042e,AP-NEL,Sri Potti Sriramulu Nellore,Andhra Pradesh,District Agriculture Office / village revenue office,Online self-registration or CSC-assisted,PENDING_VERIFICATION,Package001_Geography district master; scheme guidelines,https://www.myscheme.gov.in/,2026-07-25,72,VST-NEEDS_REVIEW,Land record verification is a district revenue function
dsm-0237,sch-005,PM-KISAN,b35798a9-d3a2-4ff0-b330-b3a1199c4551,AP-KUR,Kurnool,Andhra Pradesh,District Agriculture Office / village revenue office,Online self-registration or CSC-assisted,PENDING_VERIFICATION,Package001_Geography district master; scheme guidelines,https://www.myscheme.gov.in/,2026-07-25,72,VST-NEEDS_REVIEW,Land record verification is a district revenue function
dsm-0238,sch-005,PM-KISAN,6e0bd6d7-c4cd-47cb-a568-3859d7f584f5,AP-NAN,Nandyal,Andhra Pradesh,District Agriculture Office / village revenue office,Online self-registration or CSC-assisted,PENDING_VERIFICATION,Package001_Geography district master; scheme guidelines,https://www.myscheme.gov.in/,2026-07-25,72,VST-NEEDS_REVIEW,Land record verification is a district revenue function
dsm-0239,sch-005,PM-KISAN,155d1569-c077-4433-b4e0-6ceadfd0622a,AP-ATP,Ananthapuramu,Andhra Pradesh,District Agriculture Office / village revenue office,Online self-registration or CSC-assisted,PENDING_VERIFICATION,Package001_Geography district master; scheme guidelines,https://www.myscheme.gov.in/,2026-07-25,72,VST-NEEDS_REVIEW,Land record verification is a district revenue function
dsm-0240,sch-005,PM-KISAN,edca209e-ddf4-423c-bf22-ddf359bc576d,AP-SSS,Sri Sathya Sai,Andhra Pradesh,District Agriculture Office / village revenue office,Online self-registration or CSC-assisted,PENDING_VERIFICATION,Package001_Geography district master; scheme guidelines,https://www.myscheme.gov.in/,2026-07-25,72,VST-NEEDS_REVIEW,Land record verification is a district revenue function
dsm-0241,sch-005,PM-KISAN,f0de900a-6a79-45cc-aed2-01d31752edea,AP-CUD,YSR Kadapa,Andhra Pradesh,District Agriculture Office / village revenue office,Online self-registration or CSC-assisted,PENDING_VERIFICATION,Package001_Geography district master; scheme guidelines,https://www.myscheme.gov.in/,2026-07-25,72,VST-NEEDS_REVIEW,Land record verification is a district revenue function
dsm-0242,sch-005,PM-KISAN,573f08b6-ac9a-4025-8cf5-4803690b7651,AP-ANN,Annamayya,Andhra Pradesh,District Agriculture Office / village revenue office,Online self-registration or CSC-assisted,PENDING_VERIFICATION,Package001_Geography district master; scheme guidelines,https://www.myscheme.gov.in/,2026-07-25,72,VST-NEEDS_REVIEW,Land record verification is a district revenue function
dsm-0243,sch-005,PM-KISAN,db24bd82-9d6f-4b3c-afdf-7961543769f4,AP-TIR,Tirupati,Andhra Pradesh,District Agriculture Office / village revenue office,Online self-registration or CSC-assisted,PENDING_VERIFICATION,Package001_Geography district master; scheme guidelines,https://www.myscheme.gov.in/,2026-07-25,72,VST-NEEDS_REVIEW,Land record verification is a district revenue function
dsm-0244,sch-005,PM-KISAN,c3a879b3-f320-47ec-8104-d1c8137b672a,AP-CHI,Chittoor,Andhra Pradesh,District Agriculture Office / village revenue office,Online self-registration or CSC-assisted,PENDING_VERIFICATION,Package001_Geography district master; scheme guidelines,https://www.myscheme.gov.in/,2026-07-25,72,VST-NEEDS_REVIEW,Land record verification is a district revenue function
dsm-0245,sch-031,AB PM-JAY,a0248e18-5e38-4b14-8c0b-dfa7105971dd,TG-ADB,Adilabad,Telangana,District hospital / empanelled facility; State Health Agency,Card generation at CSC or facility,PENDING_VERIFICATION,Package001_Geography district master; scheme guidelines,https://www.myscheme.gov.in/,2026-07-25,71,VST-NEEDS_REVIEW,Empanelled hospital availability differs materially by district
dsm-0246,sch-031,AB PM-JAY,5eedf97f-f311-4ec9-ac9e-03da47fde723,TG-KBA,Kumuram Bheem Asifabad,Telangana,District hospital / empanelled facility; State Health Agency,Card generation at CSC or facility,PENDING_VERIFICATION,Package001_Geography district master; scheme guidelines,https://www.myscheme.gov.in/,2026-07-25,71,VST-NEEDS_REVIEW,Empanelled hospital availability differs materially by district
dsm-0247,sch-031,AB PM-JAY,24e7d017-1120-4f39-b6e3-8eb6c8f93e82,TG-MCL,Mancherial,Telangana,District hospital / empanelled facility; State Health Agency,Card generation at CSC or facility,PENDING_VERIFICATION,Package001_Geography district master; scheme guidelines,https://www.myscheme.gov.in/,2026-07-25,71,VST-NEEDS_REVIEW,Empanelled hospital availability differs materially by district
dsm-0248,sch-031,AB PM-JAY,1b1a69fd-b7d2-4547-9898-fef4ae0f28ec,TG-NRM,Nirmal,Telangana,District hospital / empanelled facility; State Health Agency,Card generation at CSC or facility,PENDING_VERIFICATION,Package001_Geography district master; scheme guidelines,https://www.myscheme.gov.in/,2026-07-25,71,VST-NEEDS_REVIEW,Empanelled hospital availability differs materially by district
dsm-0249,sch-031,AB PM-JAY,b6fb561d-e551-4b7a-b15b-6f81e5a3ec20,TG-NZB,Nizamabad,Telangana,District hospital / empanelled facility; State Health Agency,Card generation at CSC or facility,PENDING_VERIFICATION,Package001_Geography district master; scheme guidelines,https://www.myscheme.gov.in/,2026-07-25,71,VST-NEEDS_REVIEW,Empanelled hospital availability differs materially by district
dsm-0250,sch-031,AB PM-JAY,3606f526-a8fe-4eee-892c-ca996b59b03e,TG-JGT,Jagtial,Telangana,District hospital / empanelled facility; State Health Agency,Card generation at CSC or facility,PENDING_VERIFICATION,Package001_Geography district master; scheme guidelines,https://www.myscheme.gov.in/,2026-07-25,71,VST-NEEDS_REVIEW,Empanelled hospital availability differs materially by district
dsm-0251,sch-031,AB PM-JAY,e17d2fa9-1dfa-4d56-83d5-9f962d6e3469,TG-PDP,Peddapalli,Telangana,District hospital / empanelled facility; State Health Agency,Card generation at CSC or facility,PENDING_VERIFICATION,Package001_Geography district master; scheme guidelines,https://www.myscheme.gov.in/,2026-07-25,71,VST-NEEDS_REVIEW,Empanelled hospital availability differs materially by district
dsm-0252,sch-031,AB PM-JAY,e08443e2-2ae2-4e3b-a41d-68c06063d269,TG-KMR,Kamareddy,Telangana,District hospital / empanelled facility; State Health Agency,Card generation at CSC or facility,PENDING_VERIFICATION,Package001_Geography district master; scheme guidelines,https://www.myscheme.gov.in/,2026-07-25,71,VST-NEEDS_REVIEW,Empanelled hospital availability differs materially by district
dsm-0253,sch-031,AB PM-JAY,165eaf89-5d17-4efa-b5d8-6909d8f0e84f,TG-RSL,Rajanna Sircilla,Telangana,District hospital / empanelled facility; State Health Agency,Card generation at CSC or facility,PENDING_VERIFICATION,Package001_Geography district master; scheme guidelines,https://www.myscheme.gov.in/,2026-07-25,71,VST-NEEDS_REVIEW,Empanelled hospital availability differs materially by district
dsm-0254,sch-031,AB PM-JAY,086394be-1e67-4761-a069-e9d2dd6f7bd0,TG-KRM,Karimnagar,Telangana,District hospital / empanelled facility; State Health Agency,Card generation at CSC or facility,PENDING_VERIFICATION,Package001_Geography district master; scheme guidelines,https://www.myscheme.gov.in/,2026-07-25,71,VST-NEEDS_REVIEW,Empanelled hospital availability differs materially by district
dsm-0255,sch-031,AB PM-JAY,9fed3cf2-18e0-4c2d-9355-80d3b34b1ebd,TG-JSB,Jayashankar Bhupalpally,Telangana,District hospital / empanelled facility; State Health Agency,Card generation at CSC or facility,PENDING_VERIFICATION,Package001_Geography district master; scheme guidelines,https://www.myscheme.gov.in/,2026-07-25,71,VST-NEEDS_REVIEW,Empanelled hospital availability differs materially by district
dsm-0256,sch-031,AB PM-JAY,13bb4a71-c81b-4eb8-8d27-59bf21d96c85,TG-SNG,Sangareddy,Telangana,District hospital / empanelled facility; State Health Agency,Card generation at CSC or facility,PENDING_VERIFICATION,Package001_Geography district master; scheme guidelines,https://www.myscheme.gov.in/,2026-07-25,71,VST-NEEDS_REVIEW,Empanelled hospital availability differs materially by district
dsm-0257,sch-031,AB PM-JAY,3a1a968d-5bd8-433b-8b99-5d2b04b69269,TG-MDK,Medak,Telangana,District hospital / empanelled facility; State Health Agency,Card generation at CSC or facility,PENDING_VERIFICATION,Package001_Geography district master; scheme guidelines,https://www.myscheme.gov.in/,2026-07-25,71,VST-NEEDS_REVIEW,Empanelled hospital availability differs materially by district
dsm-0258,sch-031,AB PM-JAY,d764f4a1-46b2-4a6b-915a-a39fda0a4cb5,TG-SDP,Siddipet,Telangana,District hospital / empanelled facility; State Health Agency,Card generation at CSC or facility,PENDING_VERIFICATION,Package001_Geography district master; scheme guidelines,https://www.myscheme.gov.in/,2026-07-25,71,VST-NEEDS_REVIEW,Empanelled hospital availability differs materially by district
dsm-0259,sch-031,AB PM-JAY,681ac702-6fec-4db9-bac5-1e06183fa4ed,TG-JNG,Jangaon,Telangana,District hospital / empanelled facility; State Health Agency,Card generation at CSC or facility,PENDING_VERIFICATION,Package001_Geography district master; scheme guidelines,https://www.myscheme.gov.in/,2026-07-25,71,VST-NEEDS_REVIEW,Empanelled hospital availability differs materially by district
dsm-0260,sch-031,AB PM-JAY,b53a2b5f-f3fe-4b18-82ee-893431e3579c,TG-HNK,Hanumakonda,Telangana,District hospital / empanelled facility; State Health Agency,Card generation at CSC or facility,PENDING_VERIFICATION,Package001_Geography district master; scheme guidelines,https://www.myscheme.gov.in/,2026-07-25,71,VST-NEEDS_REVIEW,Empanelled hospital availability differs materially by district
dsm-0261,sch-031,AB PM-JAY,479e0ee3-c2bf-404c-b3fa-f3bc106aff50,TG-WGL,Warangal,Telangana,District hospital / empanelled facility; State Health Agency,Card generation at CSC or facility,PENDING_VERIFICATION,Package001_Geography district master; scheme guidelines,https://www.myscheme.gov.in/,2026-07-25,71,VST-NEEDS_REVIEW,Empanelled hospital availability differs materially by district
dsm-0262,sch-031,AB PM-JAY,ab5c6cd0-4983-46bb-8ca1-18ec2e543843,TG-MLG,Mulugu,Telangana,District hospital / empanelled facility; State Health Agency,Card generation at CSC or facility,PENDING_VERIFICATION,Package001_Geography district master; scheme guidelines,https://www.myscheme.gov.in/,2026-07-25,71,VST-NEEDS_REVIEW,Empanelled hospital availability differs materially by district
dsm-0263,sch-031,AB PM-JAY,71ae6871-0548-4995-8bdc-82ffb8894157,TG-BKG,Bhadradri Kothagudem,Telangana,District hospital / empanelled facility; State Health Agency,Card generation at CSC or facility,PENDING_VERIFICATION,Package001_Geography district master; scheme guidelines,https://www.myscheme.gov.in/,2026-07-25,71,VST-NEEDS_REVIEW,Empanelled hospital availability differs materially by district
dsm-0264,sch-031,AB PM-JAY,be21fb05-1905-4012-b551-90e8d2d8eddb,TG-KHM,Khammam,Telangana,District hospital / empanelled facility; State Health Agency,Card generation at CSC or facility,PENDING_VERIFICATION,Package001_Geography district master; scheme guidelines,https://www.myscheme.gov.in/,2026-07-25,71,VST-NEEDS_REVIEW,Empanelled hospital availability differs materially by district
dsm-0265,sch-031,AB PM-JAY,7abca5e0-8c8c-4ad9-9557-8765700d9b92,TG-MBD,Mahabubabad,Telangana,District hospital / empanelled facility; State Health Agency,Card generation at CSC or facility,PENDING_VERIFICATION,Package001_Geography district master; scheme guidelines,https://www.myscheme.gov.in/,2026-07-25,71,VST-NEEDS_REVIEW,Empanelled hospital availability differs materially by district
dsm-0266,sch-031,AB PM-JAY,031f932a-8114-46ad-8b13-854d1bb0cc75,TG-SRY,Suryapet,Telangana,District hospital / empanelled facility; State Health Agency,Card generation at CSC or facility,PENDING_VERIFICATION,Package001_Geography district master; scheme guidelines,https://www.myscheme.gov.in/,2026-07-25,71,VST-NEEDS_REVIEW,Empanelled hospital availability differs materially by district
dsm-0267,sch-031,AB PM-JAY,0cb70c34-070b-4d0b-904a-562214df7d76,TG-NLG,Nalgonda,Telangana,District hospital / empanelled facility; State Health Agency,Card generation at CSC or facility,PENDING_VERIFICATION,Package001_Geography district master; scheme guidelines,https://www.myscheme.gov.in/,2026-07-25,71,VST-NEEDS_REVIEW,Empanelled hospital availability differs materially by district
dsm-0268,sch-031,AB PM-JAY,81165142-90a8-4e0f-9ea2-dbbe6eff1702,TG-YDB,Yadadri Bhuvanagiri,Telangana,District hospital / empanelled facility; State Health Agency,Card generation at CSC or facility,PENDING_VERIFICATION,Package001_Geography district master; scheme guidelines,https://www.myscheme.gov.in/,2026-07-25,71,VST-NEEDS_REVIEW,Empanelled hospital availability differs materially by district
dsm-0269,sch-031,AB PM-JAY,26232aa3-0bcb-4082-93dd-724331f31f8a,TG-MCG,Medchal-Malkajgiri,Telangana,District hospital / empanelled facility; State Health Agency,Card generation at CSC or facility,PENDING_VERIFICATION,Package001_Geography district master; scheme guidelines,https://www.myscheme.gov.in/,2026-07-25,71,VST-NEEDS_REVIEW,Empanelled hospital availability differs materially by district
dsm-0270,sch-031,AB PM-JAY,3047ff5d-7947-489e-9b85-74ba0197be66,TG-HYD,Hyderabad,Telangana,District hospital / empanelled facility; State Health Agency,Card generation at CSC or facility,PENDING_VERIFICATION,Package001_Geography district master; scheme guidelines,https://www.myscheme.gov.in/,2026-07-25,71,VST-NEEDS_REVIEW,Empanelled hospital availability differs materially by district
dsm-0271,sch-031,AB PM-JAY,d5eb8f6c-0a30-482b-a66b-b71ef0807c3d,TG-RRD,Ranga Reddy,Telangana,District hospital / empanelled facility; State Health Agency,Card generation at CSC or facility,PENDING_VERIFICATION,Package001_Geography district master; scheme guidelines,https://www.myscheme.gov.in/,2026-07-25,71,VST-NEEDS_REVIEW,Empanelled hospital availability differs materially by district
dsm-0272,sch-031,AB PM-JAY,2f88f1aa-4e27-42e9-b163-09372b546552,TG-VKB,Vikarabad,Telangana,District hospital / empanelled facility; State Health Agency,Card generation at CSC or facility,PENDING_VERIFICATION,Package001_Geography district master; scheme guidelines,https://www.myscheme.gov.in/,2026-07-25,71,VST-NEEDS_REVIEW,Empanelled hospital availability differs materially by district
dsm-0273,sch-031,AB PM-JAY,ad8a2cd7-e5a2-478a-88cc-c53c24d06f7e,TG-NRP,Narayanpet,Telangana,District hospital / empanelled facility; State Health Agency,Card generation at CSC or facility,PENDING_VERIFICATION,Package001_Geography district master; scheme guidelines,https://www.myscheme.gov.in/,2026-07-25,71,VST-NEEDS_REVIEW,Empanelled hospital availability differs materially by district
dsm-0274,sch-031,AB PM-JAY,a762e29d-b3f4-4049-8eab-482792b30100,TG-MBN,Mahabubnagar,Telangana,District hospital / empanelled facility; State Health Agency,Card generation at CSC or facility,PENDING_VERIFICATION,Package001_Geography district master; scheme guidelines,https://www.myscheme.gov.in/,2026-07-25,71,VST-NEEDS_REVIEW,Empanelled hospital availability differs materially by district
dsm-0275,sch-031,AB PM-JAY,37adc172-0f7b-4669-a8dc-303cff89b502,TG-NGK,Nagarkurnool,Telangana,District hospital / empanelled facility; State Health Agency,Card generation at CSC or facility,PENDING_VERIFICATION,Package001_Geography district master; scheme guidelines,https://www.myscheme.gov.in/,2026-07-25,71,VST-NEEDS_REVIEW,Empanelled hospital availability differs materially by district
dsm-0276,sch-031,AB PM-JAY,88ed3461-7af3-47c0-8dba-1fd58bcdb4f4,TG-WNP,Wanaparthy,Telangana,District hospital / empanelled facility; State Health Agency,Card generation at CSC or facility,PENDING_VERIFICATION,Package001_Geography district master; scheme guidelines,https://www.myscheme.gov.in/,2026-07-25,71,VST-NEEDS_REVIEW,Empanelled hospital availability differs materially by district
dsm-0277,sch-031,AB PM-JAY,9cce7f5b-ce3f-4bb0-87c4-32567b1198a4,TG-JGD,Jogulamba Gadwal,Telangana,District hospital / empanelled facility; State Health Agency,Card generation at CSC or facility,PENDING_VERIFICATION,Package001_Geography district master; scheme guidelines,https://www.myscheme.gov.in/,2026-07-25,71,VST-NEEDS_REVIEW,Empanelled hospital availability differs materially by district
dsm-0278,sch-031,AB PM-JAY,709ae67e-2e80-4ff2-9457-def43c3a75df,AP-SRI,Srikakulam,Andhra Pradesh,District hospital / empanelled facility; State Health Agency,Card generation at CSC or facility,PENDING_VERIFICATION,Package001_Geography district master; scheme guidelines,https://www.myscheme.gov.in/,2026-07-25,71,VST-NEEDS_REVIEW,Empanelled hospital availability differs materially by district
dsm-0279,sch-031,AB PM-JAY,f49867e4-4272-4e38-9918-7da19fc95b32,AP-PAR,Parvathipuram Manyam,Andhra Pradesh,District hospital / empanelled facility; State Health Agency,Card generation at CSC or facility,PENDING_VERIFICATION,Package001_Geography district master; scheme guidelines,https://www.myscheme.gov.in/,2026-07-25,71,VST-NEEDS_REVIEW,Empanelled hospital availability differs materially by district
dsm-0280,sch-031,AB PM-JAY,473e5bdb-d08a-4873-9942-d3fe0fb907f6,AP-VIZ,Vizianagaram,Andhra Pradesh,District hospital / empanelled facility; State Health Agency,Card generation at CSC or facility,PENDING_VERIFICATION,Package001_Geography district master; scheme guidelines,https://www.myscheme.gov.in/,2026-07-25,71,VST-NEEDS_REVIEW,Empanelled hospital availability differs materially by district
dsm-0281,sch-031,AB PM-JAY,88e201e0-7157-42e7-8c49-78dd22d1e70c,AP-VIS,Visakhapatnam,Andhra Pradesh,District hospital / empanelled facility; State Health Agency,Card generation at CSC or facility,PENDING_VERIFICATION,Package001_Geography district master; scheme guidelines,https://www.myscheme.gov.in/,2026-07-25,71,VST-NEEDS_REVIEW,Empanelled hospital availability differs materially by district
dsm-0282,sch-031,AB PM-JAY,e2766aff-1f71-4401-93ba-4ba8bc3d8ab6,AP-ALL,Alluri Sitharama Raju,Andhra Pradesh,District hospital / empanelled facility; State Health Agency,Card generation at CSC or facility,PENDING_VERIFICATION,Package001_Geography district master; scheme guidelines,https://www.myscheme.gov.in/,2026-07-25,71,VST-NEEDS_REVIEW,Empanelled hospital availability differs materially by district
dsm-0283,sch-031,AB PM-JAY,43940937-d49d-46bc-bf31-336bdb8d0072,AP-ANK,Anakapalli,Andhra Pradesh,District hospital / empanelled facility; State Health Agency,Card generation at CSC or facility,PENDING_VERIFICATION,Package001_Geography district master; scheme guidelines,https://www.myscheme.gov.in/,2026-07-25,71,VST-NEEDS_REVIEW,Empanelled hospital availability differs materially by district
dsm-0284,sch-031,AB PM-JAY,10ba356d-0289-482f-bc5d-55ee7adfa9c8,AP-POL,Polavaram,Andhra Pradesh,District hospital / empanelled facility; State Health Agency,Card generation at CSC or facility,PENDING_VERIFICATION,Package001_Geography district master; scheme guidelines,https://www.myscheme.gov.in/,2026-07-25,71,VST-NEEDS_REVIEW,Empanelled hospital availability differs materially by district
dsm-0285,sch-031,AB PM-JAY,160b4158-b8e3-4f38-ba85-0f9de408b39d,AP-KAK,Kakinada,Andhra Pradesh,District hospital / empanelled facility; State Health Agency,Card generation at CSC or facility,PENDING_VERIFICATION,Package001_Geography district master; scheme guidelines,https://www.myscheme.gov.in/,2026-07-25,71,VST-NEEDS_REVIEW,Empanelled hospital availability differs materially by district
dsm-0286,sch-031,AB PM-JAY,3f5f2e8a-a13d-4889-a0d0-8f558d20c245,AP-EAS,East Godavari,Andhra Pradesh,District hospital / empanelled facility; State Health Agency,Card generation at CSC or facility,PENDING_VERIFICATION,Package001_Geography district master; scheme guidelines,https://www.myscheme.gov.in/,2026-07-25,71,VST-NEEDS_REVIEW,Empanelled hospital availability differs materially by district
dsm-0287,sch-031,AB PM-JAY,a4804fbb-e644-4101-ae56-95195a25c3d9,AP-KON,Dr. B. R. Ambedkar Konaseema,Andhra Pradesh,District hospital / empanelled facility; State Health Agency,Card generation at CSC or facility,PENDING_VERIFICATION,Package001_Geography district master; scheme guidelines,https://www.myscheme.gov.in/,2026-07-25,71,VST-NEEDS_REVIEW,Empanelled hospital availability differs materially by district
dsm-0288,sch-031,AB PM-JAY,652ea484-ad9d-4056-8cbf-283b982cfd01,AP-ELU,Eluru,Andhra Pradesh,District hospital / empanelled facility; State Health Agency,Card generation at CSC or facility,PENDING_VERIFICATION,Package001_Geography district master; scheme guidelines,https://www.myscheme.gov.in/,2026-07-25,71,VST-NEEDS_REVIEW,Empanelled hospital availability differs materially by district
dsm-0289,sch-031,AB PM-JAY,29b87be3-4ff3-4325-87aa-d47a52501239,AP-WES,West Godavari,Andhra Pradesh,District hospital / empanelled facility; State Health Agency,Card generation at CSC or facility,PENDING_VERIFICATION,Package001_Geography district master; scheme guidelines,https://www.myscheme.gov.in/,2026-07-25,71,VST-NEEDS_REVIEW,Empanelled hospital availability differs materially by district
dsm-0290,sch-031,AB PM-JAY,1cb600af-8640-465f-a1ab-cfcdbd38c7db,AP-NTR,NTR,Andhra Pradesh,District hospital / empanelled facility; State Health Agency,Card generation at CSC or facility,PENDING_VERIFICATION,Package001_Geography district master; scheme guidelines,https://www.myscheme.gov.in/,2026-07-25,71,VST-NEEDS_REVIEW,Empanelled hospital availability differs materially by district
dsm-0291,sch-031,AB PM-JAY,71aa6838-7eb7-4a91-b09f-ccf59cffa4fb,AP-KRI,Krishna,Andhra Pradesh,District hospital / empanelled facility; State Health Agency,Card generation at CSC or facility,PENDING_VERIFICATION,Package001_Geography district master; scheme guidelines,https://www.myscheme.gov.in/,2026-07-25,71,VST-NEEDS_REVIEW,Empanelled hospital availability differs materially by district
dsm-0292,sch-031,AB PM-JAY,a78da0a5-99d5-4729-a7f5-f6972fb28978,AP-PAL,Palnadu,Andhra Pradesh,District hospital / empanelled facility; State Health Agency,Card generation at CSC or facility,PENDING_VERIFICATION,Package001_Geography district master; scheme guidelines,https://www.myscheme.gov.in/,2026-07-25,71,VST-NEEDS_REVIEW,Empanelled hospital availability differs materially by district
dsm-0293,sch-031,AB PM-JAY,d5299947-775b-49ed-9ddf-68116cd4ea31,AP-GUN,Guntur,Andhra Pradesh,District hospital / empanelled facility; State Health Agency,Card generation at CSC or facility,PENDING_VERIFICATION,Package001_Geography district master; scheme guidelines,https://www.myscheme.gov.in/,2026-07-25,71,VST-NEEDS_REVIEW,Empanelled hospital availability differs materially by district
dsm-0294,sch-031,AB PM-JAY,56dfdd26-8e65-456f-a2a9-f32b079748fa,AP-BAP,Bapatla,Andhra Pradesh,District hospital / empanelled facility; State Health Agency,Card generation at CSC or facility,PENDING_VERIFICATION,Package001_Geography district master; scheme guidelines,https://www.myscheme.gov.in/,2026-07-25,71,VST-NEEDS_REVIEW,Empanelled hospital availability differs materially by district
dsm-0295,sch-031,AB PM-JAY,5645ff67-1c01-4b3b-95ae-2506cc7eaa2c,AP-PRA,Prakasam,Andhra Pradesh,District hospital / empanelled facility; State Health Agency,Card generation at CSC or facility,PENDING_VERIFICATION,Package001_Geography district master; scheme guidelines,https://www.myscheme.gov.in/,2026-07-25,71,VST-NEEDS_REVIEW,Empanelled hospital availability differs materially by district
dsm-0296,sch-031,AB PM-JAY,e95d3496-9cc2-4d39-ac93-ea7827089418,AP-MAR,Markapuram,Andhra Pradesh,District hospital / empanelled facility; State Health Agency,Card generation at CSC or facility,PENDING_VERIFICATION,Package001_Geography district master; scheme guidelines,https://www.myscheme.gov.in/,2026-07-25,71,VST-NEEDS_REVIEW,Empanelled hospital availability differs materially by district
dsm-0297,sch-031,AB PM-JAY,e472f701-3d26-4bc2-a5f0-d811ca5d042e,AP-NEL,Sri Potti Sriramulu Nellore,Andhra Pradesh,District hospital / empanelled facility; State Health Agency,Card generation at CSC or facility,PENDING_VERIFICATION,Package001_Geography district master; scheme guidelines,https://www.myscheme.gov.in/,2026-07-25,71,VST-NEEDS_REVIEW,Empanelled hospital availability differs materially by district
dsm-0298,sch-031,AB PM-JAY,b35798a9-d3a2-4ff0-b330-b3a1199c4551,AP-KUR,Kurnool,Andhra Pradesh,District hospital / empanelled facility; State Health Agency,Card generation at CSC or facility,PENDING_VERIFICATION,Package001_Geography district master; scheme guidelines,https://www.myscheme.gov.in/,2026-07-25,71,VST-NEEDS_REVIEW,Empanelled hospital availability differs materially by district
dsm-0299,sch-031,AB PM-JAY,6e0bd6d7-c4cd-47cb-a568-3859d7f584f5,AP-NAN,Nandyal,Andhra Pradesh,District hospital / empanelled facility; State Health Agency,Card generation at CSC or facility,PENDING_VERIFICATION,Package001_Geography district master; scheme guidelines,https://www.myscheme.gov.in/,2026-07-25,71,VST-NEEDS_REVIEW,Empanelled hospital availability differs materially by district
dsm-0300,sch-031,AB PM-JAY,155d1569-c077-4433-b4e0-6ceadfd0622a,AP-ATP,Ananthapuramu,Andhra Pradesh,District hospital / empanelled facility; State Health Agency,Card generation at CSC or facility,PENDING_VERIFICATION,Package001_Geography district master; scheme guidelines,https://www.myscheme.gov.in/,2026-07-25,71,VST-NEEDS_REVIEW,Empanelled hospital availability differs materially by district
dsm-0301,sch-031,AB PM-JAY,edca209e-ddf4-423c-bf22-ddf359bc576d,AP-SSS,Sri Sathya Sai,Andhra Pradesh,District hospital / empanelled facility; State Health Agency,Card generation at CSC or facility,PENDING_VERIFICATION,Package001_Geography district master; scheme guidelines,https://www.myscheme.gov.in/,2026-07-25,71,VST-NEEDS_REVIEW,Empanelled hospital availability differs materially by district
dsm-0302,sch-031,AB PM-JAY,f0de900a-6a79-45cc-aed2-01d31752edea,AP-CUD,YSR Kadapa,Andhra Pradesh,District hospital / empanelled facility; State Health Agency,Card generation at CSC or facility,PENDING_VERIFICATION,Package001_Geography district master; scheme guidelines,https://www.myscheme.gov.in/,2026-07-25,71,VST-NEEDS_REVIEW,Empanelled hospital availability differs materially by district
dsm-0303,sch-031,AB PM-JAY,573f08b6-ac9a-4025-8cf5-4803690b7651,AP-ANN,Annamayya,Andhra Pradesh,District hospital / empanelled facility; State Health Agency,Card generation at CSC or facility,PENDING_VERIFICATION,Package001_Geography district master; scheme guidelines,https://www.myscheme.gov.in/,2026-07-25,71,VST-NEEDS_REVIEW,Empanelled hospital availability differs materially by district
dsm-0304,sch-031,AB PM-JAY,db24bd82-9d6f-4b3c-afdf-7961543769f4,AP-TIR,Tirupati,Andhra Pradesh,District hospital / empanelled facility; State Health Agency,Card generation at CSC or facility,PENDING_VERIFICATION,Package001_Geography district master; scheme guidelines,https://www.myscheme.gov.in/,2026-07-25,71,VST-NEEDS_REVIEW,Empanelled hospital availability differs materially by district
dsm-0305,sch-031,AB PM-JAY,c3a879b3-f320-47ec-8104-d1c8137b672a,AP-CHI,Chittoor,Andhra Pradesh,District hospital / empanelled facility; State Health Agency,Card generation at CSC or facility,PENDING_VERIFICATION,Package001_Geography district master; scheme guidelines,https://www.myscheme.gov.in/,2026-07-25,71,VST-NEEDS_REVIEW,Empanelled hospital availability differs materially by district
