global_entity_id,entity_type,canonical_name,source_package,package_local_id,status,lifecycle_state,created_at,updated_at,confidence_score,verification_status
vw:businessopportunity:agricultural-seed-cleaning-grading-and-processing-unit,BusinessOpportunity,"Agricultural Seed Cleaning, Grading & Processing Unit",Package004_Industries,80ee6c10-ca4f-4c74-8e29-4068c476b3f7,PUBLISHED,PUBLISHED,2026-07-25,2026-07-25,56,VST-NEEDS_REVIEW
vw:businessopportunity:aluminium-fabrication,BusinessOpportunity,Aluminium Fabrication,Package004_Industries,f786fdea-5a59-4c5d-a22f-048cac45ab51,PUBLISHED,PUBLISHED,2026-07-25,2026-07-25,66,VST-NEEDS_REVIEW
vw:businessopportunity:andhra-style-pickle-avakaya-mixed-making-unit,BusinessOpportunity,Andhra-Style Pickle (Avakaya/Mixed) Making Unit,Package004_Industries,75948a86-563f-424d-9fc8-5397d359a42f,PUBLISHED,PUBLISHED,2026-07-25,2026-07-25,60,VST-NEEDS_REVIEW
vw:businessopportunity:borewell-drilling-services,BusinessOpportunity,Borewell Drilling Services,Package004_Industries,0d0899a4-bf4a-4f4b-a099-9ca1d94abfd7,PUBLISHED,PUBLISHED,2026-07-25,2026-07-25,70,VST-NEEDS_REVIEW
vw:businessopportunity:bridal-wear-and-traditional-telugu-dress-rental,BusinessOpportunity,Bridal Wear & Traditional Telugu Dress Rental,Package004_Industries,f5e9e95b-143f-4f40-b2fd-5c552fd5f3ec,PUBLISHED,PUBLISHED,2026-07-25,2026-07-25,76,VST-NEEDS_REVIEW
vw:businessopportunity:carpentry,BusinessOpportunity,Carpentry,Package004_Industries,56074354-4510-49b1-9b42-0e9d35af37e6,PUBLISHED,PUBLISHED,2026-07-25,2026-07-25,85,VST-NEEDS_REVIEW
vw:businessopportunity:chilli-processing-grading-and-powder-making-unit,BusinessOpportunity,"Chilli Processing, Grading & Powder-Making Unit",Package004_Industries,d5040e06-e388-4614-965b-0db927afb97d,PUBLISHED,PUBLISHED,2026-07-25,2026-07-25,66,VST-NEEDS_REVIEW
vw:businessopportunity:cloud-services-consulting,BusinessOpportunity,Cloud Services Consulting,Package004_Industries,DTL009,PUBLISHED,PUBLISHED,2026-07-25,2026-07-25,79,VST-NEEDS_REVIEW
vw:businessopportunity:cold-pressed-coconut-oil-unit,BusinessOpportunity,Cold-Pressed Coconut Oil Unit,Package004_Industries,af9fe48b-21b8-49ec-a5c7-d86dd6f499d6,PUBLISHED,PUBLISHED,2026-07-25,2026-07-25,58,VST-NEEDS_REVIEW
vw:businessopportunity:cold-pressed-groundnut-sesame-oil-kachi-ghani-unit,BusinessOpportunity,Cold-Pressed Groundnut/Sesame Oil (Kachi Ghani) Unit,Package004_Industries,5655ea20-8695-4016-9fa6-1bce946c65be,PUBLISHED,PUBLISHED,2026-07-25,2026-07-25,80,VST-NEEDS_REVIEW
vw:businessopportunity:common-service-centres-csc-one-district-one-product-odop-rural-digital-commerce-,BusinessOpportunity,Common Service Centres (CSC) + One District One Product (ODOP) Rural Digital Commerce Hubs,Package004_Industries,3ffa08ad-30ed-460a-85d2-c199d15bc511,PUBLISHED,PUBLISHED,2026-07-25,2026-07-25,67,VST-NEEDS_REVIEW
vw:businessopportunity:cybersecurity-consulting,BusinessOpportunity,Cybersecurity Consulting,Package004_Industries,DTL010,PUBLISHED,PUBLISHED,2026-07-25,2026-07-25,78,VST-NEEDS_REVIEW
vw:businessopportunity:data-analytics-services,BusinessOpportunity,Data Analytics Services,Package004_Industries,DTL011,PUBLISHED,PUBLISHED,2026-07-25,2026-07-25,80,VST-NEEDS_REVIEW
vw:businessopportunity:digital-marketing-agency,BusinessOpportunity,Digital Marketing Agency,Package004_Industries,DTL006,PUBLISHED,PUBLISHED,2026-07-25,2026-07-25,73,VST-NEEDS_REVIEW
vw:businessopportunity:electrical-contracting-licensed-supervisor-contractor,BusinessOpportunity,Electrical Contracting (Licensed Supervisor/Contractor),Package004_Industries,105647eb-2df0-42a7-980b-4bd9639d262d,PUBLISHED,PUBLISHED,2026-07-25,2026-07-25,79,VST-NEEDS_REVIEW
vw:businessopportunity:electrical-services-domestic-wiring-and-wireman-work,BusinessOpportunity,Electrical Services (Domestic Wiring & Wireman Work),Package004_Industries,f85afee5-671d-4628-8c6b-d64aad7ab166,PUBLISHED,PUBLISHED,2026-07-25,2026-07-25,82,VST-NEEDS_REVIEW
vw:businessopportunity:fpo-level-primary-millet-processing-unit,BusinessOpportunity,FPO-Level Primary Millet Processing Unit,Package004_Industries,6d9daceb-b051-4770-8fb1-ecbbcfd70602,PUBLISHED,PUBLISHED,2026-07-25,2026-07-25,56,VST-NEEDS_REVIEW
vw:businessopportunity:farmer-producer-organisations-fpos-enam-ondc-whatsapp-farmer-groups,BusinessOpportunity,Farmer Producer Organisations (FPOs) + eNAM + ONDC + WhatsApp Farmer Groups,Package004_Industries,7f96f2b0-a0d7-4a4e-9682-53c91488e3ad,PUBLISHED,PUBLISHED,2026-07-25,2026-07-25,81,VST-NEEDS_REVIEW
vw:businessopportunity:freelance-software-it-services-consultant,BusinessOpportunity,Freelance Software/IT Services Consultant,Package004_Industries,DTL001,PUBLISHED,PUBLISHED,2026-07-25,2026-07-25,82,VST-NEEDS_REVIEW
vw:businessopportunity:freelance-web-development,BusinessOpportunity,Freelance Web Development,Package004_Industries,DTL003,PUBLISHED,PUBLISHED,2026-07-25,2026-07-25,79,VST-NEEDS_REVIEW
vw:businessopportunity:general-telangana-style-pickle-making-unit,BusinessOpportunity,General/Telangana-Style Pickle Making Unit,Package004_Industries,cfa4dd2a-5280-453b-9517-dab3c610d04b,PUBLISHED,PUBLISHED,2026-07-25,2026-07-25,56,VST-NEEDS_REVIEW
vw:businessopportunity:instagram-youtube-creator-commerce-and-affiliate-selling,BusinessOpportunity,Instagram / YouTube Creator Commerce & Affiliate Selling,Package004_Industries,234b7d54-41a3-483f-8caa-b8d4eba619cc,PUBLISHED,PUBLISHED,2026-07-25,2026-07-25,70,VST-NEEDS_REVIEW
vw:businessopportunity:instagram-live-selling-youtube-live-shopping-meesho-live,BusinessOpportunity,Instagram Live Selling / YouTube Live Shopping / Meesho Live,Package004_Industries,2b0b183c-e92b-4e14-8d73-408742f351d7,PUBLISHED,PUBLISHED,2026-07-25,2026-07-25,76,VST-NEEDS_REVIEW
vw:businessopportunity:instagram-shopping-whatsapp-business-meesho-flipkart-amazon-seller-social-and-ma,BusinessOpportunity,Instagram Shopping / WhatsApp Business / Meesho / Flipkart / Amazon Seller Social & Marketplace Commerce,Package004_Industries,1eaf952f-71e4-4e54-94d9-3ca729f7a52d,PUBLISHED,PUBLISHED,2026-07-25,2026-07-25,85,VST-NEEDS_REVIEW
vw:businessopportunity:masala-powder-manufacturing-unit-medium-scale,BusinessOpportunity,Masala Powder Manufacturing Unit (Medium Scale),Package004_Industries,529d22fa-138a-4f27-8ecd-e0b390afdadc,PUBLISHED,PUBLISHED,2026-07-25,2026-07-25,83,VST-NEEDS_REVIEW
vw:businessopportunity:masala-powder-manufacturing-unit-small-scale,BusinessOpportunity,Masala Powder Manufacturing Unit (Small Scale),Package004_Industries,d6969e3f-af59-44f5-b9a3-9e269e45ee4b,PUBLISHED,PUBLISHED,2026-07-25,2026-07-25,83,VST-NEEDS_REVIEW
vw:businessopportunity:mobile-app-development,BusinessOpportunity,Mobile App Development,Package004_Industries,DTL005,PUBLISHED,PUBLISHED,2026-07-25,2026-07-25,78,VST-NEEDS_REVIEW
vw:businessopportunity:pop-works-false-ceiling-installation,BusinessOpportunity,POP Works / False Ceiling Installation,Package004_Industries,31eb58fe-0354-48af-b831-0f420faba84c,PUBLISHED,PUBLISHED,2026-07-25,2026-07-25,78,VST-NEEDS_REVIEW
vw:businessopportunity:painting-services,BusinessOpportunity,Painting Services,Package004_Industries,ea964574-8321-4564-8c20-048aa05f9e33,PUBLISHED,PUBLISHED,2026-07-25,2026-07-25,76,VST-NEEDS_REVIEW
vw:businessopportunity:plumbing-services,BusinessOpportunity,Plumbing Services,Package004_Industries,7b65d13e-2c52-4e43-9735-4423596e5562,PUBLISHED,PUBLISHED,2026-07-25,2026-07-25,74,VST-NEEDS_REVIEW
vw:businessopportunity:rural-it-enabled-service-center-bpo-kpo-operator,BusinessOpportunity,Rural IT-Enabled Service Center / BPO-KPO Operator,Package004_Industries,DTL012,PUBLISHED,PUBLISHED,2026-07-25,2026-07-25,74,VST-NEEDS_REVIEW
vw:businessopportunity:seo-and-content-marketing-consulting,BusinessOpportunity,SEO & Content Marketing Consulting,Package004_Industries,DTL008,PUBLISHED,PUBLISHED,2026-07-25,2026-07-25,71,VST-NEEDS_REVIEW
vw:businessopportunity:small-it-services-firm-software-development-startup,BusinessOpportunity,Small IT Services Firm / Software Development Startup,Package004_Industries,DTL002,PUBLISHED,PUBLISHED,2026-07-25,2026-07-25,82,VST-NEEDS_REVIEW
vw:businessopportunity:small-scale-flour-atta-milling-unit,BusinessOpportunity,Small-Scale Flour/Atta Milling Unit,Package004_Industries,c73efe76-0b1f-442f-aa71-3e80151eed23,PUBLISHED,PUBLISHED,2026-07-25,2026-07-25,73,VST-NEEDS_REVIEW
vw:businessopportunity:small-scale-millet-processing-unit,BusinessOpportunity,Small-Scale Millet Processing Unit,Package004_Industries,f9e0a76d-4cae-4d96-8a05-dd2ba5414372,PUBLISHED,PUBLISHED,2026-07-25,2026-07-25,73,VST-NEEDS_REVIEW
vw:businessopportunity:small-scale-multi-product-food-processing-unit,BusinessOpportunity,Small-Scale Multi-Product Food Processing Unit,Package004_Industries,4610e10b-9613-4bf1-84e8-c384aeb2b28a,PUBLISHED,PUBLISHED,2026-07-25,2026-07-25,55,VST-NEEDS_REVIEW
vw:businessopportunity:social-media-management,BusinessOpportunity,Social Media Management,Package004_Industries,DTL007,PUBLISHED,PUBLISHED,2026-07-25,2026-07-25,70,VST-NEEDS_REVIEW
vw:businessopportunity:submersible-pump-installation-and-repair,BusinessOpportunity,Submersible Pump Installation & Repair,Package004_Industries,51d5d291-546f-4873-bd38-85215c0ab7bf,PUBLISHED,PUBLISHED,2026-07-25,2026-07-25,64,VST-NEEDS_REVIEW
vw:businessopportunity:telangana-homestays-andhra-pradesh-heritage-and-coastal-homestays,BusinessOpportunity,Telangana Homestays / Andhra Pradesh Heritage & Coastal Homestays,Package004_Industries,af872c6c-dfb4-423a-aaaf-b7cb1f0e6226,PUBLISHED,PUBLISHED,2026-07-25,2026-07-25,85,VST-NEEDS_REVIEW
vw:businessopportunity:tiles-fixing-tile-mason,BusinessOpportunity,Tiles Fixing (Tile Mason),Package004_Industries,7fed9ccb-fec1-4d67-b4f9-f4f467dc60aa,PUBLISHED,PUBLISHED,2026-07-25,2026-07-25,78,VST-NEEDS_REVIEW
vw:businessopportunity:turmeric-processing-and-powder-making-unit,BusinessOpportunity,Turmeric Processing & Powder-Making Unit,Package004_Industries,78a4f890-744c-4711-8e00-820942e61569,PUBLISHED,PUBLISHED,2026-07-25,2026-07-25,66,VST-NEEDS_REVIEW
vw:businessopportunity:web-development-agency-small-firm,BusinessOpportunity,Web Development Agency (Small Firm),Package004_Industries,DTL004,PUBLISHED,PUBLISHED,2026-07-25,2026-07-25,77,VST-NEEDS_REVIEW
vw:businessopportunity:welding-and-metal-fabrication,BusinessOpportunity,Welding & Metal Fabrication,Package004_Industries,7d86d50a-9e93-488e-bf9b-c7e2ce6e480e,PUBLISHED,PUBLISHED,2026-07-25,2026-07-25,74,VST-NEEDS_REVIEW
vw:businessopportunity:whatsapp-business-automation-digital-catalog-and-storefront-apps,BusinessOpportunity,WhatsApp Business Automation / Digital Catalog & Storefront Apps,Package004_Industries,d660ac4c-7f3f-4ee2-ac5e-86c5fc2471ca,PUBLISHED,PUBLISHED,2026-07-25,2026-07-25,74,VST-NEEDS_REVIEW
vw:businessopportunity:whatsapp-group-buying-bulk-order-community-groups,BusinessOpportunity,WhatsApp Group Buying / Bulk-Order Community Groups,Package004_Industries,4330a7dd-3234-4877-b7b5-da2ffc7e95dc,PUBLISHED,PUBLISHED,2026-07-25,2026-07-25,63,VST-NEEDS_REVIEW
vw:certification:abb-robotics-customer-certification-basic-robot-programming-irc5,Certification,ABB Robotics Customer Certification - Basic Robot Programming (IRC5),Package006_Skills_and_Training,b5a170b9-015d-4ec5-ad4e-ab0487f1bc9f,PUBLISHED,PUBLISHED,2026-07-25,2026-07-25,50,VST-NEEDS_REVIEW
vw:certification:aws-certified-cloud-practitioner,Certification,AWS Certified Cloud Practitioner,Package006_Skills_and_Training,6c103e18-130e-48a1-b668-58bd24ffb7fe,PUBLISHED,PUBLISHED,2026-07-25,2026-07-25,56,VST-NEEDS_REVIEW
vw:certification:andhra-pradesh-state-skill-development-corporation-apssdc-certification,Certification,Andhra Pradesh State Skill Development Corporation (APSSDC) Certification,Package006_Skills_and_Training,99315970-e032-4806-bbe7-859cff683a67,PUBLISHED,PUBLISHED,2026-07-25,2026-07-25,58,VST-NEEDS_REVIEW
vw:certification:autodesk-certified-user-acu-autocad,Certification,Autodesk Certified User (ACU) - AutoCAD,Package006_Skills_and_Training,04b53fd1-342f-4d05-92c7-f8c2d80bc61c,PUBLISHED,PUBLISHED,2026-07-25,2026-07-25,62,VST-NEEDS_REVIEW
vw:certification:automotive-service-technician-two-and-three-wheelers-asc-q1411,Certification,Automotive Service Technician (Two and Three Wheelers) - ASC/Q1411,Package006_Skills_and_Training,6ba3c520-060b-41fa-9c35-b54f4df40ae0,PUBLISHED,PUBLISHED,2026-07-25,2026-07-25,74,VST-NEEDS_REVIEW
vw:certification:cnc-operator-turning-csc-q0115,Certification,CNC Operator - Turning - CSC/Q0115,Package006_Skills_and_Training,7f3cf0a7-0220-4a4b-966c-1f31a34a797c,PUBLISHED,PUBLISHED,2026-07-25,2026-07-25,74,VST-NEEDS_REVIEW
vw:certification:cisco-certified-network-associate-ccna,Certification,Cisco Certified Network Associate (CCNA),Package006_Skills_and_Training,7928ddbf-d483-481b-ab02-c797ea33f2d2,PUBLISHED,PUBLISHED,2026-07-25,2026-07-25,58,VST-NEEDS_REVIEW
vw:certification:course-on-computer-concepts-ccc,Certification,Course on Computer Concepts (CCC),Package006_Skills_and_Training,f3ddf13d-8b55-4481-b163-313fb250dff1,PUBLISHED,PUBLISHED,2026-07-25,2026-07-25,74,VST-NEEDS_REVIEW
vw:certification:domestic-data-entry-operator-ssc-q2212,Certification,Domestic Data Entry Operator - SSC/Q2212,Package006_Skills_and_Training,b5201694-37b0-4961-865c-023e2fef006b,PUBLISHED,PUBLISHED,2026-07-25,2026-07-25,74,VST-NEEDS_REVIEW
vw:certification:fanuc-certified-robot-operator-fanuc-india-academy-training-certificate,Certification,FANUC Certified Robot Operator / FANUC India Academy Training Certificate,Package006_Skills_and_Training,3856f940-07ed-4ce9-8261-8c2baa360a8c,PUBLISHED,PUBLISHED,2026-07-25,2026-07-25,52,VST-NEEDS_REVIEW
vw:certification:field-technician-computing-and-peripherals-ele-q4601,Certification,Field Technician - Computing & Peripherals - ELE/Q4601,Package006_Skills_and_Training,6337652f-6862-4478-8479-18097f737347,PUBLISHED,PUBLISHED,2026-07-25,2026-07-25,75,VST-NEEDS_REVIEW
vw:certification:general-duty-assistant-gda-hss-q5101,Certification,General Duty Assistant (GDA) - HSS/Q5101,Package006_Skills_and_Training,01fce423-4acc-4776-932d-05071d2cdf24,PUBLISHED,PUBLISHED,2026-07-25,2026-07-25,74,VST-NEEDS_REVIEW
vw:certification:google-digital-garage-fundamentals-of-digital-marketing,Certification,Google Digital Garage - Fundamentals of Digital Marketing,Package006_Skills_and_Training,be5aff6f-d8ed-4b75-af96-5a0795951ce6,PUBLISHED,PUBLISHED,2026-07-25,2026-07-25,65,VST-NEEDS_REVIEW
vw:certification:google-it-support-professional-certificate,Certification,Google IT Support Professional Certificate,Package006_Skills_and_Training,af85073a-4250-4b43-acff-7d39132b0971,PUBLISHED,PUBLISHED,2026-07-25,2026-07-25,62,VST-NEEDS_REVIEW
vw:certification:microsoft-certified-azure-fundamentals-az-900,Certification,Microsoft Certified: Azure Fundamentals (AZ-900),Package006_Skills_and_Training,d6f12c47-638b-4882-9bac-e5cec6b1ce1b,PUBLISHED,PUBLISHED,2026-07-25,2026-07-25,58,VST-NEEDS_REVIEW
vw:certification:microsoft-office-specialist-mos,Certification,Microsoft Office Specialist (MOS),Package006_Skills_and_Training,cabcde99-f0ff-4a2e-9fc9-7bb41f999ad7,PUBLISHED,PUBLISHED,2026-07-25,2026-07-25,55,VST-NEEDS_REVIEW
vw:certification:nielit-a-level-advanced-diploma-in-it,Certification,NIELIT 'A' Level (Advanced Diploma in IT),Package006_Skills_and_Training,2d6f2f18-4c3e-4481-8ee3-162639f611b6,PUBLISHED,PUBLISHED,2026-07-25,2026-07-25,76,VST-NEEDS_REVIEW
vw:certification:nielit-o-level-foundation-course-in-it,Certification,NIELIT 'O' Level (Foundation Course in IT),Package006_Skills_and_Training,30a9dd82-2b36-4cf9-ab2d-6e19d4b0e80b,PUBLISHED,PUBLISHED,2026-07-25,2026-07-25,72,VST-NEEDS_REVIEW
vw:certification:nptel-certification-course-completion-proctored-exam,Certification,NPTEL Certification (Course Completion + Proctored Exam),Package006_Skills_and_Training,71fedc94-806d-41e7-b8ee-4581857b6068,PUBLISHED,PUBLISHED,2026-07-25,2026-07-25,76,VST-NEEDS_REVIEW
vw:certification:pmkvy-short-term-training-stt-skill-certificate,Certification,PMKVY Short-Term Training (STT) Skill Certificate,Package006_Skills_and_Training,793739d9-5020-470b-a4a9-612aa42cec07,PUBLISHED,PUBLISHED,2026-07-25,2026-07-25,78,VST-NEEDS_REVIEW
vw:certification:recognition-of-prior-learning-rpl-certification-ncvet-regulated,Certification,Recognition of Prior Learning (RPL) Certification (NCVET-Regulated),Package006_Skills_and_Training,182f9a8d-758a-4e6e-8c28-b44442d24331,PUBLISHED,PUBLISHED,2026-07-25,2026-07-25,76,VST-NEEDS_REVIEW
vw:certification:red-hat-certified-system-administrator-rhcsa-via-nsdc-red-hat-skill-india-partne,Certification,Red Hat Certified System Administrator (RHCSA) via NSDC-Red Hat Skill India Partnership,Package006_Skills_and_Training,815482fa-30cc-4462-86a1-4bf4e1226c46,PUBLISHED,PUBLISHED,2026-07-25,2026-07-25,58,VST-NEEDS_REVIEW
vw:certification:swayam-certification-course-completion-proctored-exam,Certification,SWAYAM Certification (Course Completion + Proctored Exam),Package006_Skills_and_Training,f9da5f02-69c6-4fb1-bfb1-f9652cac4857,PUBLISHED,PUBLISHED,2026-07-25,2026-07-25,74,VST-NEEDS_REVIEW
vw:certification:schneider-electric-ecoxpert-partner-certification,Certification,Schneider Electric EcoXpert Partner Certification,Package006_Skills_and_Training,0a48483a-0ca9-4eba-b9ff-d9ccb6f11eaa,PUBLISHED,PUBLISHED,2026-07-25,2026-07-25,56,VST-NEEDS_REVIEW
vw:certification:siemens-mechatronic-systems-certification-program-smscp-level-1-assistant,Certification,Siemens Mechatronic Systems Certification Program (SMSCP) - Level 1 Assistant,Package006_Skills_and_Training,b5abe4ed-0a38-42cc-90ce-3d725b7ba0d0,PUBLISHED,PUBLISHED,2026-07-25,2026-07-25,58,VST-NEEDS_REVIEW
vw:certification:skill-india-certificate-nsdc-affiliated-qualification-pack-certification,Certification,Skill India Certificate (NSDC-Affiliated Qualification Pack Certification),Package006_Skills_and_Training,d9a71141-d74a-4bca-8092-53f32af09bad,PUBLISHED,PUBLISHED,2026-07-25,2026-07-25,72,VST-NEEDS_REVIEW
vw:certification:spoken-tutorial-foss-certification-iit-bombay,Certification,Spoken Tutorial FOSS Certification (IIT Bombay),Package006_Skills_and_Training,14685d86-bbd1-4906-ba19-5c931bdb1a70,PUBLISHED,PUBLISHED,2026-07-25,2026-07-25,66,VST-NEEDS_REVIEW
vw:certification:tally-certification-tally-prime-tally-erp9,Certification,Tally Certification (Tally Prime / Tally.ERP9),Package006_Skills_and_Training,5b76bf3a-7174-4c32-8fee-f61a04fd72e4,PUBLISHED,PUBLISHED,2026-07-25,2026-07-25,58,VST-NEEDS_REVIEW
vw:certification:telangana-academy-for-skill-and-knowledge-task-certification-program,Certification,Telangana Academy for Skill and Knowledge (TASK) Certification Program,Package006_Skills_and_Training,adda302c-f835-4e52-aa22-5f0c169dc568,PUBLISHED,PUBLISHED,2026-07-25,2026-07-25,58,VST-NEEDS_REVIEW
vw:certification:trainee-beautician-bws-q0108,Certification,Trainee Beautician - BWS/Q0108,Package006_Skills_and_Training,90779554-c2f6-4b33-af6d-c537053f62b6,PUBLISHED,PUBLISHED,2026-07-25,2026-07-25,64,VST-NEEDS_REVIEW
vw:climatezone:arid,ClimateZone,Arid,Package005_Agriculture,cz-004,PUBLISHED,PUBLISHED,2026-07-25,2026-07-25,74,VST-NEEDS_REVIEW
vw:climatezone:dry,ClimateZone,Dry,Package005_Agriculture,cz-006,PUBLISHED,PUBLISHED,2026-07-25,2026-07-25,74,VST-NEEDS_REVIEW
vw:climatezone:highland,ClimateZone,Highland,Package005_Agriculture,cz-008,PUBLISHED,PUBLISHED,2026-07-25,2026-07-25,72,VST-NEEDS_REVIEW
vw:climatezone:semi-arid,ClimateZone,Semi-arid,Package005_Agriculture,cz-005,PUBLISHED,PUBLISHED,2026-07-25,2026-07-25,75,VST-NEEDS_REVIEW
vw:climatezone:sub-tropical,ClimateZone,Sub-tropical,Package005_Agriculture,cz-002,PUBLISHED,PUBLISHED,2026-07-25,2026-07-25,76,VST-NEEDS_REVIEW
vw:climatezone:temperate,ClimateZone,Temperate,Package005_Agriculture,cz-003,PUBLISHED,PUBLISHED,2026-07-25,2026-07-25,75,VST-NEEDS_REVIEW
vw:climatezone:tropical,ClimateZone,Tropical,Package005_Agriculture,cz-001,PUBLISHED,PUBLISHED,2026-07-25,2026-07-25,77,VST-NEEDS_REVIEW
vw:climatezone:wet,ClimateZone,Wet,Package005_Agriculture,cz-007,PUBLISHED,PUBLISHED,2026-07-25,2026-07-25,76,VST-NEEDS_REVIEW
vw:country:india,Country,India,Package001_Geography,n/a,PUBLISHED,PUBLISHED,2026-07-25,2026-07-25,85,VST-NEEDS_REVIEW
vw:crop:ashwagandha,Crop,Ashwagandha,Package005_Agriculture,crop-042,PUBLISHED,PUBLISHED,2026-07-25,2026-07-25,70,VST-NEEDS_REVIEW
vw:crop:banana,Crop,Banana,Package005_Agriculture,crop-030,PUBLISHED,PUBLISHED,2026-07-25,2026-07-25,76,VST-NEEDS_REVIEW
vw:crop:barley,Crop,Barley,Package005_Agriculture,crop-004,PUBLISHED,PUBLISHED,2026-07-25,2026-07-25,73,VST-NEEDS_REVIEW
vw:crop:black-pepper,Crop,Black Pepper,Package005_Agriculture,crop-037,PUBLISHED,PUBLISHED,2026-07-25,2026-07-25,74,VST-NEEDS_REVIEW
vw:crop:brinjal,Crop,Brinjal,Package005_Agriculture,crop-026,PUBLISHED,PUBLISHED,2026-07-25,2026-07-25,73,VST-NEEDS_REVIEW
vw:crop:cabbage,Crop,Cabbage,Package005_Agriculture,crop-028,PUBLISHED,PUBLISHED,2026-07-25,2026-07-25,73,VST-NEEDS_REVIEW
vw:crop:cardamom,Crop,Cardamom,Package005_Agriculture,crop-038,PUBLISHED,PUBLISHED,2026-07-25,2026-07-25,72,VST-NEEDS_REVIEW
vw:crop:cashew,Crop,Cashew,Package005_Agriculture,crop-045,PUBLISHED,PUBLISHED,2026-07-25,2026-07-25,73,VST-NEEDS_REVIEW
vw:crop:chickpea,Crop,Chickpea,Package005_Agriculture,crop-009,PUBLISHED,PUBLISHED,2026-07-25,2026-07-25,77,VST-NEEDS_REVIEW
vw:crop:chilli,Crop,Chilli,Package005_Agriculture,crop-036,PUBLISHED,PUBLISHED,2026-07-25,2026-07-25,77,VST-NEEDS_REVIEW
vw:crop:citrus-sweet-orange,Crop,Citrus (Sweet Orange),Package005_Agriculture,crop-031,PUBLISHED,PUBLISHED,2026-07-25,2026-07-25,75,VST-NEEDS_REVIEW
vw:crop:coconut,Crop,Coconut,Package005_Agriculture,crop-044,PUBLISHED,PUBLISHED,2026-07-25,2026-07-25,74,VST-NEEDS_REVIEW
vw:crop:coriander,Crop,Coriander,Package005_Agriculture,crop-039,PUBLISHED,PUBLISHED,2026-07-25,2026-07-25,73,VST-NEEDS_REVIEW
vw:crop:cotton,Crop,Cotton,Package005_Agriculture,crop-020,PUBLISHED,PUBLISHED,2026-07-25,2026-07-25,77,VST-NEEDS_REVIEW
vw:crop:cumin,Crop,Cumin,Package005_Agriculture,crop-040,PUBLISHED,PUBLISHED,2026-07-25,2026-07-25,73,VST-NEEDS_REVIEW
vw:crop:finger-millet,Crop,Finger Millet,Package005_Agriculture,crop-007,PUBLISHED,PUBLISHED,2026-07-25,2026-07-25,74,VST-NEEDS_REVIEW
vw:crop:foxtail-millet,Crop,Foxtail Millet,Package005_Agriculture,crop-008,PUBLISHED,PUBLISHED,2026-07-25,2026-07-25,70,VST-NEEDS_REVIEW
vw:crop:ginger,Crop,Ginger,Package005_Agriculture,crop-041,PUBLISHED,PUBLISHED,2026-07-25,2026-07-25,73,VST-NEEDS_REVIEW
vw:crop:grapes,Crop,Grapes,Package005_Agriculture,crop-032,PUBLISHED,PUBLISHED,2026-07-25,2026-07-25,75,VST-NEEDS_REVIEW
vw:crop:groundnut,Crop,Groundnut,Package005_Agriculture,crop-014,PUBLISHED,PUBLISHED,2026-07-25,2026-07-25,77,VST-NEEDS_REVIEW
vw:crop:guava,Crop,Guava,Package005_Agriculture,crop-033,PUBLISHED,PUBLISHED,2026-07-25,2026-07-25,73,VST-NEEDS_REVIEW
vw:crop:jute,Crop,Jute,Package005_Agriculture,crop-022,PUBLISHED,PUBLISHED,2026-07-25,2026-07-25,70,VST-NEEDS_REVIEW
vw:crop:lentil,Crop,Lentil,Package005_Agriculture,crop-013,PUBLISHED,PUBLISHED,2026-07-25,2026-07-25,75,VST-NEEDS_REVIEW
vw:crop:maize,Crop,Maize,Package005_Agriculture,crop-003,PUBLISHED,PUBLISHED,2026-07-25,2026-07-25,77,VST-NEEDS_REVIEW
vw:crop:mango,Crop,Mango,Package005_Agriculture,crop-029,PUBLISHED,PUBLISHED,2026-07-25,2026-07-25,77,VST-NEEDS_REVIEW
vw:crop:moong-green-gram,Crop,Moong (Green Gram),Package005_Agriculture,crop-011,PUBLISHED,PUBLISHED,2026-07-25,2026-07-25,75,VST-NEEDS_REVIEW
vw:crop:mustard,Crop,Mustard,Package005_Agriculture,crop-018,PUBLISHED,PUBLISHED,2026-07-25,2026-07-25,75,VST-NEEDS_REVIEW
vw:crop:okra-lady-finger,Crop,Okra (Lady Finger),Package005_Agriculture,crop-027,PUBLISHED,PUBLISHED,2026-07-25,2026-07-25,73,VST-NEEDS_REVIEW
vw:crop:onion,Crop,Onion,Package005_Agriculture,crop-025,PUBLISHED,PUBLISHED,2026-07-25,2026-07-25,76,VST-NEEDS_REVIEW
vw:crop:pearl-millet,Crop,Pearl Millet,Package005_Agriculture,crop-005,PUBLISHED,PUBLISHED,2026-07-25,2026-07-25,76,VST-NEEDS_REVIEW
vw:crop:pigeon-pea,Crop,Pigeon Pea,Package005_Agriculture,crop-010,PUBLISHED,PUBLISHED,2026-07-25,2026-07-25,76,VST-NEEDS_REVIEW
vw:crop:pomegranate,Crop,Pomegranate,Package005_Agriculture,crop-034,PUBLISHED,PUBLISHED,2026-07-25,2026-07-25,73,VST-NEEDS_REVIEW
vw:crop:potato,Crop,Potato,Package005_Agriculture,crop-024,PUBLISHED,PUBLISHED,2026-07-25,2026-07-25,77,VST-NEEDS_REVIEW
vw:crop:rice,Crop,Rice,Package005_Agriculture,crop-001,PUBLISHED,PUBLISHED,2026-07-25,2026-07-25,78,VST-NEEDS_REVIEW
vw:crop:safflower,Crop,Safflower,Package005_Agriculture,crop-017,PUBLISHED,PUBLISHED,2026-07-25,2026-07-25,71,VST-NEEDS_REVIEW
vw:crop:sorghum,Crop,Sorghum,Package005_Agriculture,crop-006,PUBLISHED,PUBLISHED,2026-07-25,2026-07-25,76,VST-NEEDS_REVIEW
vw:crop:soybean,Crop,Soybean,Package005_Agriculture,crop-015,PUBLISHED,PUBLISHED,2026-07-25,2026-07-25,76,VST-NEEDS_REVIEW
vw:crop:sugarcane,Crop,Sugarcane,Package005_Agriculture,crop-019,PUBLISHED,PUBLISHED,2026-07-25,2026-07-25,77,VST-NEEDS_REVIEW
vw:crop:sunflower,Crop,Sunflower,Package005_Agriculture,crop-016,PUBLISHED,PUBLISHED,2026-07-25,2026-07-25,75,VST-NEEDS_REVIEW
vw:crop:tobacco,Crop,Tobacco,Package005_Agriculture,crop-021,PUBLISHED,PUBLISHED,2026-07-25,2026-07-25,72,VST-NEEDS_REVIEW
vw:crop:tomato,Crop,Tomato,Package005_Agriculture,crop-023,PUBLISHED,PUBLISHED,2026-07-25,2026-07-25,76,VST-NEEDS_REVIEW
vw:crop:tulsi-holy-basil,Crop,Tulsi (Holy Basil),Package005_Agriculture,crop-043,PUBLISHED,PUBLISHED,2026-07-25,2026-07-25,66,VST-NEEDS_REVIEW
vw:crop:turmeric,Crop,Turmeric,Package005_Agriculture,crop-035,PUBLISHED,PUBLISHED,2026-07-25,2026-07-25,77,VST-NEEDS_REVIEW
vw:crop:urad-black-gram,Crop,Urad (Black Gram),Package005_Agriculture,crop-012,PUBLISHED,PUBLISHED,2026-07-25,2026-07-25,75,VST-NEEDS_REVIEW
vw:crop:wheat,Crop,Wheat,Package005_Agriculture,crop-002,PUBLISHED,PUBLISHED,2026-07-25,2026-07-25,78,VST-NEEDS_REVIEW
vw:district:adilabad,District,Adilabad,Package001_Geography,a0248e18-5e38-4b14-8c0b-dfa7105971dd,PUBLISHED,PUBLISHED,2026-07-25,2026-07-25,88,VST-NEEDS_REVIEW
vw:district:alluri-sitharama-raju,District,Alluri Sitharama Raju,Package001_Geography,e2766aff-1f71-4401-93ba-4ba8bc3d8ab6,PUBLISHED,PUBLISHED,2026-07-25,2026-07-25,75,VST-NEEDS_REVIEW
vw:district:anakapalli,District,Anakapalli,Package001_Geography,43940937-d49d-46bc-bf31-336bdb8d0072,PUBLISHED,PUBLISHED,2026-07-25,2026-07-25,75,VST-NEEDS_REVIEW
vw:district:ananthapuramu,District,Ananthapuramu,Package001_Geography,155d1569-c077-4433-b4e0-6ceadfd0622a,PUBLISHED,PUBLISHED,2026-07-25,2026-07-25,75,VST-NEEDS_REVIEW
vw:district:annamayya,District,Annamayya,Package001_Geography,573f08b6-ac9a-4025-8cf5-4803690b7651,PUBLISHED,PUBLISHED,2026-07-25,2026-07-25,75,VST-NEEDS_REVIEW
vw:district:bapatla,District,Bapatla,Package001_Geography,56dfdd26-8e65-456f-a2a9-f32b079748fa,PUBLISHED,PUBLISHED,2026-07-25,2026-07-25,75,VST-NEEDS_REVIEW
vw:district:bhadradri-kothagudem,District,Bhadradri Kothagudem,Package001_Geography,71ae6871-0548-4995-8bdc-82ffb8894157,PUBLISHED,PUBLISHED,2026-07-25,2026-07-25,88,VST-NEEDS_REVIEW
vw:district:chittoor,District,Chittoor,Package001_Geography,c3a879b3-f320-47ec-8104-d1c8137b672a,PUBLISHED,PUBLISHED,2026-07-25,2026-07-25,75,VST-NEEDS_REVIEW
vw:district:dr-b-r-ambedkar-konaseema,District,Dr. B. R. Ambedkar Konaseema,Package001_Geography,a4804fbb-e644-4101-ae56-95195a25c3d9,PUBLISHED,PUBLISHED,2026-07-25,2026-07-25,75,VST-NEEDS_REVIEW
vw:district:east-godavari,District,East Godavari,Package001_Geography,3f5f2e8a-a13d-4889-a0d0-8f558d20c245,PUBLISHED,PUBLISHED,2026-07-25,2026-07-25,75,VST-NEEDS_REVIEW
vw:district:eluru,District,Eluru,Package001_Geography,652ea484-ad9d-4056-8cbf-283b982cfd01,PUBLISHED,PUBLISHED,2026-07-25,2026-07-25,75,VST-NEEDS_REVIEW
vw:district:guntur,District,Guntur,Package001_Geography,d5299947-775b-49ed-9ddf-68116cd4ea31,PUBLISHED,PUBLISHED,2026-07-25,2026-07-25,75,VST-NEEDS_REVIEW
vw:district:hanumakonda,District,Hanumakonda,Package001_Geography,b53a2b5f-f3fe-4b18-82ee-893431e3579c,PUBLISHED,PUBLISHED,2026-07-25,2026-07-25,88,VST-NEEDS_REVIEW
vw:district:hyderabad,District,Hyderabad,Package001_Geography,3047ff5d-7947-489e-9b85-74ba0197be66,PUBLISHED,PUBLISHED,2026-07-25,2026-07-25,88,VST-NEEDS_REVIEW
vw:district:jagtial,District,Jagtial,Package001_Geography,3606f526-a8fe-4eee-892c-ca996b59b03e,PUBLISHED,PUBLISHED,2026-07-25,2026-07-25,88,VST-NEEDS_REVIEW
vw:district:jangaon,District,Jangaon,Package001_Geography,681ac702-6fec-4db9-bac5-1e06183fa4ed,PUBLISHED,PUBLISHED,2026-07-25,2026-07-25,88,VST-NEEDS_REVIEW
vw:district:jayashankar-bhupalpally,District,Jayashankar Bhupalpally,Package001_Geography,9fed3cf2-18e0-4c2d-9355-80d3b34b1ebd,PUBLISHED,PUBLISHED,2026-07-25,2026-07-25,88,VST-NEEDS_REVIEW
vw:district:jogulamba-gadwal,District,Jogulamba Gadwal,Package001_Geography,9cce7f5b-ce3f-4bb0-87c4-32567b1198a4,PUBLISHED,PUBLISHED,2026-07-25,2026-07-25,88,VST-NEEDS_REVIEW
vw:district:kakinada,District,Kakinada,Package001_Geography,160b4158-b8e3-4f38-ba85-0f9de408b39d,PUBLISHED,PUBLISHED,2026-07-25,2026-07-25,75,VST-NEEDS_REVIEW
vw:district:kamareddy,District,Kamareddy,Package001_Geography,e08443e2-2ae2-4e3b-a41d-68c06063d269,PUBLISHED,PUBLISHED,2026-07-25,2026-07-25,88,VST-NEEDS_REVIEW
vw:district:karimnagar,District,Karimnagar,Package001_Geography,086394be-1e67-4761-a069-e9d2dd6f7bd0,PUBLISHED,PUBLISHED,2026-07-25,2026-07-25,88,VST-NEEDS_REVIEW
vw:district:khammam,District,Khammam,Package001_Geography,be21fb05-1905-4012-b551-90e8d2d8eddb,PUBLISHED,PUBLISHED,2026-07-25,2026-07-25,88,VST-NEEDS_REVIEW
vw:district:krishna,District,Krishna,Package001_Geography,71aa6838-7eb7-4a91-b09f-ccf59cffa4fb,PUBLISHED,PUBLISHED,2026-07-25,2026-07-25,75,VST-NEEDS_REVIEW
vw:district:kumuram-bheem-asifabad,District,Kumuram Bheem Asifabad,Package001_Geography,5eedf97f-f311-4ec9-ac9e-03da47fde723,PUBLISHED,PUBLISHED,2026-07-25,2026-07-25,88,VST-NEEDS_REVIEW
vw:district:kurnool,District,Kurnool,Package001_Geography,b35798a9-d3a2-4ff0-b330-b3a1199c4551,PUBLISHED,PUBLISHED,2026-07-25,2026-07-25,75,VST-NEEDS_REVIEW
vw:district:mahabubabad,District,Mahabubabad,Package001_Geography,7abca5e0-8c8c-4ad9-9557-8765700d9b92,PUBLISHED,PUBLISHED,2026-07-25,2026-07-25,88,VST-NEEDS_REVIEW
vw:district:mahabubnagar,District,Mahabubnagar,Package001_Geography,a762e29d-b3f4-4049-8eab-482792b30100,PUBLISHED,PUBLISHED,2026-07-25,2026-07-25,88,VST-NEEDS_REVIEW
vw:district:mancherial,District,Mancherial,Package001_Geography,24e7d017-1120-4f39-b6e3-8eb6c8f93e82,PUBLISHED,PUBLISHED,2026-07-25,2026-07-25,88,VST-NEEDS_REVIEW
vw:district:markapuram,District,Markapuram,Package001_Geography,e95d3496-9cc2-4d39-ac93-ea7827089418,PUBLISHED,PUBLISHED,2026-07-25,2026-07-25,65,VST-NEEDS_REVIEW
vw:district:medak,District,Medak,Package001_Geography,3a1a968d-5bd8-433b-8b99-5d2b04b69269,PUBLISHED,PUBLISHED,2026-07-25,2026-07-25,88,VST-NEEDS_REVIEW
vw:district:medchal-malkajgiri,District,Medchal-Malkajgiri,Package001_Geography,26232aa3-0bcb-4082-93dd-724331f31f8a,PUBLISHED,PUBLISHED,2026-07-25,2026-07-25,88,VST-NEEDS_REVIEW
vw:district:mulugu,District,Mulugu,Package001_Geography,ab5c6cd0-4983-46bb-8ca1-18ec2e543843,PUBLISHED,PUBLISHED,2026-07-25,2026-07-25,88,VST-NEEDS_REVIEW
vw:district:ntr,District,NTR,Package001_Geography,1cb600af-8640-465f-a1ab-cfcdbd38c7db,PUBLISHED,PUBLISHED,2026-07-25,2026-07-25,75,VST-NEEDS_REVIEW
vw:district:nagarkurnool,District,Nagarkurnool,Package001_Geography,37adc172-0f7b-4669-a8dc-303cff89b502,PUBLISHED,PUBLISHED,2026-07-25,2026-07-25,88,VST-NEEDS_REVIEW
vw:district:nalgonda,District,Nalgonda,Package001_Geography,0cb70c34-070b-4d0b-904a-562214df7d76,PUBLISHED,PUBLISHED,2026-07-25,2026-07-25,88,VST-NEEDS_REVIEW
vw:district:nandyal,District,Nandyal,Package001_Geography,6e0bd6d7-c4cd-47cb-a568-3859d7f584f5,PUBLISHED,PUBLISHED,2026-07-25,2026-07-25,75,VST-NEEDS_REVIEW
vw:district:narayanpet,District,Narayanpet,Package001_Geography,ad8a2cd7-e5a2-478a-88cc-c53c24d06f7e,PUBLISHED,PUBLISHED,2026-07-25,2026-07-25,88,VST-NEEDS_REVIEW
vw:district:nirmal,District,Nirmal,Package001_Geography,1b1a69fd-b7d2-4547-9898-fef4ae0f28ec,PUBLISHED,PUBLISHED,2026-07-25,2026-07-25,88,VST-NEEDS_REVIEW
vw:district:nizamabad,District,Nizamabad,Package001_Geography,b6fb561d-e551-4b7a-b15b-6f81e5a3ec20,PUBLISHED,PUBLISHED,2026-07-25,2026-07-25,88,VST-NEEDS_REVIEW
vw:district:palnadu,District,Palnadu,Package001_Geography,a78da0a5-99d5-4729-a7f5-f6972fb28978,PUBLISHED,PUBLISHED,2026-07-25,2026-07-25,75,VST-NEEDS_REVIEW
vw:district:parvathipuram-manyam,District,Parvathipuram Manyam,Package001_Geography,f49867e4-4272-4e38-9918-7da19fc95b32,PUBLISHED,PUBLISHED,2026-07-25,2026-07-25,75,VST-NEEDS_REVIEW
vw:district:peddapalli,District,Peddapalli,Package001_Geography,e17d2fa9-1dfa-4d56-83d5-9f962d6e3469,PUBLISHED,PUBLISHED,2026-07-25,2026-07-25,88,VST-NEEDS_REVIEW
vw:district:polavaram,District,Polavaram,Package001_Geography,10ba356d-0289-482f-bc5d-55ee7adfa9c8,PUBLISHED,PUBLISHED,2026-07-25,2026-07-25,55,VST-NEEDS_REVIEW
vw:district:prakasam,District,Prakasam,Package001_Geography,5645ff67-1c01-4b3b-95ae-2506cc7eaa2c,PUBLISHED,PUBLISHED,2026-07-25,2026-07-25,75,VST-NEEDS_REVIEW
vw:district:rajanna-sircilla,District,Rajanna Sircilla,Package001_Geography,165eaf89-5d17-4efa-b5d8-6909d8f0e84f,PUBLISHED,PUBLISHED,2026-07-25,2026-07-25,88,VST-NEEDS_REVIEW
vw:district:ranga-reddy,District,Ranga Reddy,Package001_Geography,d5eb8f6c-0a30-482b-a66b-b71ef0807c3d,PUBLISHED,PUBLISHED,2026-07-25,2026-07-25,88,VST-NEEDS_REVIEW
vw:district:sangareddy,District,Sangareddy,Package001_Geography,13bb4a71-c81b-4eb8-8d27-59bf21d96c85,PUBLISHED,PUBLISHED,2026-07-25,2026-07-25,88,VST-NEEDS_REVIEW
vw:district:siddipet,District,Siddipet,Package001_Geography,d764f4a1-46b2-4a6b-915a-a39fda0a4cb5,PUBLISHED,PUBLISHED,2026-07-25,2026-07-25,88,VST-NEEDS_REVIEW
vw:district:sri-potti-sriramulu-nellore,District,Sri Potti Sriramulu Nellore,Package001_Geography,e472f701-3d26-4bc2-a5f0-d811ca5d042e,PUBLISHED,PUBLISHED,2026-07-25,2026-07-25,75,VST-NEEDS_REVIEW
vw:district:sri-sathya-sai,District,Sri Sathya Sai,Package001_Geography,edca209e-ddf4-423c-bf22-ddf359bc576d,PUBLISHED,PUBLISHED,2026-07-25,2026-07-25,75,VST-NEEDS_REVIEW
vw:district:srikakulam,District,Srikakulam,Package001_Geography,709ae67e-2e80-4ff2-9457-def43c3a75df,PUBLISHED,PUBLISHED,2026-07-25,2026-07-25,75,VST-NEEDS_REVIEW
vw:district:suryapet,District,Suryapet,Package001_Geography,031f932a-8114-46ad-8b13-854d1bb0cc75,PUBLISHED,PUBLISHED,2026-07-25,2026-07-25,88,VST-NEEDS_REVIEW
vw:district:tirupati,District,Tirupati,Package001_Geography,db24bd82-9d6f-4b3c-afdf-7961543769f4,PUBLISHED,PUBLISHED,2026-07-25,2026-07-25,75,VST-NEEDS_REVIEW
vw:district:vikarabad,District,Vikarabad,Package001_Geography,2f88f1aa-4e27-42e9-b163-09372b546552,PUBLISHED,PUBLISHED,2026-07-25,2026-07-25,88,VST-NEEDS_REVIEW
vw:district:visakhapatnam,District,Visakhapatnam,Package001_Geography,88e201e0-7157-42e7-8c49-78dd22d1e70c,PUBLISHED,PUBLISHED,2026-07-25,2026-07-25,75,VST-NEEDS_REVIEW
vw:district:vizianagaram,District,Vizianagaram,Package001_Geography,473e5bdb-d08a-4873-9942-d3fe0fb907f6,PUBLISHED,PUBLISHED,2026-07-25,2026-07-25,75,VST-NEEDS_REVIEW
vw:district:wanaparthy,District,Wanaparthy,Package001_Geography,88ed3461-7af3-47c0-8dba-1fd58bcdb4f4,PUBLISHED,PUBLISHED,2026-07-25,2026-07-25,88,VST-NEEDS_REVIEW
vw:district:warangal,District,Warangal,Package001_Geography,479e0ee3-c2bf-404c-b3fa-f3bc106aff50,PUBLISHED,PUBLISHED,2026-07-25,2026-07-25,88,VST-NEEDS_REVIEW
vw:district:west-godavari,District,West Godavari,Package001_Geography,29b87be3-4ff3-4325-87aa-d47a52501239,PUBLISHED,PUBLISHED,2026-07-25,2026-07-25,75,VST-NEEDS_REVIEW
vw:district:ysr-kadapa,District,YSR Kadapa,Package001_Geography,f0de900a-6a79-45cc-aed2-01d31752edea,PUBLISHED,PUBLISHED,2026-07-25,2026-07-25,75,VST-NEEDS_REVIEW
vw:district:yadadri-bhuvanagiri,District,Yadadri Bhuvanagiri,Package001_Geography,81165142-90a8-4e0f-9ea2-dbbe6eff1702,PUBLISHED,PUBLISHED,2026-07-25,2026-07-25,88,VST-NEEDS_REVIEW
vw:exportcountry:africa,ExportCountry,Africa,Package001_Geography,PENDING_VERIFICATION,PUBLISHED,PUBLISHED,2026-07-25,2026-07-25,60,VST-NEEDS_REVIEW
vw:exportcountry:australia,ExportCountry,Australia,Package001_Geography,PENDING_VERIFICATION,PUBLISHED,PUBLISHED,2026-07-25,2026-07-25,60,VST-NEEDS_REVIEW
vw:exportcountry:bangladesh,ExportCountry,Bangladesh,Package001_Geography,PENDING_VERIFICATION,PUBLISHED,PUBLISHED,2026-07-25,2026-07-25,60,VST-NEEDS_REVIEW
vw:exportcountry:belgium,ExportCountry,Belgium,Package001_Geography,PENDING_VERIFICATION,PUBLISHED,PUBLISHED,2026-07-25,2026-07-25,60,VST-NEEDS_REVIEW
vw:exportcountry:egypt,ExportCountry,Egypt,Package001_Geography,PENDING_VERIFICATION,PUBLISHED,PUBLISHED,2026-07-25,2026-07-25,60,VST-NEEDS_REVIEW
vw:exportcountry:european-union,ExportCountry,European Union,Package001_Geography,PENDING_VERIFICATION,PUBLISHED,PUBLISHED,2026-07-25,2026-07-25,60,VST-NEEDS_REVIEW
vw:exportcountry:germany,ExportCountry,Germany,Package001_Geography,PENDING_VERIFICATION,PUBLISHED,PUBLISHED,2026-07-25,2026-07-25,60,VST-NEEDS_REVIEW
vw:exportcountry:indonesia,ExportCountry,Indonesia,Package001_Geography,PENDING_VERIFICATION,PUBLISHED,PUBLISHED,2026-07-25,2026-07-25,60,VST-NEEDS_REVIEW
vw:exportcountry:iran,ExportCountry,Iran,Package001_Geography,PENDING_VERIFICATION,PUBLISHED,PUBLISHED,2026-07-25,2026-07-25,60,VST-NEEDS_REVIEW
vw:exportcountry:iraq,ExportCountry,Iraq,Package001_Geography,PENDING_VERIFICATION,PUBLISHED,PUBLISHED,2026-07-25,2026-07-25,60,VST-NEEDS_REVIEW
vw:exportcountry:ireland,ExportCountry,Ireland,Package001_Geography,PENDING_VERIFICATION,PUBLISHED,PUBLISHED,2026-07-25,2026-07-25,60,VST-NEEDS_REVIEW
vw:exportcountry:italy,ExportCountry,Italy,Package001_Geography,PENDING_VERIFICATION,PUBLISHED,PUBLISHED,2026-07-25,2026-07-25,60,VST-NEEDS_REVIEW
vw:exportcountry:japan,ExportCountry,Japan,Package001_Geography,PENDING_VERIFICATION,PUBLISHED,PUBLISHED,2026-07-25,2026-07-25,60,VST-NEEDS_REVIEW
vw:exportcountry:malaysia,ExportCountry,Malaysia,Package001_Geography,PENDING_VERIFICATION,PUBLISHED,PUBLISHED,2026-07-25,2026-07-25,60,VST-NEEDS_REVIEW
vw:exportcountry:middle-east,ExportCountry,Middle East,Package001_Geography,PENDING_VERIFICATION,PUBLISHED,PUBLISHED,2026-07-25,2026-07-25,60,VST-NEEDS_REVIEW
vw:exportcountry:nepal,ExportCountry,Nepal,Package001_Geography,PENDING_VERIFICATION,PUBLISHED,PUBLISHED,2026-07-25,2026-07-25,60,VST-NEEDS_REVIEW
vw:exportcountry:netherlands,ExportCountry,Netherlands,Package001_Geography,PENDING_VERIFICATION,PUBLISHED,PUBLISHED,2026-07-25,2026-07-25,60,VST-NEEDS_REVIEW
vw:exportcountry:russia,ExportCountry,Russia,Package001_Geography,PENDING_VERIFICATION,PUBLISHED,PUBLISHED,2026-07-25,2026-07-25,60,VST-NEEDS_REVIEW
vw:exportcountry:saudi-arabia,ExportCountry,Saudi Arabia,Package001_Geography,PENDING_VERIFICATION,PUBLISHED,PUBLISHED,2026-07-25,2026-07-25,60,VST-NEEDS_REVIEW
vw:exportcountry:singapore,ExportCountry,Singapore,Package001_Geography,PENDING_VERIFICATION,PUBLISHED,PUBLISHED,2026-07-25,2026-07-25,60,VST-NEEDS_REVIEW
vw:exportcountry:slovakia,ExportCountry,Slovakia,Package001_Geography,PENDING_VERIFICATION,PUBLISHED,PUBLISHED,2026-07-25,2026-07-25,60,VST-NEEDS_REVIEW
vw:exportcountry:southeast-asia,ExportCountry,Southeast Asia,Package001_Geography,PENDING_VERIFICATION,PUBLISHED,PUBLISHED,2026-07-25,2026-07-25,60,VST-NEEDS_REVIEW
vw:exportcountry:sri-lanka,ExportCountry,Sri Lanka,Package001_Geography,PENDING_VERIFICATION,PUBLISHED,PUBLISHED,2026-07-25,2026-07-25,60,VST-NEEDS_REVIEW
vw:exportcountry:thailand,ExportCountry,Thailand,Package001_Geography,PENDING_VERIFICATION,PUBLISHED,PUBLISHED,2026-07-25,2026-07-25,60,VST-NEEDS_REVIEW
vw:exportcountry:turkey,ExportCountry,Turkey,Package001_Geography,PENDING_VERIFICATION,PUBLISHED,PUBLISHED,2026-07-25,2026-07-25,60,VST-NEEDS_REVIEW
vw:exportcountry:uae,ExportCountry,UAE,Package001_Geography,PENDING_VERIFICATION,PUBLISHED,PUBLISHED,2026-07-25,2026-07-25,60,VST-NEEDS_REVIEW
vw:exportcountry:usa,ExportCountry,USA,Package001_Geography,PENDING_VERIFICATION,PUBLISHED,PUBLISHED,2026-07-25,2026-07-25,60,VST-NEEDS_REVIEW
vw:exportcountry:united-kingdom,ExportCountry,United Kingdom,Package001_Geography,PENDING_VERIFICATION,PUBLISHED,PUBLISHED,2026-07-25,2026-07-25,60,VST-NEEDS_REVIEW
vw:exportcountry:united-states,ExportCountry,United States,Package001_Geography,PENDING_VERIFICATION,PUBLISHED,PUBLISHED,2026-07-25,2026-07-25,60,VST-NEEDS_REVIEW
vw:financialinstitution:angel-investors-and-angel-networks,FinancialInstitution,Angel Investors and Angel Networks,Package008_MSME,fin-011,PUBLISHED,PUBLISHED,2026-07-25,2026-07-25,62,VST-NEEDS_REVIEW
vw:financialinstitution:bank-of-baroda,FinancialInstitution,Bank of Baroda,Package007_Government_Schemes,fi-005,PUBLISHED,PUBLISHED,2026-07-25,2026-07-25,73,VST-NEEDS_REVIEW
vw:financialinstitution:cgtmse-guarantee-cover,FinancialInstitution,CGTMSE Guarantee Cover,Package008_MSME,fin-005,PUBLISHED,PUBLISHED,2026-07-25,2026-07-25,74,VST-NEEDS_REVIEW
vw:financialinstitution:canara-bank,FinancialInstitution,Canara Bank,Package007_Government_Schemes,fi-003,PUBLISHED,PUBLISHED,2026-07-25,2026-07-25,74,VST-NEEDS_REVIEW
vw:financialinstitution:district-central-cooperative-banks,FinancialInstitution,District Central Cooperative Banks,Package007_Government_Schemes,fi-010,PUBLISHED,PUBLISHED,2026-07-25,2026-07-25,69,VST-NEEDS_REVIEW
vw:financialinstitution:nabard,FinancialInstitution,NABARD,Package007_Government_Schemes,fi-006,PUBLISHED,PUBLISHED,2026-07-25,2026-07-25,76,VST-NEEDS_REVIEW
vw:financialinstitution:nsic-national-small-industries-corporation,FinancialInstitution,NSIC (National Small Industries Corporation),Package007_Government_Schemes,fi-008,PUBLISHED,PUBLISHED,2026-07-25,2026-07-25,72,VST-NEEDS_REVIEW
vw:financialinstitution:nsic-support-schemes,FinancialInstitution,NSIC Support Schemes,Package008_MSME,fin-009,PUBLISHED,PUBLISHED,2026-07-25,2026-07-25,70,VST-NEEDS_REVIEW
vw:financialinstitution:pmegp-margin-money-subsidy,FinancialInstitution,PMEGP Margin Money Subsidy,Package008_MSME,fin-008,PUBLISHED,PUBLISHED,2026-07-25,2026-07-25,74,VST-NEEDS_REVIEW
vw:financialinstitution:pradhan-mantri-mudra-yojana,FinancialInstitution,Pradhan Mantri MUDRA Yojana,Package008_MSME,fin-006,PUBLISHED,PUBLISHED,2026-07-25,2026-07-25,76,VST-NEEDS_REVIEW
vw:financialinstitution:primary-agricultural-credit-societies-pacs,FinancialInstitution,Primary Agricultural Credit Societies (PACS),Package007_Government_Schemes,fi-011,PUBLISHED,PUBLISHED,2026-07-25,2026-07-25,68,VST-NEEDS_REVIEW
vw:financialinstitution:punjab-national-bank,FinancialInstitution,Punjab National Bank,Package007_Government_Schemes,fi-002,PUBLISHED,PUBLISHED,2026-07-25,2026-07-25,74,VST-NEEDS_REVIEW
vw:financialinstitution:regional-rural-banks,FinancialInstitution,Regional Rural Banks,Package007_Government_Schemes,fi-009,PUBLISHED,PUBLISHED,2026-07-25,2026-07-25,71,VST-NEEDS_REVIEW
vw:financialinstitution:sidbi,FinancialInstitution,SIDBI,Package007_Government_Schemes,fi-007,PUBLISHED,PUBLISHED,2026-07-25,2026-07-25,75,VST-NEEDS_REVIEW
vw:financialinstitution:scheduled-commercial-banks,FinancialInstitution,Scheduled Commercial Banks,Package008_MSME,fin-001,PUBLISHED,PUBLISHED,2026-07-25,2026-07-25,75,VST-NEEDS_REVIEW
vw:financialinstitution:small-finance-banks,FinancialInstitution,Small Finance Banks,Package007_Government_Schemes,fi-012,PUBLISHED,PUBLISHED,2026-07-25,2026-07-25,70,VST-NEEDS_REVIEW
vw:financialinstitution:stand-up-india,FinancialInstitution,Stand-Up India,Package008_MSME,fin-007,PUBLISHED,PUBLISHED,2026-07-25,2026-07-25,74,VST-NEEDS_REVIEW
vw:financialinstitution:state-bank-of-india,FinancialInstitution,State Bank of India,Package007_Government_Schemes,fi-001,PUBLISHED,PUBLISHED,2026-07-25,2026-07-25,76,VST-NEEDS_REVIEW
vw:financialinstitution:state-finance-corporations,FinancialInstitution,State Finance Corporations,Package008_MSME,fin-010,PUBLISHED,PUBLISHED,2026-07-25,2026-07-25,64,VST-NEEDS_REVIEW
vw:financialinstitution:union-bank-of-india,FinancialInstitution,Union Bank of India,Package007_Government_Schemes,fi-004,PUBLISHED,PUBLISHED,2026-07-25,2026-07-25,74,VST-NEEDS_REVIEW
vw:financialinstitution:venture-capital-and-sidbi-fund-of-funds,FinancialInstitution,Venture Capital and SIDBI Fund of Funds,Package008_MSME,fin-012,PUBLISHED,PUBLISHED,2026-07-25,2026-07-25,64,VST-NEEDS_REVIEW
vw:governmentscheme:agriculture-infrastructure-fund,GovernmentScheme,Agriculture Infrastructure Fund,Package007_Government_Schemes,sch-012,PUBLISHED,PUBLISHED,2026-07-25,2026-07-25,72,VST-NEEDS_REVIEW
vw:governmentscheme:atal-pension-yojana,GovernmentScheme,Atal Pension Yojana,Package007_Government_Schemes,sch-004,PUBLISHED,PUBLISHED,2026-07-25,2026-07-25,74,VST-NEEDS_REVIEW
vw:governmentscheme:ayushman-bharat-health-and-wellness-centres,GovernmentScheme,Ayushman Bharat Health and Wellness Centres,Package007_Government_Schemes,sch-032,PUBLISHED,PUBLISHED,2026-07-25,2026-07-25,72,VST-NEEDS_REVIEW
vw:governmentscheme:ayushman-bharat-pradhan-mantri-jan-arogya-yojana,GovernmentScheme,Ayushman Bharat Pradhan Mantri Jan Arogya Yojana,Package007_Government_Schemes,sch-031,PUBLISHED,PUBLISHED,2026-07-25,2026-07-25,77,VST-NEEDS_REVIEW
vw:governmentscheme:central-sector-scheme-of-scholarships-for-college-and-university-students,GovernmentScheme,Central Sector Scheme of Scholarships for College and University Students,Package007_Government_Schemes,sch-026,PUBLISHED,PUBLISHED,2026-07-25,2026-07-25,75,VST-NEEDS_REVIEW
vw:governmentscheme:credit-guarantee-fund-trust-for-micro-and-small-enterprises,GovernmentScheme,Credit Guarantee Fund Trust for Micro and Small Enterprises,Package007_Government_Schemes,sch-017,PUBLISHED,PUBLISHED,2026-07-25,2026-07-25,74,VST-NEEDS_REVIEW
vw:governmentscheme:deen-dayal-upadhyaya-grameen-kaushalya-yojana,GovernmentScheme,Deen Dayal Upadhyaya Grameen Kaushalya Yojana,Package007_Government_Schemes,sch-023,PUBLISHED,PUBLISHED,2026-07-25,2026-07-25,74,VST-NEEDS_REVIEW
vw:governmentscheme:deendayal-antyodaya-yojana-national-rural-livelihoods-mission,GovernmentScheme,Deendayal Antyodaya Yojana - National Rural Livelihoods Mission,Package007_Government_Schemes,sch-035,PUBLISHED,PUBLISHED,2026-07-25,2026-07-25,74,VST-NEEDS_REVIEW
vw:governmentscheme:kisan-credit-card,GovernmentScheme,Kisan Credit Card,Package007_Government_Schemes,sch-007,PUBLISHED,PUBLISHED,2026-07-25,2026-07-25,76,VST-NEEDS_REVIEW
vw:governmentscheme:mahatma-gandhi-national-rural-employment-guarantee-scheme,GovernmentScheme,Mahatma Gandhi National Rural Employment Guarantee Scheme,Package007_Government_Schemes,sch-034,PUBLISHED,PUBLISHED,2026-07-25,2026-07-25,77,VST-NEEDS_REVIEW
vw:governmentscheme:national-food-security-act-entitlements-public-distribution-system,GovernmentScheme,National Food Security Act entitlements (Public Distribution System),Package007_Government_Schemes,sch-039,PUBLISHED,PUBLISHED,2026-07-25,2026-07-25,74,VST-NEEDS_REVIEW
vw:governmentscheme:national-means-cum-merit-scholarship-scheme,GovernmentScheme,National Means-cum-Merit Scholarship Scheme,Package007_Government_Schemes,sch-025,PUBLISHED,PUBLISHED,2026-07-25,2026-07-25,76,VST-NEEDS_REVIEW
vw:governmentscheme:national-social-assistance-programme,GovernmentScheme,National Social Assistance Programme,Package007_Government_Schemes,sch-038,PUBLISHED,PUBLISHED,2026-07-25,2026-07-25,73,VST-NEEDS_REVIEW
vw:governmentscheme:pm-formalisation-of-micro-food-processing-enterprises,GovernmentScheme,PM Formalisation of Micro Food Processing Enterprises,Package007_Government_Schemes,sch-019,PUBLISHED,PUBLISHED,2026-07-25,2026-07-25,73,VST-NEEDS_REVIEW
vw:governmentscheme:pm-poshan-shakti-nirman,GovernmentScheme,PM Poshan Shakti Nirman,Package007_Government_Schemes,sch-030,PUBLISHED,PUBLISHED,2026-07-25,2026-07-25,74,VST-NEEDS_REVIEW
vw:governmentscheme:pm-surya-ghar-muft-bijli-yojana,GovernmentScheme,PM Surya Ghar: Muft Bijli Yojana,Package007_Government_Schemes,sch-040,PUBLISHED,PUBLISHED,2026-07-25,2026-07-25,71,VST-NEEDS_REVIEW
vw:governmentscheme:pm-vishwakarma,GovernmentScheme,PM Vishwakarma,Package007_Government_Schemes,sch-018,PUBLISHED,PUBLISHED,2026-07-25,2026-07-25,73,VST-NEEDS_REVIEW
vw:governmentscheme:pm-young-achievers-scholarship-award-scheme-for-vibrant-india,GovernmentScheme,PM Young Achievers Scholarship Award Scheme for Vibrant India,Package007_Government_Schemes,sch-027,PUBLISHED,PUBLISHED,2026-07-25,2026-07-25,72,VST-NEEDS_REVIEW
vw:governmentscheme:paramparagat-krishi-vikas-yojana,GovernmentScheme,Paramparagat Krishi Vikas Yojana,Package007_Government_Schemes,sch-010,PUBLISHED,PUBLISHED,2026-07-25,2026-07-25,72,VST-NEEDS_REVIEW
vw:governmentscheme:post-matric-scholarship-for-scheduled-caste-students,GovernmentScheme,Post-Matric Scholarship for Scheduled Caste Students,Package007_Government_Schemes,sch-028,PUBLISHED,PUBLISHED,2026-07-25,2026-07-25,74,VST-NEEDS_REVIEW
vw:governmentscheme:pradhan-mantri-awas-yojana-gramin,GovernmentScheme,Pradhan Mantri Awas Yojana - Gramin,Package007_Government_Schemes,sch-036,PUBLISHED,PUBLISHED,2026-07-25,2026-07-25,75,VST-NEEDS_REVIEW
vw:governmentscheme:pradhan-mantri-awas-yojana-urban,GovernmentScheme,Pradhan Mantri Awas Yojana - Urban,Package007_Government_Schemes,sch-037,PUBLISHED,PUBLISHED,2026-07-25,2026-07-25,74,VST-NEEDS_REVIEW
vw:governmentscheme:pradhan-mantri-fasal-bima-yojana,GovernmentScheme,Pradhan Mantri Fasal Bima Yojana,Package007_Government_Schemes,sch-006,PUBLISHED,PUBLISHED,2026-07-25,2026-07-25,76,VST-NEEDS_REVIEW
vw:governmentscheme:pradhan-mantri-jan-dhan-yojana,GovernmentScheme,Pradhan Mantri Jan Dhan Yojana,Package007_Government_Schemes,sch-001,PUBLISHED,PUBLISHED,2026-07-25,2026-07-25,78,VST-NEEDS_REVIEW
vw:governmentscheme:pradhan-mantri-jeevan-jyoti-bima-yojana,GovernmentScheme,Pradhan Mantri Jeevan Jyoti Bima Yojana,Package007_Government_Schemes,sch-003,PUBLISHED,PUBLISHED,2026-07-25,2026-07-25,76,VST-NEEDS_REVIEW
vw:governmentscheme:pradhan-mantri-kaushal-vikas-yojana-4-0,GovernmentScheme,Pradhan Mantri Kaushal Vikas Yojana 4.0,Package007_Government_Schemes,sch-021,PUBLISHED,PUBLISHED,2026-07-25,2026-07-25,76,VST-NEEDS_REVIEW
vw:governmentscheme:pradhan-mantri-kisan-samman-nidhi,GovernmentScheme,Pradhan Mantri Kisan Samman Nidhi,Package007_Government_Schemes,sch-005,PUBLISHED,PUBLISHED,2026-07-25,2026-07-25,78,VST-NEEDS_REVIEW
vw:governmentscheme:pradhan-mantri-kisan-urja-suraksha-evam-utthaan-mahabhiyan,GovernmentScheme,Pradhan Mantri Kisan Urja Suraksha evam Utthaan Mahabhiyan,Package007_Government_Schemes,sch-013,PUBLISHED,PUBLISHED,2026-07-25,2026-07-25,72,VST-NEEDS_REVIEW
vw:governmentscheme:pradhan-mantri-krishi-sinchayee-yojana,GovernmentScheme,Pradhan Mantri Krishi Sinchayee Yojana,Package007_Government_Schemes,sch-008,PUBLISHED,PUBLISHED,2026-07-25,2026-07-25,74,VST-NEEDS_REVIEW
vw:governmentscheme:pradhan-mantri-mudra-yojana,GovernmentScheme,Pradhan Mantri MUDRA Yojana,Package007_Government_Schemes,sch-015,PUBLISHED,PUBLISHED,2026-07-25,2026-07-25,77,VST-NEEDS_REVIEW
vw:governmentscheme:pradhan-mantri-matru-vandana-yojana,GovernmentScheme,Pradhan Mantri Matru Vandana Yojana,Package007_Government_Schemes,sch-033,PUBLISHED,PUBLISHED,2026-07-25,2026-07-25,73,VST-NEEDS_REVIEW
vw:governmentscheme:pradhan-mantri-national-apprenticeship-promotion-scheme,GovernmentScheme,Pradhan Mantri National Apprenticeship Promotion Scheme,Package007_Government_Schemes,sch-022,PUBLISHED,PUBLISHED,2026-07-25,2026-07-25,75,VST-NEEDS_REVIEW
vw:governmentscheme:pradhan-mantri-suraksha-bima-yojana,GovernmentScheme,Pradhan Mantri Suraksha Bima Yojana,Package007_Government_Schemes,sch-002,PUBLISHED,PUBLISHED,2026-07-25,2026-07-25,76,VST-NEEDS_REVIEW
vw:governmentscheme:prime-minister-s-employment-generation-programme,GovernmentScheme,Prime Minister's Employment Generation Programme,Package007_Government_Schemes,sch-014,PUBLISHED,PUBLISHED,2026-07-25,2026-07-25,76,VST-NEEDS_REVIEW
vw:governmentscheme:samagra-shiksha,GovernmentScheme,Samagra Shiksha,Package007_Government_Schemes,sch-029,PUBLISHED,PUBLISHED,2026-07-25,2026-07-25,73,VST-NEEDS_REVIEW
vw:governmentscheme:skill-loan-scheme,GovernmentScheme,Skill Loan Scheme,Package007_Government_Schemes,sch-024,PUBLISHED,PUBLISHED,2026-07-25,2026-07-25,70,VST-NEEDS_REVIEW
vw:governmentscheme:soil-health-card-scheme,GovernmentScheme,Soil Health Card Scheme,Package007_Government_Schemes,sch-011,PUBLISHED,PUBLISHED,2026-07-25,2026-07-25,74,VST-NEEDS_REVIEW
vw:governmentscheme:stand-up-india-scheme,GovernmentScheme,Stand-Up India Scheme,Package007_Government_Schemes,sch-016,PUBLISHED,PUBLISHED,2026-07-25,2026-07-25,75,VST-NEEDS_REVIEW
vw:governmentscheme:startup-india-seed-fund-scheme,GovernmentScheme,Startup India Seed Fund Scheme,Package007_Government_Schemes,sch-020,PUBLISHED,PUBLISHED,2026-07-25,2026-07-25,72,VST-NEEDS_REVIEW
vw:governmentscheme:sub-mission-on-agricultural-mechanization,GovernmentScheme,Sub-Mission on Agricultural Mechanization,Package007_Government_Schemes,sch-009,PUBLISHED,PUBLISHED,2026-07-25,2026-07-25,75,VST-NEEDS_REVIEW
vw:industry:ai-tooling-ai-credit-scoring-and-cash-flow-forecasting,Industry,AI Tooling: AI Credit Scoring and Cash Flow Forecasting,Package008_MSME,ait-012,PUBLISHED,PUBLISHED,2026-07-25,2026-07-25,58,VST-NEEDS_REVIEW
vw:industry:ai-tooling-ai-quality-inspection,Industry,AI Tooling: AI Quality Inspection,Package008_MSME,ait-006,PUBLISHED,PUBLISHED,2026-07-25,2026-07-25,58,VST-NEEDS_REVIEW
vw:industry:ai-tooling-accounting-and-gst-software,Industry,AI Tooling: Accounting and GST Software,Package008_MSME,ait-003,PUBLISHED,PUBLISHED,2026-07-25,2026-07-25,72,VST-NEEDS_REVIEW
vw:industry:ai-tooling-crm-system,Industry,AI Tooling: CRM System,Package008_MSME,ait-002,PUBLISHED,PUBLISHED,2026-07-25,2026-07-25,68,VST-NEEDS_REVIEW
vw:industry:ai-tooling-computer-vision-sorting-and-grading,Industry,AI Tooling: Computer Vision Sorting and Grading,Package008_MSME,ait-007,PUBLISHED,PUBLISHED,2026-07-25,2026-07-25,57,VST-NEEDS_REVIEW
vw:industry:ai-tooling-customer-service-chatbot,Industry,AI Tooling: Customer Service Chatbot,Package008_MSME,ait-009,PUBLISHED,PUBLISHED,2026-07-25,2026-07-25,64,VST-NEEDS_REVIEW
vw:industry:ai-tooling-digital-marketing-and-ad-automation,Industry,AI Tooling: Digital Marketing and Ad Automation,Package008_MSME,ait-008,PUBLISHED,PUBLISHED,2026-07-25,2026-07-25,66,VST-NEEDS_REVIEW
vw:industry:ai-tooling-erp-system,Industry,AI Tooling: ERP System,Package008_MSME,ait-001,PUBLISHED,PUBLISHED,2026-07-25,2026-07-25,68,VST-NEEDS_REVIEW
vw:industry:ai-tooling-generative-ai-for-content-and-documentation,Industry,AI Tooling: Generative AI for Content and Documentation,Package008_MSME,ait-010,PUBLISHED,PUBLISHED,2026-07-25,2026-07-25,62,VST-NEEDS_REVIEW
vw:industry:ai-tooling-inventory-and-warehouse-management,Industry,AI Tooling: Inventory and Warehouse Management,Package008_MSME,ait-004,PUBLISHED,PUBLISHED,2026-07-25,2026-07-25,66,VST-NEEDS_REVIEW
vw:industry:ai-tooling-predictive-maintenance,Industry,AI Tooling: Predictive Maintenance,Package008_MSME,ait-005,PUBLISHED,PUBLISHED,2026-07-25,2026-07-25,58,VST-NEEDS_REVIEW
vw:industry:ai-tooling-workflow-and-robotic-process-automation,Industry,AI Tooling: Workflow and Robotic Process Automation,Package008_MSME,ait-011,PUBLISHED,PUBLISHED,2026-07-25,2026-07-25,60,VST-NEEDS_REVIEW
vw:industry:agritech-ai-enhanced-weather-forecasting,Industry,AgriTech: AI-Enhanced Weather Forecasting,Package005_Agriculture,apa-007,PUBLISHED,PUBLISHED,2026-07-25,2026-07-25,66,VST-NEEDS_REVIEW
vw:industry:agritech-autonomous-and-assisted-tractors,Industry,AgriTech: Autonomous and Assisted Tractors,Package005_Agriculture,apa-009,PUBLISHED,PUBLISHED,2026-07-25,2026-07-25,52,VST-NEEDS_REVIEW
vw:industry:agritech-computer-vision-grading-and-sorting,Industry,AgriTech: Computer Vision Grading and Sorting,Package005_Agriculture,apa-006,PUBLISHED,PUBLISHED,2026-07-25,2026-07-25,57,VST-NEEDS_REVIEW
vw:industry:agritech-digital-twin-farm-simulation,Industry,AgriTech: Digital Twin Farm Simulation,Package005_Agriculture,apa-010,PUBLISHED,PUBLISHED,2026-07-25,2026-07-25,50,VST-NEEDS_REVIEW
vw:industry:agritech-disease-and-pest-detection,Industry,AgriTech: Disease and Pest Detection,Package005_Agriculture,apa-005,PUBLISHED,PUBLISHED,2026-07-25,2026-07-25,58,VST-NEEDS_REVIEW
vw:industry:agritech-drone-based-spraying,Industry,AgriTech: Drone-Based Spraying,Package005_Agriculture,apa-003,PUBLISHED,PUBLISHED,2026-07-25,2026-07-25,63,VST-NEEDS_REVIEW
vw:industry:agritech-farm-robotics-weeding-and-harvest,Industry,AgriTech: Farm Robotics (Weeding and Harvest),Package005_Agriculture,apa-008,PUBLISHED,PUBLISHED,2026-07-25,2026-07-25,52,VST-NEEDS_REVIEW
vw:industry:agritech-iot-soil-and-weather-sensing,Industry,AgriTech: IoT Soil and Weather Sensing,Package005_Agriculture,apa-002,PUBLISHED,PUBLISHED,2026-07-25,2026-07-25,62,VST-NEEDS_REVIEW
vw:industry:agritech-satellite-crop-monitoring,Industry,AgriTech: Satellite Crop Monitoring,Package005_Agriculture,apa-001,PUBLISHED,PUBLISHED,2026-07-25,2026-07-25,64,VST-NEEDS_REVIEW
vw:industry:agritech-yield-prediction-models,Industry,AgriTech: Yield Prediction Models,Package005_Agriculture,apa-004,PUBLISHED,PUBLISHED,2026-07-25,2026-07-25,58,VST-NEEDS_REVIEW
vw:industry:agriculture-and-agro-processing,Industry,Agriculture & Agro-Processing,Package004_Industries,p006:agriculture-and-agro-processing,PUBLISHED,PUBLISHED,2026-07-25,2026-07-25,68,VST-NEEDS_REVIEW
vw:industry:agriculture-and-allied,Industry,Agriculture & Allied,Package004_Industries,category:agriculture-and-allied,PUBLISHED,PUBLISHED,2026-07-25,2026-07-25,56,VST-NEEDS_REVIEW
vw:industry:agriculture-and-allied-livelihoods,Industry,Agriculture & Allied Livelihoods,Package004_Industries,category:agriculture-and-allied-livelihoods,PUBLISHED,PUBLISHED,2026-07-25,2026-07-25,81,VST-NEEDS_REVIEW
vw:industry:agriculture-commercial-crops,Industry,Agriculture: Commercial Crops,Package005_Agriculture,cc-005,PUBLISHED,PUBLISHED,2026-07-25,2026-07-25,77,VST-NEEDS_REVIEW
vw:industry:agriculture-food-grains,Industry,Agriculture: Food Grains,Package005_Agriculture,cc-001,PUBLISHED,PUBLISHED,2026-07-25,2026-07-25,78,VST-NEEDS_REVIEW
vw:industry:agriculture-fruits,Industry,Agriculture: Fruits,Package005_Agriculture,cc-007,PUBLISHED,PUBLISHED,2026-07-25,2026-07-25,77,VST-NEEDS_REVIEW
vw:industry:agriculture-medicinal-plants,Industry,Agriculture: Medicinal Plants,Package005_Agriculture,cc-009,PUBLISHED,PUBLISHED,2026-07-25,2026-07-25,70,VST-NEEDS_REVIEW
vw:industry:agriculture-millets,Industry,Agriculture: Millets,Package005_Agriculture,cc-002,PUBLISHED,PUBLISHED,2026-07-25,2026-07-25,76,VST-NEEDS_REVIEW
vw:industry:agriculture-oil-seeds,Industry,Agriculture: Oil Seeds,Package005_Agriculture,cc-004,PUBLISHED,PUBLISHED,2026-07-25,2026-07-25,77,VST-NEEDS_REVIEW
vw:industry:agriculture-plantation-crops,Industry,Agriculture: Plantation Crops,Package005_Agriculture,cc-010,PUBLISHED,PUBLISHED,2026-07-25,2026-07-25,74,VST-NEEDS_REVIEW
vw:industry:agriculture-pulses,Industry,Agriculture: Pulses,Package005_Agriculture,cc-003,PUBLISHED,PUBLISHED,2026-07-25,2026-07-25,77,VST-NEEDS_REVIEW
vw:industry:agriculture-spices,Industry,Agriculture: Spices,Package005_Agriculture,cc-008,PUBLISHED,PUBLISHED,2026-07-25,2026-07-25,77,VST-NEEDS_REVIEW
vw:industry:agriculture-vegetables,Industry,Agriculture: Vegetables,Package005_Agriculture,cc-006,PUBLISHED,PUBLISHED,2026-07-25,2026-07-25,76,VST-NEEDS_REVIEW
vw:industry:artificial-intelligence,Industry,Artificial Intelligence,Package008_MSME,mc-016,PUBLISHED,PUBLISHED,2026-07-25,2026-07-25,64,VST-NEEDS_REVIEW
vw:industry:automotive-repair-and-services,Industry,Automotive Repair & Services,Package004_Industries,p006:automotive-repair-and-services,PUBLISHED,PUBLISHED,2026-07-25,2026-07-25,68,VST-NEEDS_REVIEW
vw:industry:chemical,Industry,Chemical,Package008_MSME,mc-010,PUBLISHED,PUBLISHED,2026-07-25,2026-07-25,71,VST-NEEDS_REVIEW
vw:industry:construction,Industry,Construction,Package008_MSME,mc-011,PUBLISHED,PUBLISHED,2026-07-25,2026-07-25,73,VST-NEEDS_REVIEW
vw:industry:construction-and-real-estate,Industry,Construction & Real Estate,Package004_Industries,p006:construction-and-real-estate,PUBLISHED,PUBLISHED,2026-07-25,2026-07-25,68,VST-NEEDS_REVIEW
vw:industry:construction-and-skilled-trades,Industry,Construction & Skilled Trades,Package004_Industries,category:construction-and-skilled-trades,PUBLISHED,PUBLISHED,2026-07-25,2026-07-25,74,VST-NEEDS_REVIEW
vw:industry:creative-industries,Industry,Creative Industries,Package008_MSME,mc-020,PUBLISHED,PUBLISHED,2026-07-25,2026-07-25,66,VST-NEEDS_REVIEW
vw:industry:education-and-training,Industry,Education and Training,Package008_MSME,mc-022,PUBLISHED,PUBLISHED,2026-07-25,2026-07-25,69,VST-NEEDS_REVIEW
vw:industry:electric-vehicles,Industry,Electric Vehicles,Package008_MSME,mc-017,PUBLISHED,PUBLISHED,2026-07-25,2026-07-25,68,VST-NEEDS_REVIEW
vw:industry:electronics,Industry,Electronics,Package008_MSME,mc-006,PUBLISHED,PUBLISHED,2026-07-25,2026-07-25,73,VST-NEEDS_REVIEW
vw:industry:engineering,Industry,Engineering,Package008_MSME,mc-005,PUBLISHED,PUBLISHED,2026-07-25,2026-07-25,75,VST-NEEDS_REVIEW
vw:industry:finance-and-banking,Industry,Finance & Banking,Package004_Industries,p006:finance-and-banking,PUBLISHED,PUBLISHED,2026-07-25,2026-07-25,68,VST-NEEDS_REVIEW
vw:industry:food-and-beverage-manufacturing,Industry,Food & Beverage Manufacturing,Package004_Industries,p006:food-and-beverage-manufacturing,PUBLISHED,PUBLISHED,2026-07-25,2026-07-25,68,VST-NEEDS_REVIEW
vw:industry:food-processing,Industry,Food Processing,Package008_MSME,mc-004,PUBLISHED,PUBLISHED,2026-07-25,2026-07-25,76,VST-NEEDS_REVIEW
vw:industry:healthcare,Industry,Healthcare,Package008_MSME,mc-008,PUBLISHED,PUBLISHED,2026-07-25,2026-07-25,70,VST-NEEDS_REVIEW
vw:industry:healthcare-services,Industry,Healthcare Services,Package004_Industries,p006:healthcare-services,PUBLISHED,PUBLISHED,2026-07-25,2026-07-25,68,VST-NEEDS_REVIEW
vw:industry:hospitality-and-tourism,Industry,Hospitality & Tourism,Package004_Industries,p006:hospitality-and-tourism,PUBLISHED,PUBLISHED,2026-07-25,2026-07-25,68,VST-NEEDS_REVIEW
vw:industry:industrial-automation,Industry,Industrial Automation,Package008_MSME,mc-014,PUBLISHED,PUBLISHED,2026-07-25,2026-07-25,68,VST-NEEDS_REVIEW
vw:industry:information-technology,Industry,Information Technology,Package008_MSME,mc-012,PUBLISHED,PUBLISHED,2026-07-25,2026-07-25,76,VST-NEEDS_REVIEW
vw:industry:local-entrepreneurship-digital-services,Industry,Local Entrepreneurship / Digital Services,Package004_Industries,category:local-entrepreneurship-digital-services,PUBLISHED,PUBLISHED,2026-07-25,2026-07-25,74,VST-NEEDS_REVIEW
vw:industry:local-entrepreneurship-fashion-and-apparel,Industry,Local Entrepreneurship / Fashion & Apparel,Package004_Industries,category:local-entrepreneurship-fashion-and-apparel,PUBLISHED,PUBLISHED,2026-07-25,2026-07-25,76,VST-NEEDS_REVIEW
vw:industry:local-entrepreneurship-rural-digital-commerce,Industry,Local Entrepreneurship / Rural Digital Commerce,Package004_Industries,category:local-entrepreneurship-rural-digital-commerce,PUBLISHED,PUBLISHED,2026-07-25,2026-07-25,67,VST-NEEDS_REVIEW
vw:industry:logistics-and-e-commerce,Industry,Logistics & E-commerce,Package004_Industries,p006:logistics-and-e-commerce,PUBLISHED,PUBLISHED,2026-07-25,2026-07-25,68,VST-NEEDS_REVIEW
vw:industry:logistics-and-warehousing,Industry,Logistics and Warehousing,Package008_MSME,mc-019,PUBLISHED,PUBLISHED,2026-07-25,2026-07-25,73,VST-NEEDS_REVIEW
vw:industry:manufacturing,Industry,Manufacturing,Package004_Industries,category:manufacturing,PUBLISHED,PUBLISHED,2026-07-25,2026-07-25,55,VST-NEEDS_REVIEW
vw:industry:manufacturing-automotive,Industry,Manufacturing (Automotive),Package004_Industries,p006:manufacturing-automotive,PUBLISHED,PUBLISHED,2026-07-25,2026-07-25,68,VST-NEEDS_REVIEW
vw:industry:manufacturing-electronics,Industry,Manufacturing (Electronics),Package004_Industries,p006:manufacturing-electronics,PUBLISHED,PUBLISHED,2026-07-25,2026-07-25,68,VST-NEEDS_REVIEW
vw:industry:manufacturing-general,Industry,Manufacturing (General),Package004_Industries,p006:manufacturing-general,PUBLISHED,PUBLISHED,2026-07-25,2026-07-25,68,VST-NEEDS_REVIEW
vw:industry:media-and-content-creation,Industry,Media & Content Creation,Package004_Industries,p006:media-and-content-creation,PUBLISHED,PUBLISHED,2026-07-25,2026-07-25,68,VST-NEEDS_REVIEW
vw:industry:power-and-utilities,Industry,Power & Utilities,Package004_Industries,p006:power-and-utilities,PUBLISHED,PUBLISHED,2026-07-25,2026-07-25,68,VST-NEEDS_REVIEW
vw:industry:recycling-and-circular-economy,Industry,Recycling and Circular Economy,Package008_MSME,mc-024,PUBLISHED,PUBLISHED,2026-07-25,2026-07-25,66,VST-NEEDS_REVIEW
vw:industry:renewable-energy,Industry,Renewable Energy,Package008_MSME,mc-013,PUBLISHED,PUBLISHED,2026-07-25,2026-07-25,72,VST-NEEDS_REVIEW
vw:industry:retail-and-local-commerce,Industry,Retail & Local Commerce,Package004_Industries,category:retail-and-local-commerce,PUBLISHED,PUBLISHED,2026-07-25,2026-07-25,85,VST-NEEDS_REVIEW
vw:industry:retail-and-local-commerce-creator-economy,Industry,Retail & Local Commerce / Creator Economy,Package004_Industries,category:retail-and-local-commerce-creator-economy,PUBLISHED,PUBLISHED,2026-07-25,2026-07-25,70,VST-NEEDS_REVIEW
vw:industry:robotics,Industry,Robotics,Package008_MSME,mc-015,PUBLISHED,PUBLISHED,2026-07-25,2026-07-25,62,VST-NEEDS_REVIEW
vw:industry:semiconductors,Industry,Semiconductors,Package008_MSME,mc-018,PUBLISHED,PUBLISHED,2026-07-25,2026-07-25,58,VST-NEEDS_REVIEW
vw:industry:services,Industry,Services,Package008_MSME,mc-002,PUBLISHED,PUBLISHED,2026-07-25,2026-07-25,77,VST-NEEDS_REVIEW
vw:industry:technology,Industry,Technology,Package004_Industries,category:technology,PUBLISHED,PUBLISHED,2026-07-25,2026-07-25,82,VST-NEEDS_REVIEW
vw:industry:technology-it-services,Industry,Technology (IT Services),Package004_Industries,p006:technology-it-services,PUBLISHED,PUBLISHED,2026-07-25,2026-07-25,68,VST-NEEDS_REVIEW
vw:industry:textiles-and-apparel,Industry,Textiles and Apparel,Package008_MSME,mc-009,PUBLISHED,PUBLISHED,2026-07-25,2026-07-25,74,VST-NEEDS_REVIEW
vw:industry:tourism-and-hospitality,Industry,Tourism & Hospitality,Package004_Industries,category:tourism-and-hospitality,PUBLISHED,PUBLISHED,2026-07-25,2026-07-25,85,VST-NEEDS_REVIEW
vw:industry:trading,Industry,Trading,Package008_MSME,mc-003,PUBLISHED,PUBLISHED,2026-07-25,2026-07-25,74,VST-NEEDS_REVIEW
vw:industry:waste-management,Industry,Waste Management,Package008_MSME,mc-023,PUBLISHED,PUBLISHED,2026-07-25,2026-07-25,68,VST-NEEDS_REVIEW
vw:institution:acharya-n-g-ranga-agricultural-university,Institution,Acharya N.G. Ranga Agricultural University,Package002_Education,9be365cc-f4e5-4369-a06b-948468454566,PUBLISHED,PUBLISHED,2026-07-25,2026-07-25,78,VST-NEEDS_REVIEW
vw:institution:acharya-nagarjuna-university,Institution,Acharya Nagarjuna University,Package002_Education,bde6c797-27ea-4f4d-b042-6b48fa0724bf,PUBLISHED,PUBLISHED,2026-07-25,2026-07-25,72,VST-NEEDS_REVIEW
vw:institution:adikavi-nannaya-university,Institution,Adikavi Nannaya University,Package002_Education,d714fafe-8b28-4dd7-8abf-6b36926dc668,PUBLISHED,PUBLISHED,2026-07-25,2026-07-25,76,VST-NEEDS_REVIEW
vw:institution:andhra-university,Institution,Andhra University,Package002_Education,755af8b4-067c-4a73-bfcf-0112610b525b,PUBLISHED,PUBLISHED,2026-07-25,2026-07-25,82,VST-NEEDS_REVIEW
vw:institution:anurag-university,Institution,Anurag University,Package002_Education,a12311e3-3816-47e7-99dd-7022d83cf8a8,PUBLISHED,PUBLISHED,2026-07-25,2026-07-25,75,VST-NEEDS_REVIEW
vw:institution:bits-pilani-hyderabad-campus,Institution,BITS Pilani Hyderabad Campus,Package002_Education,753bb5c3-0d8a-4768-8365-ae640487f749,PUBLISHED,PUBLISHED,2026-07-25,2026-07-25,78,VST-NEEDS_REVIEW
vw:institution:central-tribal-university-of-andhra-pradesh,Institution,Central Tribal University of Andhra Pradesh,Package002_Education,26f33706-81ac-4d71-84dd-ec5a26ee5287,PUBLISHED,PUBLISHED,2026-07-25,2026-07-25,69,VST-NEEDS_REVIEW
vw:institution:central-university-of-andhra-pradesh,Institution,Central University of Andhra Pradesh,Package002_Education,91e22d35-714a-4766-b5ae-0e5c852d4309,PUBLISHED,PUBLISHED,2026-07-25,2026-07-25,75,VST-NEEDS_REVIEW
vw:institution:damodaram-sanjivayya-national-law-university,Institution,Damodaram Sanjivayya National Law University,Package002_Education,34736c33-a21a-4f8a-9f01-28ae7c1d954a,PUBLISHED,PUBLISHED,2026-07-25,2026-07-25,76,VST-NEEDS_REVIEW
vw:institution:dr-b-r-ambedkar-open-university,Institution,Dr. B.R. Ambedkar Open University,Package002_Education,0e88e024-1079-41f9-b234-38525097b2a8,PUBLISHED,PUBLISHED,2026-07-25,2026-07-25,80,VST-NEEDS_REVIEW
vw:institution:dr-b-r-ambedkar-university-srikakulam,Institution,"Dr. B.R. Ambedkar University, Srikakulam",Package002_Education,3f52daed-8ebd-4abb-b92c-16303064827a,PUBLISHED,PUBLISHED,2026-07-25,2026-07-25,73,VST-NEEDS_REVIEW
vw:institution:dr-ntr-university-of-health-sciences,Institution,Dr. NTR University of Health Sciences,Package002_Education,249eed6e-07ad-4968-a69c-dac5ff6c4b43,PUBLISHED,PUBLISHED,2026-07-25,2026-07-25,76,VST-NEEDS_REVIEW
vw:institution:dr-y-s-r-horticultural-university,Institution,Dr. Y.S.R. Horticultural University,Package002_Education,3addb75f-a34d-446e-a80e-122a40a41543,PUBLISHED,PUBLISHED,2026-07-25,2026-07-25,76,VST-NEEDS_REVIEW
vw:institution:dravidian-university,Institution,Dravidian University,Package002_Education,544b8769-eeca-447d-857c-d2de7f657362,PUBLISHED,PUBLISHED,2026-07-25,2026-07-25,76,VST-NEEDS_REVIEW
vw:institution:english-and-foreign-languages-university,Institution,English and Foreign Languages University,Package002_Education,67ebaa10-de28-49b4-9f30-6142b1818b7d,PUBLISHED,PUBLISHED,2026-07-25,2026-07-25,78,VST-NEEDS_REVIEW
vw:institution:gitam-deemed-to-be-university,Institution,GITAM (Deemed to be University),Package002_Education,3fd4f65e-19a5-4ae2-adeb-069070bb45fc,PUBLISHED,PUBLISHED,2026-07-25,2026-07-25,80,VST-NEEDS_REVIEW
vw:institution:icfai-foundation-for-higher-education,Institution,ICFAI Foundation for Higher Education,Package002_Education,7842fedc-523a-4060-80e0-578bdc8a55b8,PUBLISHED,PUBLISHED,2026-07-25,2026-07-25,76,VST-NEEDS_REVIEW
vw:institution:indian-institute-of-science-education-and-research-tirupati,Institution,"Indian Institute of Science Education and Research, Tirupati",Package002_Education,54cde72a-a7d1-4de0-9ab3-038b971dc596,PUBLISHED,PUBLISHED,2026-07-25,2026-07-25,74,VST-NEEDS_REVIEW
vw:institution:indian-institute-of-technology-hyderabad,Institution,Indian Institute of Technology Hyderabad,Package002_Education,b674a2b9-7070-4df6-ac25-b126a4b26ff3,PUBLISHED,PUBLISHED,2026-07-25,2026-07-25,82,VST-NEEDS_REVIEW
vw:institution:indian-institute-of-technology-tirupati,Institution,Indian Institute of Technology Tirupati,Package002_Education,2d3ac435-3ebe-4885-b30d-dbe5a0058750,PUBLISHED,PUBLISHED,2026-07-25,2026-07-25,76,VST-NEEDS_REVIEW
vw:institution:international-institute-of-information-technology-hyderabad,Institution,"International Institute of Information Technology, Hyderabad",Package002_Education,b86d656f-e4de-47b2-a12e-2447b784fca5,PUBLISHED,PUBLISHED,2026-07-25,2026-07-25,78,VST-NEEDS_REVIEW
vw:institution:jawaharlal-nehru-architecture-and-fine-arts-university,Institution,Jawaharlal Nehru Architecture and Fine Arts University,Package002_Education,f4de3a52-8e43-4040-86cd-00910cb6f612,PUBLISHED,PUBLISHED,2026-07-25,2026-07-25,74,VST-NEEDS_REVIEW
vw:institution:jawaharlal-nehru-technological-university-gurajada-vizianagaram,Institution,"Jawaharlal Nehru Technological University - Gurajada, Vizianagaram",Package002_Education,10374146-0423-4e16-b07e-a6dbfe618b50,PUBLISHED,PUBLISHED,2026-07-25,2026-07-25,70,VST-NEEDS_REVIEW
vw:institution:jawaharlal-nehru-technological-university-anantapur,Institution,Jawaharlal Nehru Technological University Anantapur,Package002_Education,f9051ed5-b457-4578-b3ec-f4d8e37a4bdf,PUBLISHED,PUBLISHED,2026-07-25,2026-07-25,78,VST-NEEDS_REVIEW
vw:institution:jawaharlal-nehru-technological-university-hyderabad,Institution,Jawaharlal Nehru Technological University Hyderabad,Package002_Education,11aec6c8-707c-4f14-939e-c451e18d3d88,PUBLISHED,PUBLISHED,2026-07-25,2026-07-25,80,VST-NEEDS_REVIEW
vw:institution:jawaharlal-nehru-technological-university-kakinada,Institution,Jawaharlal Nehru Technological University Kakinada,Package002_Education,a2c747dc-bd00-484e-9188-64b984300228,PUBLISHED,PUBLISHED,2026-07-25,2026-07-25,76,VST-NEEDS_REVIEW
vw:institution:kakatiya-university,Institution,Kakatiya University,Package002_Education,2ed46023-bd75-4442-952b-9b8d06dec6f5,PUBLISHED,PUBLISHED,2026-07-25,2026-07-25,76,VST-NEEDS_REVIEW
vw:institution:kaloji-narayana-rao-university-of-health-sciences,Institution,Kaloji Narayana Rao University of Health Sciences,Package002_Education,6beabd72-8044-464a-9873-dd2151ba8590,PUBLISHED,PUBLISHED,2026-07-25,2026-07-25,78,VST-NEEDS_REVIEW
vw:institution:koneru-lakshmaiah-education-foundation-kl-university,Institution,Koneru Lakshmaiah Education Foundation (KL University),Package002_Education,b215a83a-c5d1-49a5-b861-4d489a8ce579,PUBLISHED,PUBLISHED,2026-07-25,2026-07-25,75,VST-NEEDS_REVIEW
vw:institution:krishna-university,Institution,Krishna University,Package002_Education,39a6f6e3-99c2-4c75-b30b-1743436b30f6,PUBLISHED,PUBLISHED,2026-07-25,2026-07-25,74,VST-NEEDS_REVIEW
vw:institution:mahatma-gandhi-university-telangana,Institution,Mahatma Gandhi University (Telangana),Package002_Education,1fbe1d3f-acec-4f4b-95e0-95ff0578cdf7,PUBLISHED,PUBLISHED,2026-07-25,2026-07-25,76,VST-NEEDS_REVIEW
vw:institution:mahindra-university,Institution,Mahindra University,Package002_Education,f4409738-5453-4798-a038-ed58429cb6ee,PUBLISHED,PUBLISHED,2026-07-25,2026-07-25,78,VST-NEEDS_REVIEW
vw:institution:malla-reddy-university,Institution,Malla Reddy University,Package002_Education,0b322d73-fc15-4cab-b224-af3ecf73ad6e,PUBLISHED,PUBLISHED,2026-07-25,2026-07-25,74,VST-NEEDS_REVIEW
vw:institution:maulana-azad-national-urdu-university,Institution,Maulana Azad National Urdu University,Package002_Education,c3320dc0-bbc5-4bed-a081-8e7d39a8c832,PUBLISHED,PUBLISHED,2026-07-25,2026-07-25,80,VST-NEEDS_REVIEW
vw:institution:nalsar-university-of-law,Institution,NALSAR University of Law,Package002_Education,092654bd-46f7-4d5d-81ce-ffc5ca6352c1,PUBLISHED,PUBLISHED,2026-07-25,2026-07-25,78,VST-NEEDS_REVIEW
vw:institution:national-institute-of-technology-andhra-pradesh,Institution,National Institute of Technology Andhra Pradesh,Package002_Education,5062a90f-150a-45a1-b3e8-2e79c32171d9,PUBLISHED,PUBLISHED,2026-07-25,2026-07-25,74,VST-NEEDS_REVIEW
vw:institution:national-institute-of-technology-warangal,Institution,National Institute of Technology Warangal,Package002_Education,40776488-4bd7-4392-ad9d-6970affdafdf,PUBLISHED,PUBLISHED,2026-07-25,2026-07-25,76,VST-NEEDS_REVIEW
vw:institution:national-sanskrit-university-tirupati,Institution,"National Sanskrit University, Tirupati",Package002_Education,8f1c6a2e-4b7d-4e3a-9c5f-1a2b3c4d5e6f,PUBLISHED,PUBLISHED,2026-07-25,2026-07-25,62,VST-NEEDS_REVIEW
vw:institution:osmania-university,Institution,Osmania University,Package002_Education,937b69b2-c808-4432-82a8-40c39ee0d038,PUBLISHED,PUBLISHED,2026-07-25,2026-07-25,80,VST-NEEDS_REVIEW
vw:institution:p-v-narsimha-rao-telangana-veterinary-university,Institution,P.V. Narsimha Rao Telangana Veterinary University,Package002_Education,73526a22-6f26-472d-8a85-ca5dc332ee33,PUBLISHED,PUBLISHED,2026-07-25,2026-07-25,78,VST-NEEDS_REVIEW
vw:institution:palamuru-university,Institution,Palamuru University,Package002_Education,f95e80b8-d7cc-4974-92c0-ce49dd14c032,PUBLISHED,PUBLISHED,2026-07-25,2026-07-25,78,VST-NEEDS_REVIEW
vw:institution:potti-sreeramulu-telugu-university,Institution,Potti Sreeramulu Telugu University,Package002_Education,d08cd2ab-d00a-4c99-93ff-f0bd8e81ecb1,PUBLISHED,PUBLISHED,2026-07-25,2026-07-25,73,VST-NEEDS_REVIEW
vw:institution:professor-jayashankar-telangana-state-agricultural-university,Institution,Professor Jayashankar Telangana State Agricultural University,Package002_Education,7aaa318b-f2a8-4621-8842-14f190ccd7ab,PUBLISHED,PUBLISHED,2026-07-25,2026-07-25,76,VST-NEEDS_REVIEW
vw:institution:rajiv-gandhi-university-of-knowledge-technologies-basar,Institution,"Rajiv Gandhi University of Knowledge Technologies, Basar",Package002_Education,76841166-0839-4c75-ba9b-bbc61b1df438,PUBLISHED,PUBLISHED,2026-07-25,2026-07-25,74,VST-NEEDS_REVIEW
vw:institution:rajiv-gandhi-university-of-knowledge-technologies-dr-apj-abdul-kalam-iiit-ongole,Institution,"Rajiv Gandhi University of Knowledge Technologies, Dr. APJ Abdul Kalam IIIT Ongole Campus",Package002_Education,9c0d1e2f-3a4b-4c5d-9e6f-7a8b9c0d1e2f,PUBLISHED,PUBLISHED,2026-07-25,2026-07-25,58,VST-NEEDS_REVIEW
vw:institution:rajiv-gandhi-university-of-knowledge-technologies-nuzvid,Institution,"Rajiv Gandhi University of Knowledge Technologies, Nuzvid",Package002_Education,628dddc2-f283-4bf7-93fd-2ff0e4b8cbd1,PUBLISHED,PUBLISHED,2026-07-25,2026-07-25,74,VST-NEEDS_REVIEW
vw:institution:rajiv-gandhi-university-of-knowledge-technologies-rk-valley,Institution,"Rajiv Gandhi University of Knowledge Technologies, RK Valley",Package002_Education,6a4b8c1d-9e2f-4d5a-b3c6-7d8e9f0a1b2c,PUBLISHED,PUBLISHED,2026-07-25,2026-07-25,60,VST-NEEDS_REVIEW
vw:institution:rajiv-gandhi-university-of-knowledge-technologies-srikakulam,Institution,"Rajiv Gandhi University of Knowledge Technologies, Srikakulam",Package002_Education,1e2f3a4b-5c6d-4e7f-8a9b-0c1d2e3f4a5b,PUBLISHED,PUBLISHED,2026-07-25,2026-07-25,58,VST-NEEDS_REVIEW
vw:institution:rayalaseema-university,Institution,Rayalaseema University,Package002_Education,5bb8a2d5-125d-4df3-8bc9-03cbc7b971bb,PUBLISHED,PUBLISHED,2026-07-25,2026-07-25,74,VST-NEEDS_REVIEW
vw:institution:sr-university,Institution,SR University,Package002_Education,21502b84-46cc-4173-af84-5635c0cc1463,PUBLISHED,PUBLISHED,2026-07-25,2026-07-25,74,VST-NEEDS_REVIEW
vw:institution:srm-university-ap,Institution,SRM University AP,Package002_Education,4ee2af6f-30a5-4687-b23b-e2359ba5539a,PUBLISHED,PUBLISHED,2026-07-25,2026-07-25,76,VST-NEEDS_REVIEW
vw:institution:satavahana-university,Institution,Satavahana University,Package002_Education,45312857-7549-47d5-826c-89f6c60987bd,PUBLISHED,PUBLISHED,2026-07-25,2026-07-25,78,VST-NEEDS_REVIEW
vw:institution:sreenidhi-university,Institution,Sreenidhi University,Package002_Education,75b3b0e1-4ffb-430b-a20b-ae5aaae183c1,PUBLISHED,PUBLISHED,2026-07-25,2026-07-25,63,VST-NEEDS_REVIEW
vw:institution:sri-krishnadevaraya-university,Institution,Sri Krishnadevaraya University,Package002_Education,e910dc9d-69b5-4e80-b45b-512470144c94,PUBLISHED,PUBLISHED,2026-07-25,2026-07-25,78,VST-NEEDS_REVIEW
vw:institution:sri-padmavati-mahila-visvavidyalayam-women-s-university,Institution,Sri Padmavati Mahila Visvavidyalayam (Women's University),Package002_Education,a67a3960-022f-4576-9c3a-b07b80b4348c,PUBLISHED,PUBLISHED,2026-07-25,2026-07-25,78,VST-NEEDS_REVIEW
vw:institution:sri-sathya-sai-institute-of-higher-learning,Institution,Sri Sathya Sai Institute of Higher Learning,Package002_Education,9a2a8b62-152e-4a19-a632-2c2bce62e7ad,PUBLISHED,PUBLISHED,2026-07-25,2026-07-25,74,VST-NEEDS_REVIEW
vw:institution:sri-venkateswara-institute-of-medical-sciences-svims,Institution,Sri Venkateswara Institute of Medical Sciences (SVIMS),Package002_Education,3d7e9f01-2c4b-4a6d-8e1f-5b6c7d8e9f0a,PUBLISHED,PUBLISHED,2026-07-25,2026-07-25,60,VST-NEEDS_REVIEW
vw:institution:sri-venkateswara-university,Institution,Sri Venkateswara University,Package002_Education,efdfd737-70c4-47ea-9dec-186665831969,PUBLISHED,PUBLISHED,2026-07-25,2026-07-25,80,VST-NEEDS_REVIEW
vw:institution:sri-venkateswara-veterinary-university,Institution,Sri Venkateswara Veterinary University,Package002_Education,ecd88b1e-a3b2-401b-86a4-da69ecc0f95d,PUBLISHED,PUBLISHED,2026-07-25,2026-07-25,78,VST-NEEDS_REVIEW
vw:institution:telangana-university,Institution,Telangana University,Package002_Education,98a8a591-1395-43b1-a976-379a54477ade,PUBLISHED,PUBLISHED,2026-07-25,2026-07-25,76,VST-NEEDS_REVIEW
vw:institution:university-of-hyderabad,Institution,University of Hyderabad,Package002_Education,372d53cd-e3c3-415c-8ca6-a6d17d28ee07,PUBLISHED,PUBLISHED,2026-07-25,2026-07-25,82,VST-NEEDS_REVIEW
vw:institution:vit-ap-university,Institution,VIT-AP University,Package002_Education,a57696d8-aa2a-4536-89d7-46bdecd42bfe,PUBLISHED,PUBLISHED,2026-07-25,2026-07-25,77,VST-NEEDS_REVIEW
vw:institution:vignan-s-foundation-for-science-technology-and-research-vfstr,Institution,"Vignan's Foundation for Science, Technology and Research (VFSTR)",Package002_Education,3cd05ca1-d26e-4ea1-9fe4-33abc31ace5f,PUBLISHED,PUBLISHED,2026-07-25,2026-07-25,74,VST-NEEDS_REVIEW
vw:institution:vikrama-simhapuri-university,Institution,Vikrama Simhapuri University,Package002_Education,0690d0cd-5c85-4e21-a28e-0cebc39db21d,PUBLISHED,PUBLISHED,2026-07-25,2026-07-25,72,VST-NEEDS_REVIEW
vw:institution:woxsen-university,Institution,Woxsen University,Package002_Education,89c10406-65a0-4118-bf5a-ba183d1603f5,PUBLISHED,PUBLISHED,2026-07-25,2026-07-25,73,VST-NEEDS_REVIEW
vw:institution:yogi-vemana-university,Institution,Yogi Vemana University,Package002_Education,b364f5b6-7d88-4f35-95f7-724483d6b816,PUBLISHED,PUBLISHED,2026-07-25,2026-07-25,76,VST-NEEDS_REVIEW
vw:msme:3d-printing-and-prototyping-service,MSME,3D Printing and Prototyping Service,Package008_MSME,mb-040,PUBLISHED,PUBLISHED,2026-07-25,2026-07-25,63,VST-NEEDS_REVIEW
vw:msme:ai-solutions-and-consulting,MSME,AI Solutions and Consulting,Package008_MSME,mb-016,PUBLISHED,PUBLISHED,2026-07-25,2026-07-25,66,VST-NEEDS_REVIEW
vw:msme:bio-fertiliser-and-vermicompost-unit,MSME,Bio-Fertiliser and Vermicompost Unit,Package008_MSME,mb-033,PUBLISHED,PUBLISHED,2026-07-25,2026-07-25,70,VST-NEEDS_REVIEW
vw:msme:cnc-machining-job-shop,MSME,CNC Machining Job Shop,Package008_MSME,mb-008,PUBLISHED,PUBLISHED,2026-07-25,2026-07-25,73,VST-NEEDS_REVIEW
vw:msme:cloud-kitchen,MSME,Cloud Kitchen,Package008_MSME,mb-007,PUBLISHED,PUBLISHED,2026-07-25,2026-07-25,66,VST-NEEDS_REVIEW
vw:msme:cold-storage-facility,MSME,Cold Storage Facility,Package008_MSME,mb-027,PUBLISHED,PUBLISHED,2026-07-25,2026-07-25,70,VST-NEEDS_REVIEW
vw:msme:cold-pressed-oil-unit,MSME,Cold-Pressed Oil Unit,Package008_MSME,mb-003,PUBLISHED,PUBLISHED,2026-07-25,2026-07-25,72,VST-NEEDS_REVIEW
vw:msme:custom-software-development-firm,MSME,Custom Software Development Firm,Package008_MSME,mb-014,PUBLISHED,PUBLISHED,2026-07-25,2026-07-25,74,VST-NEEDS_REVIEW
vw:msme:dal-milling-unit,MSME,Dal Milling Unit,Package008_MSME,mb-002,PUBLISHED,PUBLISHED,2026-07-25,2026-07-25,73,VST-NEEDS_REVIEW
vw:msme:detergent-and-cleaning-products-unit,MSME,Detergent and Cleaning Products Unit,Package008_MSME,mb-034,PUBLISHED,PUBLISHED,2026-07-25,2026-07-25,69,VST-NEEDS_REVIEW
vw:msme:diagnostic-laboratory,MSME,Diagnostic Laboratory,Package008_MSME,mb-035,PUBLISHED,PUBLISHED,2026-07-25,2026-07-25,68,VST-NEEDS_REVIEW
vw:msme:digital-marketing-agency,MSME,Digital Marketing Agency,Package008_MSME,mb-017,PUBLISHED,PUBLISHED,2026-07-25,2026-07-25,71,VST-NEEDS_REVIEW
vw:msme:drone-services-enterprise,MSME,Drone Services Enterprise,Package008_MSME,mb-039,PUBLISHED,PUBLISHED,2026-07-25,2026-07-25,64,VST-NEEDS_REVIEW
vw:msme:e-waste-dismantling-and-recovery,MSME,E-Waste Dismantling and Recovery,Package008_MSME,mb-032,PUBLISHED,PUBLISHED,2026-07-25,2026-07-25,65,VST-NEEDS_REVIEW
vw:msme:ev-charging-station-operator,MSME,EV Charging Station Operator,Package008_MSME,mb-022,PUBLISHED,PUBLISHED,2026-07-25,2026-07-25,65,VST-NEEDS_REVIEW
vw:msme:ev-two-wheeler-service-centre,MSME,EV Two-Wheeler Service Centre,Package008_MSME,mb-023,PUBLISHED,PUBLISHED,2026-07-25,2026-07-25,66,VST-NEEDS_REVIEW
vw:msme:electrical-panel-manufacturing,MSME,Electrical Panel Manufacturing,Package008_MSME,mb-012,PUBLISHED,PUBLISHED,2026-07-25,2026-07-25,71,VST-NEEDS_REVIEW
vw:msme:foundry-small-scale,MSME,Foundry (Small Scale),Package008_MSME,mb-013,PUBLISHED,PUBLISHED,2026-07-25,2026-07-25,68,VST-NEEDS_REVIEW
vw:msme:fruit-pulp-and-beverage-unit,MSME,Fruit Pulp and Beverage Unit,Package008_MSME,mb-006,PUBLISHED,PUBLISHED,2026-07-25,2026-07-25,69,VST-NEEDS_REVIEW
vw:msme:garment-manufacturing-unit,MSME,Garment Manufacturing Unit,Package008_MSME,mb-024,PUBLISHED,PUBLISHED,2026-07-25,2026-07-25,73,VST-NEEDS_REVIEW
vw:msme:handloom-and-handicraft-enterprise,MSME,Handloom and Handicraft Enterprise,Package008_MSME,mb-025,PUBLISHED,PUBLISHED,2026-07-25,2026-07-25,70,VST-NEEDS_REVIEW
vw:msme:homestay-and-rural-tourism-enterprise,MSME,Homestay and Rural Tourism Enterprise,Package008_MSME,mb-038,PUBLISHED,PUBLISHED,2026-07-25,2026-07-25,66,VST-NEEDS_REVIEW
vw:msme:it-hardware-and-network-services,MSME,IT Hardware and Network Services,Package008_MSME,mb-018,PUBLISHED,PUBLISHED,2026-07-25,2026-07-25,70,VST-NEEDS_REVIEW
vw:msme:industrial-automation-integration,MSME,Industrial Automation Integration,Package008_MSME,mb-011,PUBLISHED,PUBLISHED,2026-07-25,2026-07-25,68,VST-NEEDS_REVIEW
vw:msme:last-mile-delivery-fleet-operator,MSME,Last-Mile Delivery Fleet Operator,Package008_MSME,mb-029,PUBLISHED,PUBLISHED,2026-07-25,2026-07-25,68,VST-NEEDS_REVIEW
vw:msme:medical-devices-assembly-unit,MSME,Medical Devices Assembly Unit,Package008_MSME,mb-036,PUBLISHED,PUBLISHED,2026-07-25,2026-07-25,63,VST-NEEDS_REVIEW
vw:msme:millet-processing-unit,MSME,Millet Processing Unit,Package008_MSME,mb-005,PUBLISHED,PUBLISHED,2026-07-25,2026-07-25,70,VST-NEEDS_REVIEW
vw:msme:packaging-materials-unit,MSME,Packaging Materials Unit,Package008_MSME,mb-030,PUBLISHED,PUBLISHED,2026-07-25,2026-07-25,72,VST-NEEDS_REVIEW
vw:msme:plastic-waste-recycling-unit,MSME,Plastic Waste Recycling Unit,Package008_MSME,mb-031,PUBLISHED,PUBLISHED,2026-07-25,2026-07-25,68,VST-NEEDS_REVIEW
vw:msme:rice-milling-unit,MSME,Rice Milling Unit,Package008_MSME,mb-001,PUBLISHED,PUBLISHED,2026-07-25,2026-07-25,73,VST-NEEDS_REVIEW
vw:msme:rural-bpo-it-enabled-services-centre,MSME,Rural BPO / IT-Enabled Services Centre,Package008_MSME,mb-019,PUBLISHED,PUBLISHED,2026-07-25,2026-07-25,66,VST-NEEDS_REVIEW
vw:msme:saas-product-startup,MSME,SaaS Product Startup,Package008_MSME,mb-015,PUBLISHED,PUBLISHED,2026-07-25,2026-07-25,70,VST-NEEDS_REVIEW
vw:msme:sheet-metal-fabrication-unit,MSME,Sheet Metal Fabrication Unit,Package008_MSME,mb-009,PUBLISHED,PUBLISHED,2026-07-25,2026-07-25,72,VST-NEEDS_REVIEW
vw:msme:skill-training-centre,MSME,Skill Training Centre,Package008_MSME,mb-037,PUBLISHED,PUBLISHED,2026-07-25,2026-07-25,69,VST-NEEDS_REVIEW
vw:msme:solar-panel-assembly-unit,MSME,Solar Panel Assembly Unit,Package008_MSME,mb-021,PUBLISHED,PUBLISHED,2026-07-25,2026-07-25,66,VST-NEEDS_REVIEW
vw:msme:solar-rooftop-epc-contractor,MSME,Solar Rooftop EPC Contractor,Package008_MSME,mb-020,PUBLISHED,PUBLISHED,2026-07-25,2026-07-25,71,VST-NEEDS_REVIEW
vw:msme:spice-grinding-and-packing-unit,MSME,Spice Grinding and Packing Unit,Package008_MSME,mb-004,PUBLISHED,PUBLISHED,2026-07-25,2026-07-25,74,VST-NEEDS_REVIEW
vw:msme:technical-textiles-unit,MSME,Technical Textiles Unit,Package008_MSME,mb-026,PUBLISHED,PUBLISHED,2026-07-25,2026-07-25,66,VST-NEEDS_REVIEW
vw:msme:tool-and-die-making-unit,MSME,Tool and Die Making Unit,Package008_MSME,mb-010,PUBLISHED,PUBLISHED,2026-07-25,2026-07-25,71,VST-NEEDS_REVIEW
vw:msme:warehouse-and-distribution-centre,MSME,Warehouse and Distribution Centre,Package008_MSME,mb-028,PUBLISHED,PUBLISHED,2026-07-25,2026-07-25,70,VST-NEEDS_REVIEW
vw:machinery:ac-and-dc-charging-units,Machinery,AC and DC Charging Units,Package008_MSME,mmap-040,PUBLISHED,PUBLISHED,2026-07-25,2026-07-25,64,VST-NEEDS_REVIEW
vw:machinery:agricultural-drone,Machinery,Agricultural Drone,Package005_Agriculture,fm-006,PUBLISHED,PUBLISHED,2026-07-25,2026-07-25,64,VST-NEEDS_REVIEW
vw:machinery:aseptic-filling-line,Machinery,Aseptic Filling Line,Package008_MSME,mmap-015,PUBLISHED,PUBLISHED,2026-07-25,2026-07-25,64,VST-NEEDS_REVIEW
vw:machinery:automatic-weather-station-iot,Machinery,Automatic Weather Station (IoT),Package005_Agriculture,fm-016,PUBLISHED,PUBLISHED,2026-07-25,2026-07-25,62,VST-NEEDS_REVIEW
vw:machinery:battery-diagnostic-and-balancing-equipment,Machinery,Battery Diagnostic and Balancing Equipment,Package008_MSME,mmap-041,PUBLISHED,PUBLISHED,2026-07-25,2026-07-25,64,VST-NEEDS_REVIEW
vw:machinery:biochemistry-and-haematology-analysers,Machinery,Biochemistry and Haematology Analysers,Package008_MSME,mmap-060,PUBLISHED,PUBLISHED,2026-07-25,2026-07-25,66,VST-NEEDS_REVIEW
vw:machinery:boom-sprayer,Machinery,Boom Sprayer,Package005_Agriculture,fm-007,PUBLISHED,PUBLISHED,2026-07-25,2026-07-25,71,VST-NEEDS_REVIEW
vw:machinery:bottling-and-capping-line,Machinery,Bottling and Capping Line,Package008_MSME,mmap-008,PUBLISHED,PUBLISHED,2026-07-25,2026-07-25,65,VST-NEEDS_REVIEW
vw:machinery:busbar-bending-and-punching-machine,Machinery,Busbar Bending and Punching Machine,Package008_MSME,mmap-027,PUBLISHED,PUBLISHED,2026-07-25,2026-07-25,67,VST-NEEDS_REVIEW
vw:machinery:cnc-press-brake,Machinery,CNC Press Brake,Package008_MSME,mmap-021,PUBLISHED,PUBLISHED,2026-07-25,2026-07-25,69,VST-NEEDS_REVIEW
vw:machinery:cnc-turning-centre,Machinery,CNC Turning Centre,Package008_MSME,mmap-018,PUBLISHED,PUBLISHED,2026-07-25,2026-07-25,70,VST-NEEDS_REVIEW
vw:machinery:cnc-vertical-machining-centre,Machinery,CNC Vertical Machining Centre,Package008_MSME,mmap-019,PUBLISHED,PUBLISHED,2026-07-25,2026-07-25,70,VST-NEEDS_REVIEW
vw:machinery:cell-stringer-tabber,Machinery,Cell Stringer / Tabber,Package008_MSME,mmap-039,PUBLISHED,PUBLISHED,2026-07-25,2026-07-25,63,VST-NEEDS_REVIEW
vw:machinery:cleanroom-and-assembly-fixtures,Machinery,Cleanroom and Assembly Fixtures,Package008_MSME,mmap-061,PUBLISHED,PUBLISHED,2026-07-25,2026-07-25,61,VST-NEEDS_REVIEW
vw:machinery:cold-chain-reefer-transport,Machinery,Cold Chain / Reefer Transport,Package005_Agriculture,fm-014,PUBLISHED,PUBLISHED,2026-07-25,2026-07-25,65,VST-NEEDS_REVIEW
vw:machinery:cold-storage-unit,Machinery,Cold Storage Unit,Package005_Agriculture,fm-008,PUBLISHED,PUBLISHED,2026-07-25,2026-07-25,68,VST-NEEDS_REVIEW
vw:machinery:combine-harvester,Machinery,Combine Harvester,Package005_Agriculture,fm-004,PUBLISHED,PUBLISHED,2026-07-25,2026-07-25,70,VST-NEEDS_REVIEW
vw:machinery:commercial-kitchen-equipment-set,Machinery,Commercial Kitchen Equipment Set,Package008_MSME,mmap-017,PUBLISHED,PUBLISHED,2026-07-25,2026-07-25,64,VST-NEEDS_REVIEW
vw:machinery:coordinate-measuring-machine,Machinery,Coordinate Measuring Machine,Package008_MSME,mmap-020,PUBLISHED,PUBLISHED,2026-07-25,2026-07-25,66,VST-NEEDS_REVIEW
vw:machinery:corrugation-and-box-making-line,Machinery,Corrugation and Box Making Line,Package008_MSME,mmap-052,PUBLISHED,PUBLISHED,2026-07-25,2026-07-25,69,VST-NEEDS_REVIEW
vw:machinery:dal-mill-mini,Machinery,Dal Mill (Mini),Package005_Agriculture,fm-012,PUBLISHED,PUBLISHED,2026-07-25,2026-07-25,68,VST-NEEDS_REVIEW
vw:machinery:delivery-vehicle-fleet,Machinery,Delivery Vehicle Fleet,Package008_MSME,mmap-051,PUBLISHED,PUBLISHED,2026-07-25,2026-07-25,67,VST-NEEDS_REVIEW
vw:machinery:developer-workstations-and-cloud-infrastructure,Machinery,Developer Workstations and Cloud Infrastructure,Package008_MSME,mmap-030,PUBLISHED,PUBLISHED,2026-07-25,2026-07-25,70,VST-NEEDS_REVIEW
vw:machinery:diagnostic-and-networking-toolkit,Machinery,Diagnostic and Networking Toolkit,Package008_MSME,mmap-036,PUBLISHED,PUBLISHED,2026-07-25,2026-07-25,67,VST-NEEDS_REVIEW
vw:machinery:dismantling-workstations-and-shredder,Machinery,Dismantling Workstations and Shredder,Package008_MSME,mmap-056,PUBLISHED,PUBLISHED,2026-07-25,2026-07-25,63,VST-NEEDS_REVIEW
vw:machinery:edm-electrical-discharge-machine,Machinery,EDM (Electrical Discharge Machine),Package008_MSME,mmap-024,PUBLISHED,PUBLISHED,2026-07-25,2026-07-25,67,VST-NEEDS_REVIEW
vw:machinery:fdm-and-resin-3d-printers,Machinery,FDM and Resin 3D Printers,Package008_MSME,mmap-064,PUBLISHED,PUBLISHED,2026-07-25,2026-07-25,62,VST-NEEDS_REVIEW
vw:machinery:fabric-cutting-machine,Machinery,Fabric Cutting Machine,Package008_MSME,mmap-043,PUBLISHED,PUBLISHED,2026-07-25,2026-07-25,70,VST-NEEDS_REVIEW
vw:machinery:filling-and-sealing-line,Machinery,Filling and Sealing Line,Package008_MSME,mmap-059,PUBLISHED,PUBLISHED,2026-07-25,2026-07-25,66,VST-NEEDS_REVIEW
vw:machinery:filter-press,Machinery,Filter Press,Package008_MSME,mmap-007,PUBLISHED,PUBLISHED,2026-07-25,2026-07-25,66,VST-NEEDS_REVIEW
vw:machinery:flexographic-printing-machine,Machinery,Flexographic Printing Machine,Package008_MSME,mmap-053,PUBLISHED,PUBLISHED,2026-07-25,2026-07-25,67,VST-NEEDS_REVIEW
vw:machinery:flour-mill-rava-unit,Machinery,Flour Mill / Rava Unit,Package008_MSME,mmap-013,PUBLISHED,PUBLISHED,2026-07-25,2026-07-25,66,VST-NEEDS_REVIEW
vw:machinery:forklift-and-material-handling-equipment,Machinery,Forklift and Material Handling Equipment,Package008_MSME,mmap-049,PUBLISHED,PUBLISHED,2026-07-25,2026-07-25,68,VST-NEEDS_REVIEW
vw:machinery:fruit-pulper-and-deseeder,Machinery,Fruit Pulper and Deseeder,Package008_MSME,mmap-014,PUBLISHED,PUBLISHED,2026-07-25,2026-07-25,66,VST-NEEDS_REVIEW
vw:machinery:gpu-compute-owned-or-cloud,Machinery,GPU Compute (owned or cloud),Package008_MSME,mmap-035,PUBLISHED,PUBLISHED,2026-07-25,2026-07-25,64,VST-NEEDS_REVIEW
vw:machinery:grader-and-polisher,Machinery,Grader and Polisher,Package008_MSME,mmap-005,PUBLISHED,PUBLISHED,2026-07-25,2026-07-25,66,VST-NEEDS_REVIEW
vw:machinery:guest-room-furnishing-and-kitchen-equipment,Machinery,Guest Room Furnishing and Kitchen Equipment,Package008_MSME,mmap-034,PUBLISHED,PUBLISHED,2026-07-25,2026-07-25,64,VST-NEEDS_REVIEW
vw:machinery:handloom-artisan-toolset,Machinery,Handloom / Artisan Toolset,Package008_MSME,mmap-045,PUBLISHED,PUBLISHED,2026-07-25,2026-07-25,68,VST-NEEDS_REVIEW
vw:machinery:induction-melting-furnace,Machinery,Induction Melting Furnace,Package008_MSME,mmap-028,PUBLISHED,PUBLISHED,2026-07-25,2026-07-25,66,VST-NEEDS_REVIEW
vw:machinery:industrial-sewing-machines-lockstitch-overlock,Machinery,"Industrial Sewing Machines (lockstitch, overlock)",Package008_MSME,mmap-042,PUBLISHED,PUBLISHED,2026-07-25,2026-07-25,71,VST-NEEDS_REVIEW
vw:machinery:installation-tools-and-safety-equipment,Machinery,Installation Tools and Safety Equipment,Package008_MSME,mmap-037,PUBLISHED,PUBLISHED,2026-07-25,2026-07-25,68,VST-NEEDS_REVIEW
vw:machinery:laser-or-plasma-cutting-machine,Machinery,Laser or Plasma Cutting Machine,Package008_MSME,mmap-022,PUBLISHED,PUBLISHED,2026-07-25,2026-07-25,69,VST-NEEDS_REVIEW
vw:machinery:micro-irrigation-system-drip,Machinery,Micro-Irrigation System (Drip),Package005_Agriculture,fm-015,PUBLISHED,PUBLISHED,2026-07-25,2026-07-25,70,VST-NEEDS_REVIEW
vw:machinery:millet-dehuller,Machinery,Millet Dehuller,Package008_MSME,mmap-012,PUBLISHED,PUBLISHED,2026-07-25,2026-07-25,66,VST-NEEDS_REVIEW
vw:machinery:mixing-and-blending-tanks,Machinery,Mixing and Blending Tanks,Package008_MSME,mmap-058,PUBLISHED,PUBLISHED,2026-07-25,2026-07-25,66,VST-NEEDS_REVIEW
vw:machinery:nonwoven-or-coating-line,Machinery,Nonwoven or Coating Line,Package008_MSME,mmap-046,PUBLISHED,PUBLISHED,2026-07-25,2026-07-25,62,VST-NEEDS_REVIEW
vw:machinery:oil-expeller-cold-press,Machinery,Oil Expeller (Cold Press),Package005_Agriculture,fm-011,PUBLISHED,PUBLISHED,2026-07-25,2026-07-25,67,VST-NEEDS_REVIEW
vw:machinery:plc-and-hmi-development-kit,Machinery,PLC and HMI Development Kit,Package008_MSME,mmap-026,PUBLISHED,PUBLISHED,2026-07-25,2026-07-25,65,VST-NEEDS_REVIEW
vw:machinery:packaging-machine-form-fill-seal,Machinery,Packaging Machine (Form-Fill-Seal),Package005_Agriculture,fm-013,PUBLISHED,PUBLISHED,2026-07-25,2026-07-25,65,VST-NEEDS_REVIEW
vw:machinery:paddy-cleaner-and-destoner,Machinery,Paddy Cleaner and Destoner,Package008_MSME,mmap-002,PUBLISHED,PUBLISHED,2026-07-25,2026-07-25,68,VST-NEEDS_REVIEW
vw:machinery:pelletiser-extruder,Machinery,Pelletiser / Extruder,Package008_MSME,mmap-055,PUBLISHED,PUBLISHED,2026-07-25,2026-07-25,66,VST-NEEDS_REVIEW
vw:machinery:plastic-shredder-and-washing-line,Machinery,Plastic Shredder and Washing Line,Package008_MSME,mmap-054,PUBLISHED,PUBLISHED,2026-07-25,2026-07-25,66,VST-NEEDS_REVIEW
vw:machinery:power-tiller,Machinery,Power Tiller,Package005_Agriculture,fm-005,PUBLISHED,PUBLISHED,2026-07-25,2026-07-25,71,VST-NEEDS_REVIEW
vw:machinery:pulveriser-impact-mill,Machinery,Pulveriser / Impact Mill,Package008_MSME,mmap-009,PUBLISHED,PUBLISHED,2026-07-25,2026-07-25,68,VST-NEEDS_REVIEW
vw:machinery:racking-and-wms-barcode-infrastructure,Machinery,Racking and WMS Barcode Infrastructure,Package008_MSME,mmap-050,PUBLISHED,PUBLISHED,2026-07-25,2026-07-25,66,VST-NEEDS_REVIEW
vw:machinery:rice-mill-mini,Machinery,Rice Mill (Mini),Package005_Agriculture,fm-010,PUBLISHED,PUBLISHED,2026-07-25,2026-07-25,68,VST-NEEDS_REVIEW
vw:machinery:rotavator,Machinery,Rotavator,Package005_Agriculture,fm-002,PUBLISHED,PUBLISHED,2026-07-25,2026-07-25,71,VST-NEEDS_REVIEW
vw:machinery:sand-mixer-and-moulding-line,Machinery,Sand Mixer and Moulding Line,Package008_MSME,mmap-029,PUBLISHED,PUBLISHED,2026-07-25,2026-07-25,65,VST-NEEDS_REVIEW
vw:machinery:seed-drill-seed-cum-ferti-drill,Machinery,Seed Drill / Seed-cum-Ferti Drill,Package005_Agriculture,fm-003,PUBLISHED,PUBLISHED,2026-07-25,2026-07-25,71,VST-NEEDS_REVIEW
vw:machinery:solar-dryer,Machinery,Solar Dryer,Package005_Agriculture,fm-009,PUBLISHED,PUBLISHED,2026-07-25,2026-07-25,64,VST-NEEDS_REVIEW
vw:machinery:solar-module-laminator,Machinery,Solar Module Laminator,Package008_MSME,mmap-038,PUBLISHED,PUBLISHED,2026-07-25,2026-07-25,64,VST-NEEDS_REVIEW
vw:machinery:steam-press-and-finishing-unit,Machinery,Steam Press and Finishing Unit,Package008_MSME,mmap-044,PUBLISHED,PUBLISHED,2026-07-25,2026-07-25,69,VST-NEEDS_REVIEW
vw:machinery:surface-and-cylindrical-grinder,Machinery,Surface and Cylindrical Grinder,Package008_MSME,mmap-025,PUBLISHED,PUBLISHED,2026-07-25,2026-07-25,67,VST-NEEDS_REVIEW
vw:machinery:tractor-35-45-hp,Machinery,Tractor (35-45 HP),Package005_Agriculture,fm-001,PUBLISHED,PUBLISHED,2026-07-25,2026-07-25,72,VST-NEEDS_REVIEW
vw:machinery:training-lab-equipment-and-computers,Machinery,Training Lab Equipment and Computers,Package008_MSME,mmap-062,PUBLISHED,PUBLISHED,2026-07-25,2026-07-25,66,VST-NEEDS_REVIEW
vw:machinery:vermibed-infrastructure-and-shredder,Machinery,Vermibed Infrastructure and Shredder,Package008_MSME,mmap-057,PUBLISHED,PUBLISHED,2026-07-25,2026-07-25,67,VST-NEEDS_REVIEW
vw:machinery:welding-equipment-mig-tig,Machinery,Welding Equipment (MIG/TIG),Package008_MSME,mmap-023,PUBLISHED,PUBLISHED,2026-07-25,2026-07-25,70,VST-NEEDS_REVIEW
vw:machinery:workstations-and-creative-software-licences,Machinery,Workstations and Creative Software Licences,Package008_MSME,mmap-032,PUBLISHED,PUBLISHED,2026-07-25,2026-07-25,67,VST-NEEDS_REVIEW
vw:machinery:workstations-connectivity-and-ups-backup,Machinery,"Workstations, Connectivity and UPS Backup",Package008_MSME,mmap-033,PUBLISHED,PUBLISHED,2026-07-25,2026-07-25,65,VST-NEEDS_REVIEW
vw:market:amazon-marketplace,Market,Amazon Marketplace,Package008_MSME,ch-007,PUBLISHED,PUBLISHED,2026-07-25,2026-07-25,66,VST-NEEDS_REVIEW
vw:market:ancillary-job-work-supply,Market,Ancillary / Job Work Supply,Package008_MSME,ch-004,PUBLISHED,PUBLISHED,2026-07-25,2026-07-25,70,VST-NEEDS_REVIEW
vw:market:direct-b2b-supply,Market,Direct B2B Supply,Package008_MSME,ch-003,PUBLISHED,PUBLISHED,2026-07-25,2026-07-25,71,VST-NEEDS_REVIEW
vw:market:export-channel,Market,Export Channel,Package008_MSME,ch-011,PUBLISHED,PUBLISHED,2026-07-25,2026-07-25,70,VST-NEEDS_REVIEW
vw:market:flipkart-marketplace,Market,Flipkart Marketplace,Package008_MSME,ch-008,PUBLISHED,PUBLISHED,2026-07-25,2026-07-25,66,VST-NEEDS_REVIEW
vw:market:government-procurement-tender,Market,Government Procurement (Tender),Package008_MSME,ch-006,PUBLISHED,PUBLISHED,2026-07-25,2026-07-25,68,VST-NEEDS_REVIEW
vw:market:government-e-marketplace-gem,Market,Government e-Marketplace (GeM),Package008_MSME,ch-005,PUBLISHED,PUBLISHED,2026-07-25,2026-07-25,74,VST-NEEDS_REVIEW
vw:market:local-retail,Market,Local Retail,Package008_MSME,ch-001,PUBLISHED,PUBLISHED,2026-07-25,2026-07-25,70,VST-NEEDS_REVIEW
vw:market:ondc-network,Market,ONDC Network,Package008_MSME,ch-009,PUBLISHED,PUBLISHED,2026-07-25,2026-07-25,62,VST-NEEDS_REVIEW
vw:market:own-digital-storefront,Market,Own Digital Storefront,Package008_MSME,ch-010,PUBLISHED,PUBLISHED,2026-07-25,2026-07-25,66,VST-NEEDS_REVIEW
vw:market:wholesale-and-distributor-network,Market,Wholesale and Distributor Network,Package008_MSME,ch-002,PUBLISHED,PUBLISHED,2026-07-25,2026-07-25,70,VST-NEEDS_REVIEW
vw:rawmaterial:alloy-steel-and-aluminium-bar-stock,RawMaterial,Alloy Steel and Aluminium Bar Stock,Package008_MSME,rmap-014,PUBLISHED,PUBLISHED,2026-07-25,2026-07-25,69,VST-NEEDS_REVIEW
vw:rawmaterial:battery-modules-and-spare-parts,RawMaterial,Battery Modules and Spare Parts,Package008_MSME,rmap-022,PUBLISHED,PUBLISHED,2026-07-25,2026-07-25,62,VST-NEEDS_REVIEW
vw:rawmaterial:cattle-dung-and-farm-waste,RawMaterial,Cattle Dung and Farm Waste,Package008_MSME,rmap-029,PUBLISHED,PUBLISHED,2026-07-25,2026-07-25,67,VST-NEEDS_REVIEW
vw:rawmaterial:charging-hardware-and-transformer,RawMaterial,Charging Hardware and Transformer,Package008_MSME,rmap-021,PUBLISHED,PUBLISHED,2026-07-25,2026-07-25,63,VST-NEEDS_REVIEW
vw:rawmaterial:device-components-and-sterile-packaging,RawMaterial,Device Components and Sterile Packaging,Package008_MSME,rmap-032,PUBLISHED,PUBLISHED,2026-07-25,2026-07-25,60,VST-NEEDS_REVIEW
vw:rawmaterial:end-of-life-electronics,RawMaterial,End-of-Life Electronics,Package008_MSME,rmap-028,PUBLISHED,PUBLISHED,2026-07-25,2026-07-25,63,VST-NEEDS_REVIEW
vw:rawmaterial:fabric-and-trims,RawMaterial,Fabric and Trims,Package008_MSME,rmap-023,PUBLISHED,PUBLISHED,2026-07-25,2026-07-25,70,VST-NEEDS_REVIEW
vw:rawmaterial:kraft-paper-and-ink,RawMaterial,Kraft Paper and Ink,Package008_MSME,rmap-026,PUBLISHED,PUBLISHED,2026-07-25,2026-07-25,68,VST-NEEDS_REVIEW
vw:rawmaterial:ms-and-gi-sheet,RawMaterial,MS and GI Sheet,Package008_MSME,rmap-015,PUBLISHED,PUBLISHED,2026-07-25,2026-07-25,69,VST-NEEDS_REVIEW
vw:rawmaterial:pla-abs-filament-and-photopolymer-resin,RawMaterial,"PLA, ABS Filament and Photopolymer Resin",Package008_MSME,rmap-033,PUBLISHED,PUBLISHED,2026-07-25,2026-07-25,61,VST-NEEDS_REVIEW
vw:rawmaterial:plc-drives-sensors-and-cabling,RawMaterial,"PLC, Drives, Sensors and Cabling",Package008_MSME,rmap-017,PUBLISHED,PUBLISHED,2026-07-25,2026-07-25,65,VST-NEEDS_REVIEW
vw:rawmaterial:pig-iron-and-foundry-scrap,RawMaterial,Pig Iron and Foundry Scrap,Package008_MSME,rmap-019,PUBLISHED,PUBLISHED,2026-07-25,2026-07-25,65,VST-NEEDS_REVIEW
vw:rawmaterial:post-consumer-plastic-waste,RawMaterial,Post-Consumer Plastic Waste,Package008_MSME,rmap-027,PUBLISHED,PUBLISHED,2026-07-25,2026-07-25,65,VST-NEEDS_REVIEW
vw:rawmaterial:reagents-and-consumables,RawMaterial,Reagents and Consumables,Package008_MSME,rmap-031,PUBLISHED,PUBLISHED,2026-07-25,2026-07-25,65,VST-NEEDS_REVIEW
vw:rawmaterial:sesame,RawMaterial,Sesame,Package008_MSME,rmap-005,PUBLISHED,PUBLISHED,2026-07-25,2026-07-25,64,VST-NEEDS_REVIEW
vw:rawmaterial:solar-cells-glass-eva-and-backsheet,RawMaterial,"Solar Cells, Glass, EVA and Backsheet",Package008_MSME,rmap-020,PUBLISHED,PUBLISHED,2026-07-25,2026-07-25,63,VST-NEEDS_REVIEW
vw:rawmaterial:surfactants-builders-and-fragrance,RawMaterial,"Surfactants, Builders and Fragrance",Package008_MSME,rmap-030,PUBLISHED,PUBLISHED,2026-07-25,2026-07-25,66,VST-NEEDS_REVIEW
vw:rawmaterial:switchgear-busbar-and-enclosures,RawMaterial,"Switchgear, Busbar and Enclosures",Package008_MSME,rmap-018,PUBLISHED,PUBLISHED,2026-07-25,2026-07-25,67,VST-NEEDS_REVIEW
vw:rawmaterial:technical-fibre-and-coating-chemicals,RawMaterial,Technical Fibre and Coating Chemicals,Package008_MSME,rmap-025,PUBLISHED,PUBLISHED,2026-07-25,2026-07-25,61,VST-NEEDS_REVIEW
vw:rawmaterial:tool-steel-d2-h13,RawMaterial,"Tool Steel (D2, H13)",Package008_MSME,rmap-016,PUBLISHED,PUBLISHED,2026-07-25,2026-07-25,66,VST-NEEDS_REVIEW
vw:rawmaterial:vegetables-and-provisions,RawMaterial,Vegetables and Provisions,Package008_MSME,rmap-013,PUBLISHED,PUBLISHED,2026-07-25,2026-07-25,62,VST-NEEDS_REVIEW
vw:skill:ai-model-training,Skill,AI Model Training,Package006_Skills_and_Training,d621a7cc-ae05-4315-b54f-db9c9095e081,PUBLISHED,PUBLISHED,2026-07-25,2026-07-25,68,VST-NEEDS_REVIEW
vw:skill:aws-azure-cloud-administration,Skill,AWS/Azure Cloud Administration,Package006_Skills_and_Training,adf0cd56-14f7-4f77-9d56-2bc906561d8a,PUBLISHED,PUBLISHED,2026-07-25,2026-07-25,72,VST-NEEDS_REVIEW
vw:skill:automobile-mechanic-diesel-petrol,Skill,Automobile Mechanic (Diesel/Petrol),Package006_Skills_and_Training,0149a497-5b7b-4883-a1dd-4bedda9ba9c0,PUBLISHED,PUBLISHED,2026-07-25,2026-07-25,77,VST-NEEDS_REVIEW
vw:skill:bakery-production,Skill,Bakery Production,Package006_Skills_and_Training,8fe1a461-1bb2-4a36-acc3-714cee61c56b,PUBLISHED,PUBLISHED,2026-07-25,2026-07-25,68,VST-NEEDS_REVIEW
vw:skill:big-data-analysis,Skill,Big Data Analysis,Package006_Skills_and_Training,f005f7b8-15d0-413b-92dd-1a9cde45aa3f,PUBLISHED,PUBLISHED,2026-07-25,2026-07-25,67,VST-NEEDS_REVIEW
vw:skill:cad-cam-design,Skill,CAD/CAM Design,Package006_Skills_and_Training,8834c2ff-c6e9-4bb4-89e1-51fd5e1035fb,PUBLISHED,PUBLISHED,2026-07-25,2026-07-25,72,VST-NEEDS_REVIEW
vw:skill:cnc-machine-operator,Skill,CNC Machine Operator,Package006_Skills_and_Training,89f0fae4-7470-41a9-8c96-170267d50d6e,PUBLISHED,PUBLISHED,2026-07-25,2026-07-25,76,VST-NEEDS_REVIEW
vw:skill:carpentry,Skill,Carpentry,Package006_Skills_and_Training,ef2400ab-5de1-4caa-ae37-f45fda926ea6,PUBLISHED,PUBLISHED,2026-07-25,2026-07-25,72,VST-NEEDS_REVIEW
vw:skill:data-scientist,Skill,Data Scientist,Package006_Skills_and_Training,f809e001-d1c7-4b1a-896e-ecc81310cc07,PUBLISHED,PUBLISHED,2026-07-25,2026-07-25,70,VST-NEEDS_REVIEW
vw:skill:database-administration-sql-nosql,Skill,Database Administration (SQL/NoSQL),Package006_Skills_and_Training,46b1872f-ad46-4d62-b964-85a598daa13f,PUBLISHED,PUBLISHED,2026-07-25,2026-07-25,70,VST-NEEDS_REVIEW
vw:skill:drone-piloting-and-operations,Skill,Drone Piloting & Operations,Package006_Skills_and_Training,886dfc3b-8fa4-490e-973c-2c0e6f108590,PUBLISHED,PUBLISHED,2026-07-25,2026-07-25,65,VST-NEEDS_REVIEW
vw:skill:ev-technician,Skill,EV Technician,Package006_Skills_and_Training,37f56608-1c22-4e5d-8f4d-8b2f17fe0134,PUBLISHED,PUBLISHED,2026-07-25,2026-07-25,65,VST-NEEDS_REVIEW
vw:skill:electrician-domestic-wiring,Skill,Electrician (Domestic Wiring),Package006_Skills_and_Training,22fcaac1-6b74-4c59-bc65-e16f4cf8b23c,PUBLISHED,PUBLISHED,2026-07-25,2026-07-25,80,VST-NEEDS_REVIEW
vw:skill:electronics-repair-and-maintenance,Skill,Electronics Repair & Maintenance,Package006_Skills_and_Training,ce7a97e5-52d6-466e-b4c3-aef5f604f808,PUBLISHED,PUBLISHED,2026-07-25,2026-07-25,68,VST-NEEDS_REVIEW
vw:skill:ethical-hacking-and-penetration-testing,Skill,Ethical Hacking & Penetration Testing,Package006_Skills_and_Training,232d5672-24d6-4570-8688-4592c87a3a47,PUBLISHED,PUBLISHED,2026-07-25,2026-07-25,70,VST-NEEDS_REVIEW
vw:skill:food-processing-and-preservation,Skill,Food Processing & Preservation,Package006_Skills_and_Training,e9a9d72b-0c80-4932-b907-ffc466d58717,PUBLISHED,PUBLISHED,2026-07-25,2026-07-25,70,VST-NEEDS_REVIEW
vw:skill:food-service-and-culinary-arts,Skill,Food Service & Culinary Arts,Package006_Skills_and_Training,9e12587d-74b2-4945-a9dc-800f8cb801b5,PUBLISHED,PUBLISHED,2026-07-25,2026-07-25,71,VST-NEEDS_REVIEW
vw:skill:full-stack-web-development,Skill,Full Stack Web Development,Package006_Skills_and_Training,2165f626-a237-4d19-8158-888051b2c797,PUBLISHED,PUBLISHED,2026-07-25,2026-07-25,72,VST-NEEDS_REVIEW
vw:skill:garment-manufacturing-stitching,Skill,Garment Manufacturing (Stitching),Package006_Skills_and_Training,41c5ee54-daba-4a8c-963d-b5b5bb6088fd,PUBLISHED,PUBLISHED,2026-07-25,2026-07-25,68,VST-NEEDS_REVIEW
vw:skill:hvac-technician,Skill,HVAC Technician,Package006_Skills_and_Training,64b32311-f2ef-4516-b39b-e6ec02223468,PUBLISHED,PUBLISHED,2026-07-25,2026-07-25,65,VST-NEEDS_REVIEW
vw:skill:hotel-management-and-front-office,Skill,Hotel Management & Front Office,Package006_Skills_and_Training,cb0f6c81-5ec8-4024-b6d3-62b0a86ef255,PUBLISHED,PUBLISHED,2026-07-25,2026-07-25,69,VST-NEEDS_REVIEW
vw:skill:industrial-electrician,Skill,Industrial Electrician,Package006_Skills_and_Training,125cc855-d61d-4a47-b55f-47edfc2eb436,PUBLISHED,PUBLISHED,2026-07-25,2026-07-25,77,VST-NEEDS_REVIEW
vw:skill:industrial-robotics,Skill,Industrial Robotics,Package006_Skills_and_Training,b064e4d0-4bf8-485b-a951-0e0b3ee86f0c,PUBLISHED,PUBLISHED,2026-07-25,2026-07-25,70,VST-NEEDS_REVIEW
vw:skill:iot-systems-development,Skill,IoT Systems Development,Package006_Skills_and_Training,2ebdd281-e3f8-403c-a81d-878a7e16c745,PUBLISHED,PUBLISHED,2026-07-25,2026-07-25,68,VST-NEEDS_REVIEW
vw:skill:lathe-operation,Skill,Lathe Operation,Package006_Skills_and_Training,5ed52834-8056-4de7-a537-bfe69e10fc45,PUBLISHED,PUBLISHED,2026-07-25,2026-07-25,75,VST-NEEDS_REVIEW
vw:skill:machine-learning-engineer,Skill,Machine Learning Engineer,Package006_Skills_and_Training,6d378e94-2808-48ab-88a7-4a8117a12d86,PUBLISHED,PUBLISHED,2026-07-25,2026-07-25,72,VST-NEEDS_REVIEW
vw:skill:masonry-and-brickwork,Skill,Masonry & Brickwork,Package006_Skills_and_Training,c8bcd555-1120-4d12-90a7-336fe27250bc,PUBLISHED,PUBLISHED,2026-07-25,2026-07-25,70,VST-NEEDS_REVIEW
vw:skill:microcontroller-programming,Skill,Microcontroller Programming,Package006_Skills_and_Training,32ae2721-70b4-440b-a83b-63fdfa6988ea,PUBLISHED,PUBLISHED,2026-07-25,2026-07-25,68,VST-NEEDS_REVIEW
vw:skill:mobile-app-development-android-ios,Skill,Mobile App Development (Android/iOS),Package006_Skills_and_Training,98de4aa6-5ef6-4c22-a9bd-eb2bfc848347,PUBLISHED,PUBLISHED,2026-07-25,2026-07-25,70,VST-NEEDS_REVIEW
vw:skill:modern-farming-techniques,Skill,Modern Farming Techniques,Package006_Skills_and_Training,6e1063d5-3c2e-4c49-a8c9-59aa381554a7,PUBLISHED,PUBLISHED,2026-07-25,2026-07-25,68,VST-NEEDS_REVIEW
vw:skill:nursing-assistant-multipurpose-health-worker,Skill,Nursing Assistant / Multipurpose Health Worker,Package006_Skills_and_Training,e5f2808b-7548-4b6f-b5c9-7a7ca579d26c,PUBLISHED,PUBLISHED,2026-07-25,2026-07-25,67,VST-NEEDS_REVIEW
vw:skill:organic-farming,Skill,Organic Farming,Package006_Skills_and_Training,28856a79-9005-4630-92b2-17ace673fe72,PUBLISHED,PUBLISHED,2026-07-25,2026-07-25,65,VST-NEEDS_REVIEW
vw:skill:pcb-assembly-and-soldering,Skill,PCB Assembly & Soldering,Package006_Skills_and_Training,53571913-32a7-4e23-bb80-2fc9b3a29fbd,PUBLISHED,PUBLISHED,2026-07-25,2026-07-25,70,VST-NEEDS_REVIEW
vw:skill:plc-programming-and-control-systems,Skill,PLC Programming & Control Systems,Package006_Skills_and_Training,4fce613f-3b4b-4d3b-be7f-2bd80afb74f0,PUBLISHED,PUBLISHED,2026-07-25,2026-07-25,71,VST-NEEDS_REVIEW
vw:skill:plumbing,Skill,Plumbing,Package006_Skills_and_Training,24328d37-c789-4100-9a1d-5ecfdf10f0e5,PUBLISHED,PUBLISHED,2026-07-25,2026-07-25,75,VST-NEEDS_REVIEW
vw:skill:power-distribution-technician,Skill,Power Distribution Technician,Package006_Skills_and_Training,104601f6-e61e-40ce-9e13-11d359bea41c,PUBLISHED,PUBLISHED,2026-07-25,2026-07-25,72,VST-NEEDS_REVIEW
vw:skill:precision-agriculture-and-iot,Skill,Precision Agriculture & IoT,Package006_Skills_and_Training,6b7f03f2-6f23-4fbb-9daf-b13d8b85d4b8,PUBLISHED,PUBLISHED,2026-07-25,2026-07-25,62,VST-NEEDS_REVIEW
vw:skill:python-programming,Skill,Python Programming,Package006_Skills_and_Training,6b6a3246-5d58-4e5e-8841-5249b5ea8ee8,PUBLISHED,PUBLISHED,2026-07-25,2026-07-25,75,VST-NEEDS_REVIEW
vw:skill:solar-panel-installation-and-maintenance,Skill,Solar Panel Installation & Maintenance,Package006_Skills_and_Training,0e14691c-d784-4fe8-913c-c590b17ef606,PUBLISHED,PUBLISHED,2026-07-25,2026-07-25,72,VST-NEEDS_REVIEW
vw:skill:supply-chain-logistics,Skill,Supply Chain Logistics,Package006_Skills_and_Training,f4c16bfc-5142-4915-bdb8-f2b71907a4cf,PUBLISHED,PUBLISHED,2026-07-25,2026-07-25,64,VST-NEEDS_REVIEW
vw:skill:two-wheeler-mechanic,Skill,Two-Wheeler Mechanic,Package006_Skills_and_Training,11fac637-12d6-4a44-ba21-67cd55427e80,PUBLISHED,PUBLISHED,2026-07-25,2026-07-25,74,VST-NEEDS_REVIEW
vw:skill:video-editing-and-content-creation,Skill,Video Editing & Content Creation,Package006_Skills_and_Training,4bf4389d-7b81-4958-9ac4-f52382a8ba4d,PUBLISHED,PUBLISHED,2026-07-25,2026-07-25,65,VST-NEEDS_REVIEW
vw:skill:warehouse-management,Skill,Warehouse Management,Package006_Skills_and_Training,079afaaf-7ba5-4d3c-900f-1ed19563b90f,PUBLISHED,PUBLISHED,2026-07-25,2026-07-25,66,VST-NEEDS_REVIEW
vw:skill:welding-mig-tig-arc,Skill,Welding (MIG/TIG/Arc),Package006_Skills_and_Training,54808f3c-7c7c-4326-8736-5cdb7c509024,PUBLISHED,PUBLISHED,2026-07-25,2026-07-25,78,VST-NEEDS_REVIEW
vw:skill:wind-energy-technician,Skill,Wind Energy Technician,Package006_Skills_and_Training,a0f7a5a5-15de-4111-8e0f-1d45cf9b3e65,PUBLISHED,PUBLISHED,2026-07-25,2026-07-25,63,VST-NEEDS_REVIEW
vw:soil:acidic,Soil,Acidic,Package005_Agriculture,st-009,PUBLISHED,PUBLISHED,2026-07-25,2026-07-25,73,VST-NEEDS_REVIEW
vw:soil:alkaline,Soil,Alkaline,Package005_Agriculture,st-010,PUBLISHED,PUBLISHED,2026-07-25,2026-07-25,74,VST-NEEDS_REVIEW
vw:soil:alluvial,Soil,Alluvial,Package005_Agriculture,st-003,PUBLISHED,PUBLISHED,2026-07-25,2026-07-25,78,VST-NEEDS_REVIEW
vw:soil:black-soil,Soil,Black Soil,Package005_Agriculture,st-001,PUBLISHED,PUBLISHED,2026-07-25,2026-07-25,78,VST-NEEDS_REVIEW
vw:soil:clay,Soil,Clay,Package005_Agriculture,st-007,PUBLISHED,PUBLISHED,2026-07-25,2026-07-25,75,VST-NEEDS_REVIEW
vw:soil:laterite,Soil,Laterite,Package005_Agriculture,st-004,PUBLISHED,PUBLISHED,2026-07-25,2026-07-25,76,VST-NEEDS_REVIEW
vw:soil:loamy,Soil,Loamy,Package005_Agriculture,st-006,PUBLISHED,PUBLISHED,2026-07-25,2026-07-25,77,VST-NEEDS_REVIEW
vw:soil:red-soil,Soil,Red Soil,Package005_Agriculture,st-002,PUBLISHED,PUBLISHED,2026-07-25,2026-07-25,77,VST-NEEDS_REVIEW
vw:soil:saline,Soil,Saline,Package005_Agriculture,st-008,PUBLISHED,PUBLISHED,2026-07-25,2026-07-25,72,VST-NEEDS_REVIEW
vw:soil:sandy,Soil,Sandy,Package005_Agriculture,st-005,PUBLISHED,PUBLISHED,2026-07-25,2026-07-25,75,VST-NEEDS_REVIEW
vw:state:andhra-pradesh,State,Andhra Pradesh,Package001_Geography,4be0a0a0-5a89-418a-b699-356a073c7418,PUBLISHED,PUBLISHED,2026-07-25,2026-07-25,80,VST-NEEDS_REVIEW
vw:state:telangana,State,Telangana,Package001_Geography,ea529eee-b05d-46b5-b556-c0b70c8e2186,PUBLISHED,PUBLISHED,2026-07-25,2026-07-25,85,VST-NEEDS_REVIEW
vw:trainingprovider:apssdc-andhra-pradesh-state-skill-development-corporation,TrainingProvider,APSSDC -- Andhra Pradesh State Skill Development Corporation,Package006_Skills_and_Training,9d801387-aa24-4f25-9432-1e29cfbc12e0,PUBLISHED,PUBLISHED,2026-07-25,2026-07-25,71,VST-NEEDS_REVIEW
vw:trainingprovider:cadd-centre-training-services,TrainingProvider,CADD Centre Training Services,Package006_Skills_and_Training,9a6765cd-70e1-44be-9750-a1b959264824,PUBLISHED,PUBLISHED,2026-07-25,2026-07-25,55,VST-NEEDS_REVIEW
vw:trainingprovider:dgt-directorate-general-of-training,TrainingProvider,DGT -- Directorate General of Training,Package006_Skills_and_Training,76f27b6e-0e08-4f36-ab40-39c8a15c307e,PUBLISHED,PUBLISHED,2026-07-25,2026-07-25,75,VST-NEEDS_REVIEW
vw:trainingprovider:engineering-colleges-aicte-community-college-scheme-vocational-add-on-programmes,TrainingProvider,Engineering Colleges -- AICTE Community College Scheme (Vocational Add-on Programmes),Package006_Skills_and_Training,338efb2e-711d-4253-8465-b2983a4a0954,PUBLISHED,PUBLISHED,2026-07-25,2026-07-25,60,VST-NEEDS_REVIEW
vw:trainingprovider:futureskills-prime-meity-nasscom,TrainingProvider,FutureSkills Prime (MeitY-NASSCOM),Package006_Skills_and_Training,79ad7bb3-1d07-4823-809c-b40cb128a058,PUBLISHED,PUBLISHED,2026-07-25,2026-07-25,71,VST-NEEDS_REVIEW
vw:trainingprovider:government-polytechnic-masab-tank-hyderabad,TrainingProvider,"Government Polytechnic, Masab Tank (Hyderabad)",Package006_Skills_and_Training,32c60a39-4624-427e-92a7-5d82555d82e4,PUBLISHED,PUBLISHED,2026-07-25,2026-07-25,62,VST-NEEDS_REVIEW
vw:trainingprovider:industrial-training-institutes-iti-andhra-pradesh,TrainingProvider,Industrial Training Institutes (ITI) -- Andhra Pradesh,Package006_Skills_and_Training,c80e09d3-50b0-4b42-804e-4d2066964c9b,PUBLISHED,PUBLISHED,2026-07-25,2026-07-25,58,VST-NEEDS_REVIEW
vw:trainingprovider:industrial-training-institutes-iti-telangana,TrainingProvider,Industrial Training Institutes (ITI) -- Telangana,Package006_Skills_and_Training,77d80937-c68b-4317-bad7-dc5e72e3f8d5,PUBLISHED,PUBLISHED,2026-07-25,2026-07-25,76,VST-NEEDS_REVIEW
vw:trainingprovider:maruti-suzuki-automobile-skill-enhancement-centres-asec,TrainingProvider,Maruti Suzuki Automobile Skill Enhancement Centres (ASEC),Package006_Skills_and_Training,765507a5-ca9c-4f59-9a2d-6f776f1fe72f,PUBLISHED,PUBLISHED,2026-07-25,2026-07-25,58,VST-NEEDS_REVIEW
vw:trainingprovider:maruti-suzuki-training-academy-msta-nsdc-training-partner,TrainingProvider,Maruti Suzuki Training Academy (MSTA) -- NSDC Training Partner,Package006_Skills_and_Training,fc2661b9-51af-44fa-aa7b-16fdd4dacae8,PUBLISHED,PUBLISHED,2026-07-25,2026-07-25,58,VST-NEEDS_REVIEW
vw:trainingprovider:nielit-hyderabad-centre,TrainingProvider,NIELIT -- Hyderabad Centre,Package006_Skills_and_Training,c498cb8c-dc18-4cab-9092-24afbf1f3029,PUBLISHED,PUBLISHED,2026-07-25,2026-07-25,73,VST-NEEDS_REVIEW
vw:trainingprovider:niit,TrainingProvider,NIIT,Package006_Skills_and_Training,64369762-7728-47f1-9bb0-22ff1f30cc57,PUBLISHED,PUBLISHED,2026-07-25,2026-07-25,55,VST-NEEDS_REVIEW
vw:trainingprovider:nptel-national-programme-on-technology-enhanced-learning,TrainingProvider,NPTEL -- National Programme on Technology Enhanced Learning,Package006_Skills_and_Training,3e79068b-8181-4fe7-805e-efb84f8074d8,PUBLISHED,PUBLISHED,2026-07-25,2026-07-25,78,VST-NEEDS_REVIEW
vw:trainingprovider:nsdc-national-skill-development-corporation,TrainingProvider,NSDC -- National Skill Development Corporation,Package006_Skills_and_Training,636dc4e3-fa5b-4298-9256-37afe517729a,PUBLISHED,PUBLISHED,2026-07-25,2026-07-25,75,VST-NEEDS_REVIEW
vw:trainingprovider:national-academy-of-construction-nac-hyderabad,TrainingProvider,"National Academy of Construction (NAC), Hyderabad",Package006_Skills_and_Training,feeb280d-3870-455e-9c4d-548fbffb1bc3,PUBLISHED,PUBLISHED,2026-07-25,2026-07-25,58,VST-NEEDS_REVIEW
vw:trainingprovider:national-skill-training-institutes-nsti-and-nsti-women-network-dgt,TrainingProvider,National Skill Training Institutes (NSTI) & NSTI (Women) Network -- DGT,Package006_Skills_and_Training,01491c63-dca5-4e81-9e03-9129a1cece57,PUBLISHED,PUBLISHED,2026-07-25,2026-07-25,74,VST-NEEDS_REVIEW
vw:trainingprovider:polytechnic-colleges-sbtet-andhra-pradesh,TrainingProvider,Polytechnic Colleges (SBTET) -- Andhra Pradesh,Package006_Skills_and_Training,4fa3ad1e-b5f1-43c0-b7c1-8662246ec0f9,PUBLISHED,PUBLISHED,2026-07-25,2026-07-25,56,VST-NEEDS_REVIEW
vw:trainingprovider:polytechnic-colleges-sbtet-telangana,TrainingProvider,Polytechnic Colleges (SBTET) -- Telangana,Package006_Skills_and_Training,bb6a6555-cb26-47cb-886f-4a4463de1e0c,PUBLISHED,PUBLISHED,2026-07-25,2026-07-25,56,VST-NEEDS_REVIEW
vw:trainingprovider:pradhan-mantri-kaushal-kendra-pmkk-network,TrainingProvider,Pradhan Mantri Kaushal Kendra (PMKK) Network,Package006_Skills_and_Training,c8aae477-e6ca-4527-9728-8268d56bc1e2,PUBLISHED,PUBLISHED,2026-07-25,2026-07-25,66,VST-NEEDS_REVIEW
vw:trainingprovider:swayam-study-webs-of-active-learning-for-young-aspiring-minds,TrainingProvider,SWAYAM -- Study Webs of Active-Learning for Young Aspiring Minds,Package006_Skills_and_Training,9e4c4a98-2b62-4f57-b6bc-14147914eced,PUBLISHED,PUBLISHED,2026-07-25,2026-07-25,78,VST-NEEDS_REVIEW
vw:trainingprovider:siemens-centres-of-excellence-coe-andhra-pradesh-apssdc-partnership,TrainingProvider,Siemens Centres of Excellence (COE) -- Andhra Pradesh (APSSDC Partnership),Package006_Skills_and_Training,f7a1e64c-fc9d-4b42-a2cf-914b30c36656,PUBLISHED,PUBLISHED,2026-07-25,2026-07-25,58,VST-NEEDS_REVIEW
vw:trainingprovider:skill-india-digital-hub-sidh,TrainingProvider,Skill India Digital Hub (SIDH),Package006_Skills_and_Training,446beaa1-002d-4771-a86d-829e1c6f4a5d,PUBLISHED,PUBLISHED,2026-07-25,2026-07-25,74,VST-NEEDS_REVIEW
vw:trainingprovider:task-telangana-academy-for-skill-and-knowledge,TrainingProvider,TASK -- Telangana Academy for Skill and Knowledge,Package006_Skills_and_Training,cd4a0557-d0d2-4a50-8e7c-78408f5b6759,PUBLISHED,PUBLISHED,2026-07-25,2026-07-25,73,VST-NEEDS_REVIEW
vw:trainingprovider:young-india-skills-university-yisu-hyderabad,TrainingProvider,"Young India Skills University (YISU), Hyderabad",Package006_Skills_and_Training,ff60e196-183b-4323-b6d0-d012e68ca47a,PUBLISHED,PUBLISHED,2026-07-25,2026-07-25,73,VST-NEEDS_REVIEW
vw:trainingprovider:upgrad,TrainingProvider,upGrad,Package006_Skills_and_Training,6ff52f66-724f-4d4e-b7f4-e2b066a8f810,PUBLISHED,PUBLISHED,2026-07-25,2026-07-25,58,VST-NEEDS_REVIEW
